-- --------------------------------------------------------
-- 호스트:                          dusthgks.cafe24.com
-- 서버 버전:                        10.1.13-MariaDB - MariaDB Server
-- 서버 OS:                        Linux
-- HeidiSQL 버전:                  10.1.0.5464
-- --------------------------------------------------------

/*!40101 SET @OLD_CHARACTER_SET_CLIENT=@@CHARACTER_SET_CLIENT */;
/*!40101 SET NAMES utf8 */;
/*!50503 SET NAMES utf8mb4 */;
/*!40014 SET @OLD_FOREIGN_KEY_CHECKS=@@FOREIGN_KEY_CHECKS, FOREIGN_KEY_CHECKS=0 */;
/*!40101 SET @OLD_SQL_MODE=@@SQL_MODE, SQL_MODE='NO_AUTO_VALUE_ON_ZERO' */;


-- dusthgks 데이터베이스 구조 내보내기
CREATE DATABASE IF NOT EXISTS `dusthgks` /*!40100 DEFAULT CHARACTER SET utf8 */;
USE `dusthgks`;

-- 테이블 dusthgks.01_Area 구조 내보내기
CREATE TABLE IF NOT EXISTS `01_Area` (
  `area_cd` varchar(50) NOT NULL COMMENT '전국지역코드',
  `area_nm` varchar(50) DEFAULT NULL COMMENT '지역명',
  PRIMARY KEY (`area_cd`)
) ENGINE=InnoDB DEFAULT CHARSET=utf8 COMMENT='전국 지역관리';

-- 테이블 데이터 dusthgks.01_Area:~17 rows (대략적) 내보내기
/*!40000 ALTER TABLE `01_Area` DISABLE KEYS */;
INSERT INTO `01_Area` (`area_cd`, `area_nm`) VALUES
	('11', '서울특별시'),
	('21', '부산광역시'),
	('22', '대구광역시'),
	('23', '인천광역시'),
	('24', '광주광역시'),
	('25', '대전광역시'),
	('26', '울산광역시'),
	('29', '세종특별자치시'),
	('31', '경기도'),
	('32', '강원도'),
	('33', '충청북도'),
	('34', '충청남도'),
	('35', '전라북도'),
	('36', '전라남도'),
	('37', '경상북도'),
	('38', '경상남도'),
	('39', '제주특별자치도');
/*!40000 ALTER TABLE `01_Area` ENABLE KEYS */;

-- 테이블 dusthgks.02_Area_City 구조 내보내기
CREATE TABLE IF NOT EXISTS `02_Area_City` (
  `area_city_cd` varchar(50) NOT NULL COMMENT '모든 지역 시군코드',
  `area_cd` varchar(50) DEFAULT NULL COMMENT '전국지역코드',
  `area_city_nm` varchar(50) DEFAULT NULL COMMENT '시군명',
  PRIMARY KEY (`area_city_cd`),
  KEY `FK_01_Area_TO_02_Area_City` (`area_cd`),
  CONSTRAINT `FK_01_Area_TO_02_Area_City` FOREIGN KEY (`area_cd`) REFERENCES `01_Area` (`area_cd`)
) ENGINE=InnoDB DEFAULT CHARSET=utf8 COMMENT='모든 지역 시군관리';

-- 테이블 데이터 dusthgks.02_Area_City:~14 rows (대략적) 내보내기
/*!40000 ALTER TABLE `02_Area_City` DISABLE KEYS */;
INSERT INTO `02_Area_City` (`area_city_cd`, `area_cd`, `area_city_nm`) VALUES
	('35010', '35', '전주시'),
	('35011', '35', '군산시'),
	('35012', '35', '익산시'),
	('35013', '35', '정읍시'),
	('35014', '35', '남원시'),
	('35015', '35', '김제시'),
	('35016', '35', '완주군'),
	('35017', '35', '진안군'),
	('35018', '35', '무주군'),
	('35019', '35', '장수군'),
	('35020', '35', '임실군'),
	('35021', '35', '순창군'),
	('35022', '35', '고창군'),
	('35023', '35', '부안군');
/*!40000 ALTER TABLE `02_Area_City` ENABLE KEYS */;

-- 테이블 dusthgks.03_Area_City_Admin 구조 내보내기
CREATE TABLE IF NOT EXISTS `03_Area_City_Admin` (
  `areacity_admin_cd` varchar(50) NOT NULL COMMENT '모든 행정기관코드',
  `area_city_cd` varchar(50) DEFAULT NULL COMMENT '모든 지역 시군코드',
  `area_cd` varchar(50) DEFAULT NULL COMMENT '전국지역코드',
  `areacity_admin_nm` varchar(50) DEFAULT NULL COMMENT '행정기관명',
  PRIMARY KEY (`areacity_admin_cd`),
  KEY `FK_02_Area_City_TO_03_Area_City_Admin` (`area_city_cd`),
  KEY `FK_01_Area_TO_03_Area_City_Admin2` (`area_cd`),
  CONSTRAINT `FK_01_Area_TO_03_Area_City_Admin` FOREIGN KEY (`area_cd`) REFERENCES `01_Area` (`area_cd`),
  CONSTRAINT `FK_01_Area_TO_03_Area_City_Admin2` FOREIGN KEY (`area_cd`) REFERENCES `01_Area` (`area_cd`),
  CONSTRAINT `FK_02_Area_City_TO_03_Area_City_Admin` FOREIGN KEY (`area_city_cd`) REFERENCES `02_Area_City` (`area_city_cd`)
) ENGINE=InnoDB DEFAULT CHARSET=utf8 COMMENT='모든 행정기관관리';

-- 테이블 데이터 dusthgks.03_Area_City_Admin:~15 rows (대략적) 내보내기
/*!40000 ALTER TABLE `03_Area_City_Admin` DISABLE KEYS */;
INSERT INTO `03_Area_City_Admin` (`areacity_admin_cd`, `area_city_cd`, `area_cd`, `areacity_admin_nm`) VALUES
	('admin_35', '35010', '35', '전라북도청'),
	('admin_36', '35010', '35', '전주시청'),
	('admin_37', '35011', '35', '군산시청'),
	('admin_38', '35012', '35', '익산시청'),
	('admin_39', '35013', '35', '정읍시청'),
	('admin_40', '35014', '35', '남원시청'),
	('admin_41', '35015', '35', '김제시청'),
	('admin_42', '35016', '35', '완주군청'),
	('admin_43', '35017', '35', '진안군청'),
	('admin_44', '35018', '35', '무주군청'),
	('admin_45', '35019', '35', '장수군청'),
	('admin_46', '35020', '35', '임실군청'),
	('admin_47', '35021', '35', '순창군청'),
	('admin_48', '35022', '35', '고창군청'),
	('admin_49', '35023', '35', '부안군청');
/*!40000 ALTER TABLE `03_Area_City_Admin` ENABLE KEYS */;

-- 테이블 dusthgks.04_Admin_Depart 구조 내보내기
CREATE TABLE IF NOT EXISTS `04_Admin_Depart` (
  `admin_dep_cd` varchar(50) NOT NULL COMMENT '모든 행정기관 부서코드',
  `areacity_admin_cd` varchar(50) DEFAULT NULL COMMENT '모든 행정기관코드',
  `admin_dep_belong` varchar(50) DEFAULT NULL COMMENT '실국명',
  `admin_dep_nm` varchar(50) DEFAULT NULL COMMENT '부서명',
  PRIMARY KEY (`admin_dep_cd`),
  KEY `FK_03_Area_City_Admin_TO_04_Admin_Depart` (`areacity_admin_cd`),
  CONSTRAINT `FK_03_Area_City_Admin_TO_04_Admin_Depart` FOREIGN KEY (`areacity_admin_cd`) REFERENCES `03_Area_City_Admin` (`areacity_admin_cd`)
) ENGINE=InnoDB DEFAULT CHARSET=utf8 COMMENT='모든 행정기관 부서관리';

-- 테이블 데이터 dusthgks.04_Admin_Depart:~29 rows (대략적) 내보내기
/*!40000 ALTER TABLE `04_Admin_Depart` DISABLE KEYS */;
INSERT INTO `04_Admin_Depart` (`admin_dep_cd`, `areacity_admin_cd`, `admin_dep_belong`, `admin_dep_nm`) VALUES
	('depart_35001', 'admin_35', '기획조정실', '정책기획관'),
	('depart_35002', 'admin_35', '기획조정실', '예산과'),
	('depart_35003', 'admin_35', '기획조정실', '정보화총괄과'),
	('depart_35004', 'admin_35', '기획조정실', '법무행정과'),
	('depart_35005', 'admin_35', '기획조정실', '대도약기획단'),
	('depart_35006', 'admin_35', '기획조정실', '잼버리추진단'),
	('depart_35007', 'admin_35', '도민안전실', '안전정책관'),
	('depart_35008', 'admin_35', '도민안전실', '사회재난과'),
	('depart_35009', 'admin_35', '도민안전실', '자연재난과'),
	('depart_35010', 'admin_35', '일자리경제국', '일자리정책관'),
	('depart_35011', 'admin_35', '일자리경제국', '투자금융과'),
	('depart_35012', 'admin_35', '일자리경제국', '기업지원과'),
	('depart_35013', 'admin_35', '일자리경제국', '사회적경제과'),
	('depart_35014', 'admin_35', '농축수산식품국', '농업정책과'),
	('depart_35015', 'admin_35', '농축수산식품국', '농촌활력과'),
	('depart_35016', 'admin_35', '농축수산식품국', '농산유통과'),
	('depart_35017', 'admin_35', '농축수산식품국', '농식품산업과'),
	('depart_35018', 'admin_35', '농축수산식품국', '축산과'),
	('depart_35019', 'admin_35', '문화체육관광국', '문화예술과'),
	('depart_35020', 'admin_35', '문화체육관광국', '관광총괄과'),
	('depart_35021', 'admin_35', '문화체육관광국', '체육정책과'),
	('depart_35022', 'admin_35', '문화체육관광국', '문화유산과'),
	('depart_35023', 'admin_35', '문화체육관광국', '생활체육대축전추진단'),
	('depart_35024', 'admin_35', '환경녹지국', '환경보전과'),
	('depart_35025', 'admin_35', '환경녹지국', '자연생태과'),
	('depart_35026', 'admin_35', '환경녹지국', '산림녹지과'),
	('depart_35027', 'admin_35', '대외협력국', '정무기획과'),
	('depart_35028', 'admin_35', '대외협력국', '홍보기획과'),
	('depart_35029', 'admin_35', '대외협력국', '국제협력과');
/*!40000 ALTER TABLE `04_Admin_Depart` ENABLE KEYS */;

-- 테이블 dusthgks.05_Admin_Depart_Employ 구조 내보내기
CREATE TABLE IF NOT EXISTS `05_Admin_Depart_Employ` (
  `admindep_emp_cd` varchar(50) NOT NULL COMMENT '모든 행정기관 부서별 직원 관리코드',
  `areacity_admin_cd` varchar(50) DEFAULT NULL COMMENT '모든 행정기관코드',
  `admin_dep_cd` varchar(50) DEFAULT NULL COMMENT '모든 행정기관 부서코드',
  `area_city_cd` varchar(50) DEFAULT NULL COMMENT '모든 지역 시군코드',
  `area_cd` varchar(50) DEFAULT NULL COMMENT '전국지역코드',
  `admindep_emp_nm` varchar(50) DEFAULT NULL COMMENT '성명',
  `admindep_emp_position` varchar(50) DEFAULT NULL COMMENT '직위',
  `admindep_emp_phone` varchar(50) DEFAULT NULL COMMENT '전화번호',
  `admindep_emp_tesk` varchar(100) DEFAULT NULL COMMENT '업무',
  PRIMARY KEY (`admindep_emp_cd`),
  KEY `FK_04_Admin_Depart_TO_05_Admin_Depart_Employ` (`admin_dep_cd`),
  KEY `FK_03_Area_City_Admin_TO_05_Admin_Depart_Employ` (`areacity_admin_cd`),
  KEY `FK_02_Area_City_TO_05_Admin_Depart_Employ` (`area_city_cd`),
  KEY `FK_01_Area_TO_05_Admin_Depart_Employ` (`area_cd`),
  CONSTRAINT `FK_01_Area_TO_05_Admin_Depart_Employ` FOREIGN KEY (`area_cd`) REFERENCES `01_Area` (`area_cd`),
  CONSTRAINT `FK_02_Area_City_TO_05_Admin_Depart_Employ` FOREIGN KEY (`area_city_cd`) REFERENCES `02_Area_City` (`area_city_cd`),
  CONSTRAINT `FK_03_Area_City_Admin_TO_05_Admin_Depart_Employ` FOREIGN KEY (`areacity_admin_cd`) REFERENCES `03_Area_City_Admin` (`areacity_admin_cd`),
  CONSTRAINT `FK_04_Admin_Depart_TO_05_Admin_Depart_Employ` FOREIGN KEY (`admin_dep_cd`) REFERENCES `04_Admin_Depart` (`admin_dep_cd`)
) ENGINE=InnoDB DEFAULT CHARSET=utf8 COMMENT='모든 행정기관 부서별 직원관리';

-- 테이블 데이터 dusthgks.05_Admin_Depart_Employ:~149 rows (대략적) 내보내기
/*!40000 ALTER TABLE `05_Admin_Depart_Employ` DISABLE KEYS */;
INSERT INTO `05_Admin_Depart_Employ` (`admindep_emp_cd`, `areacity_admin_cd`, `admin_dep_cd`, `area_city_cd`, `area_cd`, `admindep_emp_nm`, `admindep_emp_position`, `admindep_emp_phone`, `admindep_emp_tesk`) VALUES
	('admin_group_350100', 'admin_35', 'depart_35001', '35010', '35', '김미정', '정책기획관', '280-2110', '정책기획관 업무 총괄'),
	('admin_group_350101', 'admin_35', 'depart_35001', '35010', '35', '신현영', '기획팀장', '063-280-2085', '기획담당업무 총괄'),
	('admin_group_350102', 'admin_35', 'depart_35001', '35010', '35', '최선옥', '주무관', '063-280-2062', '주간 간부회의 말씀자료'),
	('admin_group_350103', 'admin_35', 'depart_35001', '35010', '35', '소현성', '주무관', '063-280-2063', '중앙부처방문 등 현안 발굴?건의'),
	('admin_group_350104', 'admin_35', 'depart_35001', '35010', '35', '김영철', '주무관', '063-280-2064', '간부회의 운영'),
	('admin_group_350105', 'admin_35', 'depart_35002', '35010', '35', '윤여일', '예산과장', '063-280-2120', '예산과 업무 총괄'),
	('admin_group_350106', 'admin_35', 'depart_35002', '35010', '35', '이찬준', '예산팀장', '063-280-2125', '예산팀 업무전반'),
	('admin_group_350107', 'admin_35', 'depart_35002', '35010', '35', '황인재', '주무관', '063-280-3015', '예산편성(결산)총괄, 재정현안 검토, 현안사업관리 등'),
	('admin_group_350108', 'admin_35', 'depart_35002', '35010', '35', '박혁', '주무관', '063-280-3019', '각종 업무보고, 행정사무감사, 성인지예산 등'),
	('admin_group_350109', 'admin_35', 'depart_35002', '35010', '35', '이동석', '주무관', '063-280-3017', '예산정보시스템관리'),
	('admin_group_350110', 'admin_35', 'depart_35002', '35010', '35', '최병철', '주무관', '063-280-3016', '균특예산, 복권기금, 예비비, 예산효율화(예산낭비신고센터, 예산성과금 등)추진'),
	('admin_group_350111', 'admin_35', 'depart_35003', '35010', '35', '박현숙', '정보화총괄과장', '063-280-3780', '정보화총괄과 업무 총괄'),
	('admin_group_350112', 'admin_35', 'depart_35003', '35010', '35', '조영식', '정보화총괄팀장', '063-280-2595', '정보화총괄팀 업무 전반'),
	('admin_group_350113', 'admin_35', 'depart_35003', '35010', '35', '박준순', '주무관', '063-280-2597', '도지사 지시사항 관리 및 감사, 국회 관련 업무'),
	('admin_group_350114', 'admin_35', 'depart_35003', '35010', '35', '안중현', '주무관', '063-280-2599', '현장행정.소통행정 추진'),
	('admin_group_350115', 'admin_35', 'depart_35003', '35010', '35', '손형식', '주무관', '063-280-2596', '정보화마을 운영 활성화 추진'),
	('admin_group_350116', 'admin_35', 'depart_35004', '35010', '35', '장윤희', '법무행정과장', '063-280-2930', '법무행정과 총괄'),
	('admin_group_350117', 'admin_35', 'depart_35004', '35010', '35', '류준모', '법제협력관', '063-280-2920', '주요정책결정 및 현안에 대한 법제적 자문 자치법규의 입안심사'),
	('admin_group_350118', 'admin_35', 'depart_35004', '35010', '35', '손미정', '법무팀장', '063-280-2135', '법무업무 전반'),
	('admin_group_350119', 'admin_35', 'depart_35004', '35010', '35', '최금희', '주무관', '063-280-2143', '법무행정 종합기획 및 조정'),
	('admin_group_350120', 'admin_35', 'depart_35004', '35010', '35', '김미숙', '주무관', '280-2133', '법령의견조회'),
	('admin_group_350121', 'admin_35', 'depart_35004', '35010', '35', '김혜진', '주무관', '280-2131', '신규 행사,축제사업 예산편성 수립 및 심사, 재정사업 평가 등'),
	('admin_group_350122', 'admin_35', 'depart_35005', '35010', '35', '이종훈', '대도약기획단장', '063-280-3940', '대도약기획단 업무총괄'),
	('admin_group_350123', 'admin_35', 'depart_35005', '35010', '35', '이경영', '대도약정책팀장', '063-280-3921', '대도약정책 업무 총괄'),
	('admin_group_350124', 'admin_35', 'depart_35005', '35010', '35', '윤형석', '주무관', '063-280-3922', '전북대도약 정책협의체 운영'),
	('admin_group_350125', 'admin_35', 'depart_35005', '35010', '35', '정보영', '주무관', '280-3936', '대도약정책 우수제안 포상 추진'),
	('admin_group_350126', 'admin_35', 'depart_35005', '35010', '35', '김대철', '주무관', '063-280-3926', '대도약 정책수립을 위한 도민 여론조사'),
	('admin_group_350127', 'admin_35', 'depart_35005', '35010', '35', '장지현', '주무관', '063-280-3953', '일반서무'),
	('admin_group_350128', 'admin_35', 'depart_35006', '35010', '35', '이민숙', '잼버리추진단장', '063-280-3240', '잼버리추진단 업무총괄'),
	('admin_group_350129', 'admin_35', 'depart_35006', '35010', '35', '김도연', '잼버리기획팀장', '063-280-3502', '잼버리 기획 업무 총괄'),
	('admin_group_350130', 'admin_35', 'depart_35006', '35010', '35', '홍대승', '주무관', '063-280-3503', '2023 새만금 세계잼버리 지원 특별법 제?개정'),
	('admin_group_350131', 'admin_35', 'depart_35006', '35010', '35', '김영준', '주무관', '063-280-3504', '추진단 예산 및 결산 업무'),
	('admin_group_350132', 'admin_35', 'depart_35006', '35010', '35', '김아영', '주무관', '063-280-3244', '일반서무(물품관리, 주간, 월중업무 계획 등)'),
	('admin_group_350133', 'admin_35', 'depart_35007', '35010', '35', '김종혜', '안전정책관', '063-280-2780', '안전정책, 재난정보, 비상대책민방위, 안전감찰,경보통제소 업무 총괄'),
	('admin_group_350134', 'admin_35', 'depart_35007', '35010', '35', '이광영', '안전정책팀장', '063-280-2991', '안전정책팀 업무 총괄'),
	('admin_group_350135', 'admin_35', 'depart_35007', '35010', '35', '유근상', '주무관', '063-280-2992', '재난?안전관리 시책발굴 및 정책조정'),
	('admin_group_350136', 'admin_35', 'depart_35007', '35010', '35', '이정운', '주무관', '063-280-2968', '중앙 및 도 안전정책조정회의 운영'),
	('admin_group_350137', 'admin_35', 'depart_35007', '35010', '35', '최도창', '주무관', '063-280-2969', '예산 편성 및 집행, 결산(검사)'),
	('admin_group_350138', 'admin_35', 'depart_35007', '35010', '35', '김남순', '주무관', '063-280-2994', '회계(지출), 물품관리'),
	('admin_group_350139', 'admin_35', 'depart_35008', '35010', '35', '이희성', '사회재난과장', '063-280-2390', '사회재난과 업무총괄'),
	('admin_group_350140', 'admin_35', 'depart_35008', '35010', '35', '박동우', '사회재난예방팀장', '063-280-2695', '사회재난예방팀 업무 총괄'),
	('admin_group_350141', 'admin_35', 'depart_35008', '35010', '35', '유경주', '주무관', '063-280-2696', '사회재난예방분야 총괄?조정'),
	('admin_group_350142', 'admin_35', 'depart_35008', '35010', '35', '서동호', '주무관', '063-280-2699', '지역축제, 옥외행사 등 안전관리'),
	('admin_group_350143', 'admin_35', 'depart_35008', '35010', '35', '장영신', '주무관', '063-280-2698', '시설물 안전 및 유지관리에 관한 특별법\'에 의한 시설물 관리'),
	('admin_group_350144', 'admin_35', 'depart_35009', '35010', '35', '박양래', '자연재난과장', '063-280-3640', '자연재난과 업무 총괄'),
	('admin_group_350145', 'admin_35', 'depart_35009', '35010', '35', '김황중', '자연재난예방팀장', '063-280-3007', '자연재난예방팀 업무 총괄'),
	('admin_group_350146', 'admin_35', 'depart_35009', '35010', '35', '김관석', '주무관', '063-280-3005', '도의회 업무보고 등 의회업무 추진, 도정 주요업무계획 및 업무보고서 작성, 간부회의자료 작성 등, 도지사 공약사업 추진상황 및 지시사항 관리, 직무성과(BSC) 업무 추진, 풍수해'),
	('admin_group_350147', 'admin_35', 'depart_35009', '35010', '35', '김학진', '주무관', '063-280-3006', '여름철 대응계획수립 및 대응, 풍수해저감 종합계획수립 및 추진, 자연재난분야 안전관리계획 수립, 자연재난대비(풍수해,낙뢰)매뉴얼 개발 보급'),
	('admin_group_350148', 'admin_35', 'depart_35009', '35010', '35', '곽철훈', '주무관', '063-280-4380', '겨울철 자연재난 대응계획 수립, 한파대응계획 수립, 한파등 현장조치 행동매뉴얼 관리,'),
	('admin_group_350149', 'admin_35', 'depart_35010', '35010', '35', '신원식', '일자리정책관', '063-280-3210', '일자리정책관 업무 총괄'),
	('admin_group_350150', 'admin_35', 'depart_35010', '35010', '35', '조광희', '경제정책팀장', '063-280-2791', '경제정책 업무 전반'),
	('admin_group_350151', 'admin_35', 'depart_35010', '35010', '35', '전연하', '주무관', '063-280-2792', '국소관 행정의 종합계획 및 조정'),
	('admin_group_350152', 'admin_35', 'depart_35010', '35010', '35', '오희연', '주무관', '063-280-2793', '국가예산 및 공모사업 관리(국총괄)'),
	('admin_group_350153', 'admin_35', 'depart_35010', '35010', '35', '이예진', '주무관', '063-280-2796', '가맥축제추진위원회 운영 및 축제 개최 지원'),
	('admin_group_350154', 'admin_35', 'depart_35011', '35010', '35', '차주하', '투자금융과장', '063-280-2401', '투자금융과 업무 총괄'),
	('admin_group_350155', 'admin_35', 'depart_35011', '35010', '35', '김용삼', '기업유치팀장', '063-280-3237', '기업유치팀 업무전반'),
	('admin_group_350156', 'admin_35', 'depart_35011', '35010', '35', '조형식', '주무관', '063-280-3864', '투자유치 설명회 개최'),
	('admin_group_350157', 'admin_35', 'depart_35011', '35010', '35', '신동호', '주무관', '063-280-2751', '투자유치 추진전략 수립(기업유치 전략 마련 용역 등)'),
	('admin_group_350158', 'admin_35', 'depart_35011', '35010', '35', '서숭', '주무관', '063-280-3545', '수도권이전기업 등 지방촉진보조금 지원·관리(환수)'),
	('admin_group_350159', 'admin_35', 'depart_35012', '35010', '35', '이남섭', '기업지원과장', '063-280-3220', '기업지원과 업무총괄'),
	('admin_group_350160', 'admin_35', 'depart_35012', '35010', '35', '홍인기', '기업지원팀장', '063-280-3246', '기업지원 업무전반'),
	('admin_group_350161', 'admin_35', 'depart_35012', '35010', '35', '이현정', '주무관', '063-280-3232', '선도기업 및 도약기업 육성 지원'),
	('admin_group_350162', 'admin_35', 'depart_35012', '35010', '35', '이연희', '주무관', '063-280-3223', '중소·중견기업 지원정책수립 및 운용'),
	('admin_group_350163', 'admin_35', 'depart_35012', '35010', '35', '안성옥', '주무관', '063-280-4723', '국가예산 및 공모사업 관리'),
	('admin_group_350164', 'admin_35', 'depart_35013', '35010', '35', '하태욱', '사회적경제과장', '063-280-3280', '사회적경제과 업무총괄'),
	('admin_group_350165', 'admin_35', 'depart_35013', '35010', '35', '양미경', '공동체정책팀장', '280-3253', '공동체정책팀 업무 총괄, 조정'),
	('admin_group_350166', 'admin_35', 'depart_35013', '35010', '35', '김인숙', '주무관', '063-280-3781', '사회적경제 기본계획 및 연도별 시행계획 수립'),
	('admin_group_350167', 'admin_35', 'depart_35013', '35010', '35', '최성진', '주무관', '063-280-4162', '사회적경제 공공구매 활성화'),
	('admin_group_350168', 'admin_35', 'depart_35013', '35010', '35', '조상희', '주무관', '063-280-3782', '도 지정 축제 지원 및 시군 기타 축제 지원 업무'),
	('admin_group_350169', 'admin_35', 'depart_35014', '35010', '35', '김종필', '농업정책과장', '063-280-2610', '농업정책과 업무 전반'),
	('admin_group_350170', 'admin_35', 'depart_35014', '35010', '35', '송운석', '농정기획팀장', '063-280-2602', '농정기획업무 전반'),
	('admin_group_350171', 'admin_35', 'depart_35014', '35010', '35', '정만춘', '주무관', '063-280-2731', '국소관 인사관리'),
	('admin_group_350172', 'admin_35', 'depart_35014', '35010', '35', '정영근', '주무관', '063-280-2697', '주요 농정현안업무 기획 및 추진'),
	('admin_group_350173', 'admin_35', 'depart_35014', '35010', '35', '오동준', '주무관', '063-280-3371', '국 포상 운영'),
	('admin_group_350174', 'admin_35', 'depart_35015', '35010', '35', '이현서', '농촌활력과장', '063-280-4220', '농촌활력과 업무총괄'),
	('admin_group_350175', 'admin_35', 'depart_35015', '35010', '35', '정웅', '생생마을팀장', '063-280-4156', '생생마을팀 업무 전반'),
	('admin_group_350176', 'admin_35', 'depart_35015', '35010', '35', '김영옥', '주무관', '063-280-4195', '농촌체험관광 활성화 종합계획 수립 및 총괄'),
	('admin_group_350177', 'admin_35', 'depart_35015', '35010', '35', '정치형', '주무관', '063-280-4198', '농어촌 고령·과소화마을 대책 추진'),
	('admin_group_350178', 'admin_35', 'depart_35015', '35010', '35', '나민희', '주무관', '063-280-4197', '생상마을만들기 지원(기초·사후관리)'),
	('admin_group_350179', 'admin_35', 'depart_35016', '35010', '35', '김종식', '농산유통과장', '063-280-2620', '농산유통과 업무 전반'),
	('admin_group_350180', 'admin_35', 'depart_35016', '35010', '35', '고주교', '친환경농업팀장', '063-280-2605', '친환경농업팀 업무 총괄'),
	('admin_group_350181', 'admin_35', 'depart_35016', '35010', '35', '김미숙', '주무관', '063-280-2648', '성과 목료관리(BSC)추진'),
	('admin_group_350182', 'admin_35', 'depart_35016', '35010', '35', '이효미', '주무관', '063-280-2691', '친환경농업직접직불제(국도비)'),
	('admin_group_350183', 'admin_35', 'depart_35016', '35010', '35', '도혜순', '주무관', '063-280-2694', '과 예산편성'),
	('admin_group_350184', 'admin_35', 'depart_35017', '35010', '35', '조호일', '농식품산업과장', '063-280-3670', '농식품산업과 업무 전반'),
	('admin_group_350185', 'admin_35', 'depart_35017', '35010', '35', '박상태', '농생명기획팀장', '063-280-3276', '농생명기획업무 전반'),
	('admin_group_350186', 'admin_35', 'depart_35017', '35010', '35', '정재훈', '주무관', '063-280-3262', '과 소관 의회 업무보고 대응'),
	('admin_group_350187', 'admin_35', 'depart_35017', '35010', '35', '이재혁', '주무관', '063-280-3263', '지역전략산업 진흥산업'),
	('admin_group_350188', 'admin_35', 'depart_35017', '35010', '35', '조정현', '주무관', '063-280-3673', '식품R&D사업 발굴.기획'),
	('admin_group_350189', 'admin_35', 'depart_35018', '35010', '35', '이성재', '축산과장', '063-280-2650', '축산과 업무전반'),
	('admin_group_350190', 'admin_35', 'depart_35018', '35010', '35', '김홍표', '축산진흥팀장', '063-280-2656', '축산진흥업무전반'),
	('admin_group_350191', 'admin_35', 'depart_35018', '35010', '35', '육현수', '주무관', '280-2651', '조직관리, 의회업무,'),
	('admin_group_350192', 'admin_35', 'depart_35018', '35010', '35', '지종남', '주무관', '063-280-4635', '말산업육성사업종합계획수립,'),
	('admin_group_350193', 'admin_35', 'depart_35018', '35010', '35', '이재욱', '주무관', '063-280-2758', '축산업 하가.등록, 무허가축사 개선대책추진'),
	('admin_group_350194', 'admin_35', 'depart_35019', '35010', '35', '안동환', '문화예술과장', '063-280-3310', '문화예술과 업무 총괄'),
	('admin_group_350195', 'admin_35', 'depart_35019', '35010', '35', '서재영', '문화정책팀장', '063-280-3306', '문화정책팀 업무 전반'),
	('admin_group_350196', 'admin_35', 'depart_35019', '35010', '35', '허성욱', '주무관', '063-280-3321', '문체부 주요정책 제도개선 업무, 지역문화진흥법 관리업무 등'),
	('admin_group_350197', 'admin_35', 'depart_35019', '35010', '35', '고은', '주무관', '063-280-3309', '국가예산, 일자리, 문화도시 업무 등'),
	('admin_group_350198', 'admin_35', 'depart_35019', '35010', '35', '서순아', '주무관', '063-280-3311', '국 예산서무, 물품관리, 의원요구자료 등'),
	('admin_group_350199', 'admin_35', 'depart_35020', '35010', '35', '김희옥', '관광총괄과장', '063-280-3330', '관광총괄과 업무 총괄'),
	('admin_group_350200', 'admin_35', 'depart_35020', '35010', '35', '이정석', '토탈관광팀장', '063-280-3333', '토탈관광팀 업무 전반'),
	('admin_group_350201', 'admin_35', 'depart_35020', '35010', '35', '김정희', '주무관', '063-280-3301', '전북 투어패스 가맹정(자유,주차장,판매점)모집관리'),
	('admin_group_350202', 'admin_35', 'depart_35020', '35010', '35', '구성관', '주무관', '063-280-4745', '주요업무계획 수립'),
	('admin_group_350203', 'admin_35', 'depart_35020', '35010', '35', '민동규', '주무관', '063-280-3322', '일자리 발굴 및 민생안전 등 국정과제 추진'),
	('admin_group_350204', 'admin_35', 'depart_35021', '35010', '35', '고재욱', '체육정책과장', '063-280-2530', '체육정책과 업무 총괄'),
	('admin_group_350205', 'admin_35', 'depart_35021', '35010', '35', '김정철', '체육진흥팀장', '063-280-2536', '체육진흥팀 업무전반'),
	('admin_group_350206', 'admin_35', 'depart_35021', '35010', '35', '주선희', '주무관', '063-280-2546', '주요업무계획 수립 등 대응'),
	('admin_group_350207', 'admin_35', 'depart_35021', '35010', '35', '박미나', '주무관', '063-280-2547', '국제?전국규모 체육대회 유치?지원'),
	('admin_group_350208', 'admin_35', 'depart_35021', '35010', '35', '임희숙', '주무관', '063-280-2535', '과 예산 및 회계관리, 세외수입 관리'),
	('admin_group_350209', 'admin_35', 'depart_35022', '35010', '35', '이주철', '문화유산과장', '063-280-3150', '문화유산과 업무총괄'),
	('admin_group_350210', 'admin_35', 'depart_35022', '35010', '35', '최창석', '문화재정책팀장', '063-280-3313', ' 문화재정책팀 업무 전반 관리'),
	('admin_group_350211', 'admin_35', 'depart_35022', '35010', '35', '이영일', '학예연구관', '063-280-3147', '매장문화재 지표,발굴조사 및 보존,관리'),
	('admin_group_350212', 'admin_35', 'depart_35022', '35010', '35', '서경아', '주무관', '063-280-3317', '고창 서남해안 갯벌 세계유산 등재 추진'),
	('admin_group_350213', 'admin_35', 'depart_35022', '35010', '35', '김종철', '학예사', '063-280-3318', '무형문화재 지정(종목 및 보유자),전수조교 및 이수자 인정, 전수장학생 선정'),
	('admin_group_350214', 'admin_35', 'depart_35023', '35010', '35', '김영민', '체전준비단장', '063-280-3960', '체전준비단 업무총괄'),
	('admin_group_350215', 'admin_35', 'depart_35023', '35010', '35', '신형춘', '체전기획팀장', '063-280-3964', '전국소년(장애학생)체전 기획업무 총괄·조정'),
	('admin_group_350216', 'admin_35', 'depart_35023', '35010', '35', '서정용', '주무관', '063-280-3966', '체전준비단 종합사업계획 수립·추진'),
	('admin_group_350217', 'admin_35', 'depart_35023', '35010', '35', '김영필', '주무관', '063-280-4353', ''),
	('admin_group_350218', 'admin_35', 'depart_35023', '35010', '35', '나성천', '주무관', '063-280-3967', '체전단 일반서무'),
	('admin_group_350219', 'admin_35', 'depart_35024', '35010', '35', '김호주', '환경보전과장', '063-280-3510', '환경보전과 업무 총괄'),
	('admin_group_350220', 'admin_35', 'depart_35024', '35010', '35', '정화영', '환경정책팀장', '063-280-3535', '국.과 소관 업무에 대한 기획.조정.평가'),
	('admin_group_350221', 'admin_35', 'depart_35024', '35010', '35', '박양숙', '주무관', '063-280-3515', '국?과 소관 업무보고 및 월·주간업무 총괄'),
	('admin_group_350222', 'admin_35', 'depart_35024', '35010', '35', '정진우', '주무관', '063-280-3516', '환경정책 계획수립(보전계획, 기금, 시책, 국책 등)'),
	('admin_group_350223', 'admin_35', 'depart_35024', '35010', '35', '김영조', '주무관', '063-280-3522', '국장실 관리(일정 및 수행)'),
	('admin_group_350224', 'admin_35', 'depart_35025', '35010', '35', '양영철', '자연생태과장', '063-280-4170', '자연생태과 업무 총괄'),
	('admin_group_350225', 'admin_35', 'depart_35025', '35010', '35', '장범식', '자연환경팀장', '063-280-4171', '과 소관 행정 기획조정'),
	('admin_group_350226', 'admin_35', 'depart_35025', '35010', '35', '김영균', '주무관', '063-280-4172', '생물다양성 관리계약 지원'),
	('admin_group_350227', 'admin_35', 'depart_35025', '35010', '35', '고요한', '주무관', '063-280-4173', '도립공원 관련업무'),
	('admin_group_350228', 'admin_35', 'depart_35025', '35010', '35', '김상영', '주무관', '280-4175', '예산서무, 일반서무'),
	('admin_group_350229', 'admin_35', 'depart_35026', '35010', '35', '고해중', '산림녹지과장', '063-280-2660', '산림녹지정책 업무총괄'),
	('admin_group_350230', 'admin_35', 'depart_35026', '35010', '35', '박성호', '산림정책팀장', '063-280-2662', '산림정책팀 업무 전반'),
	('admin_group_350231', 'admin_35', 'depart_35026', '35010', '35', '박미선', '주무관', '063-280-2662', '인사관리 및 감사관련 업무'),
	('admin_group_350232', 'admin_35', 'depart_35026', '35010', '35', '임성진', '주무관', '063-280-2663', '조림사업 계획수립 및 추진지도'),
	('admin_group_350233', 'admin_35', 'depart_35026', '35010', '35', '김남주', '주무관', '063-280-2665', '중기, 국가, 지방재정계획 수립'),
	('admin_group_350234', 'admin_35', 'depart_35027', '35010', '35', '장경운', '정무기획과장', '063-280-3860', '정무기획과 업무총괄'),
	('admin_group_350235', 'admin_35', 'depart_35027', '35010', '35', '김종남', '정무기획팀장', '063-280-2094', '정무기획업무 총괄'),
	('admin_group_350236', 'admin_35', 'depart_35027', '35010', '35', '하병탁', '주무관', '063-280-2093', '도정 정책업무추진(업무계획, 신규시책)'),
	('admin_group_350237', 'admin_35', 'depart_35027', '35010', '35', '손민', '주무관', '063-280-2226', '국회 및 정치권 협력'),
	('admin_group_350238', 'admin_35', 'depart_35027', '35010', '35', '송미경', '주무관', '063-280-2092', '국 및 과 예산편성 및 집행.결산업무'),
	('admin_group_350239', 'admin_35', 'depart_35028', '35010', '35', '이형열', '홍보기획과장', '063-280-2510', '홍보기획업무 전반'),
	('admin_group_350240', 'admin_35', 'depart_35028', '35010', '35', '이정우', '홍보협력팀장', '063-280-2091', '홍보협력 업무전반'),
	('admin_group_350241', 'admin_35', 'depart_35028', '35010', '35', '박미권', '주무관', '063-280-2055', '?주요업무계획, 간부회의자료 및 주요시책발굴'),
	('admin_group_350242', 'admin_35', 'depart_35028', '35010', '35', '황지연', '주무관', '063-280-2488', '?종합홍보(매체광고 통합운영)계획 수립'),
	('admin_group_350243', 'admin_35', 'depart_35028', '35010', '35', '이영주', '주무관', '063-280-2071', '일상경비 지출업무 및 자금배정'),
	('admin_group_350244', 'admin_35', 'depart_35029', '35010', '35', '최환', '국제협력과장', '063-280-2810', '국제협력과 업무총괄'),
	('admin_group_350245', 'admin_35', 'depart_35029', '35010', '35', '김정', '국제정책팀장', '063-280-2116', '국제교류 및 협력 정책 종합 기획,조정'),
	('admin_group_350246', 'admin_35', 'depart_35029', '35010', '35', '조선화', '주무관', '280-2082', '주요업무계획 보고(지휘부, 의회, 간부회의자료)'),
	('admin_group_350247', 'admin_35', 'depart_35029', '35010', '35', '문수미', '주무관', '063-280-2707', '미국 워싱턴 주, 뉴저지 주 해외자매우호지역간 교류'),
	('admin_group_350248', 'admin_35', 'depart_35029', '35010', '35', '신은경', '주무관', '280-2177', '국회?도의회 관련업무(행감, 예산, 요구자료, 예답자료),의회 대응');
/*!40000 ALTER TABLE `05_Admin_Depart_Employ` ENABLE KEYS */;

-- 테이블 dusthgks.06_Member_Lev 구조 내보내기
CREATE TABLE IF NOT EXISTS `06_Member_Lev` (
  `mem_lev_cd` varchar(20) NOT NULL COMMENT '모든 회원 레벨코드',
  `mem_lev_nm` varchar(50) DEFAULT NULL COMMENT '레벨명',
  PRIMARY KEY (`mem_lev_cd`)
) ENGINE=InnoDB DEFAULT CHARSET=utf8 COMMENT='모든 회원 레벨관리';

-- 테이블 데이터 dusthgks.06_Member_Lev:~4 rows (대략적) 내보내기
/*!40000 ALTER TABLE `06_Member_Lev` DISABLE KEYS */;
INSERT INTO `06_Member_Lev` (`mem_lev_cd`, `mem_lev_nm`) VALUES
	('level_010', 'SW개발사'),
	('level_011', '공무원'),
	('level_012', '거래처'),
	('level_013', '국민');
/*!40000 ALTER TABLE `06_Member_Lev` ENABLE KEYS */;

-- 테이블 dusthgks.07_Member 구조 내보내기
CREATE TABLE IF NOT EXISTS `07_Member` (
  `mem_cd` varchar(20) NOT NULL COMMENT '회원코드',
  `mem_lev_cd` varchar(20) DEFAULT NULL COMMENT '모든 회원 레벨코드',
  `mem_nm` varchar(50) DEFAULT NULL COMMENT '이름',
  `mem_addr` varchar(50) DEFAULT NULL COMMENT '주소',
  `mem_phone` varchar(50) DEFAULT NULL COMMENT '전화번호',
  `mem_email` varchar(50) DEFAULT NULL COMMENT '이메일',
  `mem_birth` varchar(50) DEFAULT NULL COMMENT '생년월일',
  `mem_join_dt` date DEFAULT NULL COMMENT '가입일자',
  PRIMARY KEY (`mem_cd`),
  KEY `FK_06_Member_Lev_TO_07_Member` (`mem_lev_cd`),
  CONSTRAINT `FK_06_Member_Lev_TO_07_Member` FOREIGN KEY (`mem_lev_cd`) REFERENCES `06_Member_Lev` (`mem_lev_cd`)
) ENGINE=InnoDB DEFAULT CHARSET=utf8 COMMENT='모든 회원관리';

-- 테이블 데이터 dusthgks.07_Member:~40 rows (대략적) 내보내기
/*!40000 ALTER TABLE `07_Member` DISABLE KEYS */;
INSERT INTO `07_Member` (`mem_cd`, `mem_lev_cd`, `mem_nm`, `mem_addr`, `mem_phone`, `mem_email`, `mem_birth`, `mem_join_dt`) VALUES
	('mem_001', 'level_010', '개발사', '전주시 덕진구 기린대로', '010-1234-5678', '@', '1965-09-27', '2019-09-05'),
	('mem_002', 'level_010', '송하진', '나', '010-1234-5679', '@', '1965-09-28', '2019-12-03'),
	('mem_003', 'level_011', '김 한', '다', '010-1234-5680', '@', '1965-09-29', '2019-12-03'),
	('mem_004', 'level_011', '박재천', '다', '010-1234-5681', '@', '1965-09-30', '2019-12-04'),
	('mem_005', 'level_011', '최동현', '다', '010-1234-5682', '@', '1980-12-05', '2019-12-05'),
	('mem_006', 'level_011', '선기현', '다', '010-1234-5683', '@', '1980-12-06', '2019-12-06'),
	('mem_007', 'level_011', '황철호', '다', '010-1234-5684', '@', '1980-12-07', '2019-12-07'),
	('mem_008', 'level_011', '심인택', '다', '010-1234-5685', '@', '1980-12-08', '2019-12-08'),
	('mem_009', 'level_011', '김동희', '다', '010-1234-5686', '@', '1992-06-09', '2019-12-09'),
	('mem_010', 'level_011', '유윤희', '라', '010-1234-5687', '@', '1992-06-10', '2019-12-03'),
	('mem_011', 'level_011', '최다미', '라', '010-1234-5688', '@', '1992-06-11', '2019-12-04'),
	('mem_012', 'level_011', '이미란', '라', '010-1234-5689', '@', '1992-06-12', '2019-12-05'),
	('mem_013', 'level_012', '한지영', '라', '010-1234-5690', '@', '1992-06-13', '2019-12-06'),
	('mem_014', 'level_012', '조성원', '가', '010-1234-5691', '@', '1992-06-14', '2019-09-05'),
	('mem_015', 'level_012', '이윤주', '나', '010-1234-5692', '@', '1992-06-15', '2019-12-03'),
	('mem_016', 'level_012', '유정하', '다', '010-1234-5693', '@', '1992-06-16', '2019-12-03'),
	('mem_017', 'level_012', '최형범', '다', '010-1234-5694', '@', '1988-01-17', '2019-12-04'),
	('mem_018', 'level_012', '김회경', '다', '010-1234-5695', '@', '1988-01-18', '2019-12-05'),
	('mem_019', 'level_012', '이조은', '다', '010-1234-5696', '@', '1988-01-19', '2019-12-06'),
	('mem_020', 'level_012', '이지환', '다', '010-1234-5697', '@', '1988-01-20', '2019-12-07'),
	('mem_021', 'level_012', '김경훈', '다', '010-1234-5698', '@', '1988-01-21', '2019-12-08'),
	('mem_022', 'level_012', '구국회', '다', '010-1234-5699', '@', '1988-01-22', '2019-12-09'),
	('mem_023', 'level_012', '김부스', '라', '010-1234-5700', '@', '1988-01-23', '2019-12-03'),
	('mem_024', 'level_013', '정종헌', '라', '010-1234-5701', '@', '1988-01-24', '2019-12-04'),
	('mem_025', 'level_013', '김상권', '라', '010-1234-5702', '@', '1988-01-25', '2019-12-05'),
	('mem_026', 'level_013', '강수연', '라', '010-1234-5703', '@', '1988-01-26', '2019-12-06'),
	('mem_027', 'level_013', '김영덕', '라', '010-1234-5704', '@', '1988-01-27', '2019-12-07'),
	('mem_028', 'level_013', '노수오', '라', '010-1234-5705', '@', '1988-01-28', '2019-12-08'),
	('mem_029', 'level_013', '정동식', '라', '010-1234-5706', '@', '1988-01-29', '2019-12-09'),
	('mem_030', 'level_013', '공안규', '라', '010-1234-5707', '@', '1988-01-30', '2019-12-10'),
	('mem_031', 'level_013', '노지인', '라', '010-1234-5708', '@', '1988-01-31', '2019-12-11'),
	('mem_032', 'level_013', '김유진', '라', '010-1234-5709', '@', '1988-02-01', '2019-12-12'),
	('mem_033', 'level_013', '신정용', '라', '010-1234-5710', '@', '1988-02-02', '2019-12-13'),
	('mem_034', 'level_013', '정동식', '라', '010-1234-5711', '@', '1988-02-03', '2019-12-14'),
	('mem_035', 'level_013', '오근순', '라', '010-1234-5712', '@', '1988-02-04', '2019-12-15'),
	('mem_036', 'level_013', '임호영', '라', '010-1234-5713', '@', '1988-02-05', '2019-12-16'),
	('mem_037', 'level_013', '이석재', '라', '010-1234-5714', '@', '1988-02-06', '2019-12-17'),
	('mem_038', 'level_013', '변다심', '라', '010-1234-5715', '@', '1988-02-07', '2019-12-18'),
	('mem_039', 'level_013', '김승은', '라', '010-1234-5716', '@', '1988-02-08', '2019-12-19'),
	('mem_040', 'level_012', '홍길동', '라', '거래처관련 테이블 다 뭐하는 회사인지 모르겠다', '김도민님 거래처 관련테이블에 있는  회사들 뭐하는 회사인지 알겠습니까?', NULL, NULL);
/*!40000 ALTER TABLE `07_Member` ENABLE KEYS */;

-- 테이블 dusthgks.08_Login 구조 내보내기
CREATE TABLE IF NOT EXISTS `08_Login` (
  `login_cd` varchar(20) NOT NULL COMMENT '아이디',
  `mem_cd` varchar(20) DEFAULT NULL COMMENT '회원코드',
  `mem_lev_cd` varchar(20) DEFAULT NULL COMMENT '모든 회원 레벨코드',
  `login_pw` varchar(20) DEFAULT NULL COMMENT '패스워드',
  `mem_nm` varchar(50) DEFAULT NULL COMMENT '이름',
  `mem_lev_nm` varchar(50) DEFAULT NULL COMMENT '레벨명',
  PRIMARY KEY (`login_cd`),
  KEY `FK_06_Member_Lev_TO_08_Login` (`mem_lev_cd`),
  KEY `FK_07_Member_TO_08_Login` (`mem_cd`),
  CONSTRAINT `FK_06_Member_Lev_TO_08_Login` FOREIGN KEY (`mem_lev_cd`) REFERENCES `06_Member_Lev` (`mem_lev_cd`),
  CONSTRAINT `FK_07_Member_TO_08_Login` FOREIGN KEY (`mem_cd`) REFERENCES `07_Member` (`mem_cd`)
) ENGINE=InnoDB DEFAULT CHARSET=utf8 COMMENT='모든 회원 로그인관리';

-- 테이블 데이터 dusthgks.08_Login:~39 rows (대략적) 내보내기
/*!40000 ALTER TABLE `08_Login` DISABLE KEYS */;
INSERT INTO `08_Login` (`login_cd`, `mem_cd`, `mem_lev_cd`, `login_pw`, `mem_nm`, `mem_lev_nm`) VALUES
	('id001', 'mem_001', 'level_010', 'pw001', '개발사', 'SW개발사'),
	('id002', 'mem_002', 'level_010', 'pw002', '송하진', 'SW개발사'),
	('id003', 'mem_003', 'level_011', 'pw003', '김 한', '공무원'),
	('id004', 'mem_004', 'level_011', 'pw004', '박재천', '공무원'),
	('id005', 'mem_005', 'level_011', 'pw005', '최동현', '공무원'),
	('id006', 'mem_006', 'level_011', 'pw006', '선기현', '공무원'),
	('id007', 'mem_007', 'level_011', 'pw007', '황철호', '공무원'),
	('id008', 'mem_008', 'level_011', 'pw008', '심인택', '공무원'),
	('id009', 'mem_009', 'level_011', 'pw009', '김동희', '공무원'),
	('id010', 'mem_010', 'level_011', 'pw010', '유윤희', '공무원'),
	('id011', 'mem_011', 'level_011', 'pw011', '최다미', '공무원'),
	('id012', 'mem_012', 'level_011', 'pw012', '이미란', '공무원'),
	('id013', 'mem_013', 'level_012', 'pw013', '한지영', '거래처'),
	('id014', 'mem_014', 'level_012', 'pw014', '조성원', '거래처'),
	('id015', 'mem_015', 'level_012', 'pw015', '이윤주', '거래처'),
	('id016', 'mem_016', 'level_012', 'pw016', '유정하', '거래처'),
	('id017', 'mem_017', 'level_012', 'pw017', '최형범', '거래처'),
	('id018', 'mem_018', 'level_012', 'pw018', '김회경', '거래처'),
	('id019', 'mem_019', 'level_012', 'pw019', '이조은', '거래처'),
	('id020', 'mem_020', 'level_012', 'pw020', '이지환', '거래처'),
	('id021', 'mem_021', 'level_012', 'pw021', '김경훈', '거래처'),
	('id022', 'mem_022', 'level_012', 'pw022', '구국회', '거래처'),
	('id023', 'mem_023', 'level_012', 'pw023', '김부스', '거래처'),
	('id024', 'mem_024', 'level_013', 'pw024', '정종헌', '국민'),
	('id025', 'mem_025', 'level_013', 'pw025', '김상권', '국민'),
	('id026', 'mem_026', 'level_013', 'pw026', '강수연', '국민'),
	('id027', 'mem_027', 'level_013', 'pw027', '김영덕', '국민'),
	('id028', 'mem_028', 'level_013', 'pw028', '노수오', '국민'),
	('id029', 'mem_029', 'level_013', 'pw029', '정동식', '국민'),
	('id030', 'mem_030', 'level_013', 'pw030', '공안규', '국민'),
	('id031', 'mem_031', 'level_013', 'pw031', '노지인', '국민'),
	('id032', 'mem_032', 'level_013', 'pw032', '김유진', '국민'),
	('id033', 'mem_033', 'level_013', 'pw033', '신정용', '국민'),
	('id034', 'mem_034', 'level_013', 'pw034', '정동식', '국민'),
	('id035', 'mem_035', 'level_013', 'pw035', '오근순', '국민'),
	('id036', 'mem_036', 'level_013', 'pw036', '임호영', '국민'),
	('id037', 'mem_037', 'level_013', 'pw037', '이석재', '국민'),
	('id038', 'mem_038', 'level_013', 'pw038', '변다심', '국민'),
	('id039', 'mem_039', 'level_013', 'pw039', '김승은', '국민');
/*!40000 ALTER TABLE `08_Login` ENABLE KEYS */;

-- 테이블 dusthgks.09_Cat_Business_Account 구조 내보내기
CREATE TABLE IF NOT EXISTS `09_Cat_Business_Account` (
  `catbus_acc_cd` varchar(50) NOT NULL COMMENT '거래처 업종 분류코드',
  `catbus_acc_bus` varchar(50) DEFAULT NULL COMMENT '거래처업종분류',
  PRIMARY KEY (`catbus_acc_cd`)
) ENGINE=InnoDB DEFAULT CHARSET=utf8 COMMENT='거래처 업종 분류';

-- 테이블 데이터 dusthgks.09_Cat_Business_Account:~8 rows (대략적) 내보내기
/*!40000 ALTER TABLE `09_Cat_Business_Account` DISABLE KEYS */;
INSERT INTO `09_Cat_Business_Account` (`catbus_acc_cd`, `catbus_acc_bus`) VALUES
	('catbus_acc_001', '홍보대행업체'),
	('catbus_acc_002', '인력대행업체'),
	('catbus_acc_003', '행사대행업체'),
	('catbus_acc_004', '부스대행업체'),
	('catbus_acc_005', '시설대행업체'),
	('catbus_acc_006', '안전관리대행업체'),
	('catbus_acc_007', '무대설치대행업체'),
	('catbus_acc_008', '기타');
/*!40000 ALTER TABLE `09_Cat_Business_Account` ENABLE KEYS */;

-- 테이블 dusthgks.10_Cat_Account 구조 내보내기
CREATE TABLE IF NOT EXISTS `10_Cat_Account` (
  `cat_acc_cd` varchar(50) NOT NULL COMMENT '거래처코드',
  `areacity_admin_cd` varchar(50) DEFAULT NULL COMMENT '모든 행정기관코드',
  `area_city_cd` varchar(50) DEFAULT NULL COMMENT '모든 지역 시군코드',
  `area_cd` varchar(50) DEFAULT NULL COMMENT '전국지역코드',
  `man_com_cd` varchar(50) DEFAULT NULL COMMENT '위원회코드',
  `cat_acc_nm1` varchar(50) DEFAULT NULL COMMENT '거래처명',
  `cat_acc_oper` varchar(50) DEFAULT NULL COMMENT '사업자분류',
  `cat_acc_nm2` varchar(50) DEFAULT NULL COMMENT '거래처대표자명',
  `cat_acc_addr` varchar(50) DEFAULT NULL COMMENT '거래처사업장주소',
  `cat_acc_no1` varchar(50) DEFAULT NULL COMMENT '거래처사업자등록번호',
  `cat_acc_no2` varchar(50) DEFAULT NULL COMMENT '거래처법인등록번호',
  `cat_acc_phone1` varchar(50) DEFAULT NULL COMMENT '거래처팩스번호',
  `cat_acc_phone2` varchar(50) DEFAULT NULL COMMENT '대표자 전화번호',
  `cat_acc_phone3` varchar(50) DEFAULT NULL COMMENT '거래처 대표번호',
  `cat_acc_email` varchar(50) DEFAULT NULL COMMENT '거래처이메일',
  `cat_acc_dt1` date DEFAULT NULL COMMENT '등록일자',
  `cat_acc_app` varchar(50) DEFAULT NULL COMMENT '승인자',
  `man_com_nm1` varchar(50) DEFAULT NULL COMMENT '위원회명',
  `cat_acc_dt2` date DEFAULT NULL COMMENT '승인일자',
  `cat_acc_con` varchar(50) DEFAULT NULL COMMENT '승인 상태',
  PRIMARY KEY (`cat_acc_cd`),
  KEY `FK_03_Area_City_Admin_TO_10_Cat_Account` (`areacity_admin_cd`),
  KEY `FK_02_Area_City_TO_10_Cat_Account` (`area_city_cd`),
  KEY `FK_01_Area_TO_10_Cat_Account` (`area_cd`),
  KEY `FK_13_Man_Com_TO_10_Cat_Account` (`man_com_cd`),
  CONSTRAINT `FK_01_Area_TO_10_Cat_Account` FOREIGN KEY (`area_cd`) REFERENCES `01_Area` (`area_cd`),
  CONSTRAINT `FK_02_Area_City_TO_10_Cat_Account` FOREIGN KEY (`area_city_cd`) REFERENCES `02_Area_City` (`area_city_cd`),
  CONSTRAINT `FK_03_Area_City_Admin_TO_10_Cat_Account` FOREIGN KEY (`areacity_admin_cd`) REFERENCES `03_Area_City_Admin` (`areacity_admin_cd`),
  CONSTRAINT `FK_13_Man_Com_TO_10_Cat_Account` FOREIGN KEY (`man_com_cd`) REFERENCES `13_Man_Com` (`man_com_cd`)
) ENGINE=InnoDB DEFAULT CHARSET=utf8 COMMENT='업종별 모든 거래처관리';

-- 테이블 데이터 dusthgks.10_Cat_Account:~49 rows (대략적) 내보내기
/*!40000 ALTER TABLE `10_Cat_Account` DISABLE KEYS */;
INSERT INTO `10_Cat_Account` (`cat_acc_cd`, `areacity_admin_cd`, `area_city_cd`, `area_cd`, `man_com_cd`, `cat_acc_nm1`, `cat_acc_oper`, `cat_acc_nm2`, `cat_acc_addr`, `cat_acc_no1`, `cat_acc_no2`, `cat_acc_phone1`, `cat_acc_phone2`, `cat_acc_phone3`, `cat_acc_email`, `cat_acc_dt1`, `cat_acc_app`, `man_com_nm1`, `cat_acc_dt2`, `cat_acc_con`) VALUES
	('catacc_001', 'admin_35', '35010', '35', 'man_com_009', '유한회사 마이관광여행사', '개인', '박진경', '전주시 덕진구 기린대로', '4028176331', '110111-0112352', '063-285-1645', '010-7758-5584', '063-587-5923', '@', '2019-05-27', '유윤희', '전주세계소리축제조직위원회', '2019-12-03', 'Y'),
	('catacc_002', 'admin_35', '35010', '35', 'man_com_009', '(유)스타관광', '개인', '남철희', '호성동', '4028174236', '110111-0112353', '063-285-1646', '010-7758-5585', '063-587-5924', '@', '2019-05-28', '유윤희', '전주세계소리축제조직위원회', '2019-12-04', 'Y'),
	('catacc_003', 'admin_35', '35010', '35', 'man_com_009', '유한회사 삼남해외관광', '개인', '김주호', '효자동', '4028124570', '110111-0112354', '063-285-1647', '010-7758-5586', '063-587-5925', '@', '2019-05-29', '유윤희', '전주세계소리축제조직위원회', '2019-12-05', 'Y'),
	('catacc_004', 'admin_35', '35010', '35', 'man_com_009', '(유)평화관광', '개인', '정종헌', '효자동', '4028141680', '110111-0112355', '063-285-1648', '010-7758-5587', '063-587-5926', '@', '2019-05-30', '유윤희', '전주세계소리축제조직위원회', '2019-12-06', 'Y'),
	('catacc_005', 'admin_35', '35010', '35', 'man_com_009', '(유)코끼리관광여행사', '개인', '김상권', '효자동', '4028152362', '110111-0112356', '063-285-1649', '010-7758-5588', '063-587-5927', '@', '2019-01-11', '유윤희', '전주세계소리축제조직위원회', '2019-12-07', 'Y'),
	('catacc_006', 'admin_35', '35010', '35', 'man_com_009', '유한회사 케이에스', '개인', '강수연', '효자동', '4048124993', '110111-0112357', '063-285-1650', '010-7758-5589', '063-587-5928', '@', '2019-01-12', '유윤희', '전주세계소리축제조직위원회', '2019-12-08', 'Y'),
	('catacc_007', 'admin_35', '35010', '35', 'man_com_009', '아트벨광고사', '개인', '김영덕', '효자동', '4010976759', '110111-0112358', '063-285-1651', '010-7758-5590', '063-587-5929', '@', '2019-01-13', '유윤희', '전주세계소리축제조직위원회', '2019-12-09', 'Y'),
	('catacc_008', 'admin_35', '35010', '35', 'man_com_009', '유토피아', '개인', '노수오', '효자동', '4020548393', '110111-0112359', '063-285-1652', '010-7758-5591', '063-587-5930', '@', '2019-01-14', '유윤희', '전주세계소리축제조직위원회', '2019-12-10', 'Y'),
	('catacc_009', 'admin_35', '35010', '35', 'man_com_009', '주식회사 디자인밸리', '개인', '정동식', '효자동', '4028122626', '110111-0112360', '063-285-1653', '010-7758-5592', '063-587-5931', '@', '2019-01-15', '유윤희', '전주세계소리축제조직위원회', '2019-12-11', 'Y'),
	('catacc_010', 'admin_35', '35010', '35', 'man_com_009', '대광기획광고', '개인', '공안규', '효자동', '4180312412', '110111-0112361', '063-285-1654', '010-7758-5593', '063-587-5932', '@', '2019-01-16', '유윤희', '전주세계소리축제조직위원회', '2019-12-12', 'Y'),
	('catacc_011', 'admin_35', '35010', '35', 'man_com_009', '사단법인 꼭두', '개인', '노지인', '효자동', '4028221060', '110111-0112362', '063-285-1655', '010-7758-5594', '063-587-5933', '@', '2019-01-17', '유윤희', '전주세계소리축제조직위원회', '2019-12-12', 'Y'),
	('catacc_012', 'admin_35', '35010', '35', 'man_com_009', '주식회사 퍼니아츠컴퍼니', '개인', '김유진', '효자동', '4028192802', '110111-0112363', '063-285-1656', '010-7758-5595', '063-587-5934', '@', '2019-01-18', '유윤희', '전주세계소리축제조직위원회', '2019-12-12', 'Y'),
	('catacc_013', 'admin_35', '35010', '35', 'man_com_009', '전주이벤트', '개인', '신정용', '효자동', '4180552567', '110111-0112364', '063-285-1657', '010-7758-5596', '063-587-5935', '@', '2019-01-19', '유윤희', '전주세계소리축제조직위원회', '2019-12-12', 'Y'),
	('catacc_014', 'admin_35', '35010', '35', 'man_com_009', '주식회사 디자인밸리', '개인', '정동식', '효자동', '4028122626', '110111-0112365', '063-285-1658', '010-7758-5597', '063-587-5936', '@', '2019-01-20', '유윤희', '전주세계소리축제조직위원회', '2019-12-12', 'Y'),
	('catacc_015', 'admin_35', '35010', '35', 'man_com_009', '다비치유한회사', '개인', '오근순', '효자동', '5368700515', '110111-0112366', '063-285-1659', '010-7758-5598', '063-587-5937', '@', '2019-01-21', '유윤희', '전주세계소리축제조직위원회', '2019-12-12', 'Y'),
	('catacc_016', 'admin_35', '35010', '35', 'man_com_009', 'A Nation(에이네이션)', '개인', '임호영', '효자동', '1140581122', '110111-0112367', '063-285-1660', '010-7758-5599', '063-587-5938', '@', '2019-01-22', '유윤희', '전주세계소리축제조직위원회', '2019-12-12', 'Y'),
	('catacc_017', 'admin_35', '35010', '35', 'man_com_009', '유한회사거동', '개인', '홍광춘', '효자동', '1658800663', '110111-0112368', '063-285-1661', '010-7758-5600', '063-587-5939', '@', '2019-01-23', '유윤희', '전주세계소리축제조직위원회', '2019-12-12', 'Y'),
	('catacc_018', 'admin_35', '35010', '35', 'man_com_009', '주식회사 레인보우포켓', '개인', '이문순', '효자동', '3558700347', '110111-0112369', '063-285-1662', '010-7758-5601', '063-587-5940', '@', '2019-01-24', '유윤희', '전주세계소리축제조직위원회', '2019-12-12', 'Y'),
	('catacc_019', 'admin_35', '35010', '35', 'man_com_009', '다비드 주식회사', '개인', '최양임', '효자동', '4028607940', '110111-0112370', '063-285-1663', '010-7758-5602', '063-587-5941', '@', '2019-01-25', '유윤희', '전주세계소리축제조직위원회', '2019-12-12', 'Y'),
	('catacc_020', 'admin_35', '35010', '35', 'man_com_009', '유한회사 아트기획', '개인', '정진홍', '효자동', '4978600950', '110111-0112371', '063-285-1664', '010-7758-5603', '063-587-5942', '@', '2019-01-26', '유윤희', '전주세계소리축제조직위원회', '2019-12-12', 'Y'),
	('catacc_021', 'admin_35', '35010', '35', 'man_com_009', '주식회사 유원전력조명', '개인', '조병옥', '효자동', '4038156148', '110111-0112372', '063-285-1665', '010-7758-5604', '063-587-5943', '@', '2019-01-27', '유윤희', '전주세계소리축제조직위원회', '2019-12-12', 'Y'),
	('catacc_022', 'admin_35', '35010', '35', 'man_com_009', '지엘 주식회사', '개인', '유득한', '효자동', '4038157827', '110111-0112373', '063-285-1666', '010-7758-5605', '063-587-5944', '@', '2019-06-05', '유윤희', '전주세계소리축제조직위원회', '2019-12-12', 'Y'),
	('catacc_023', 'admin_35', '35010', '35', 'man_com_009', '탑팀', '개인', '정유신', '효자동', '4180558144', '110111-0112374', '063-285-1667', '010-7758-5606', '063-587-5945', '@', '2019-06-06', '유윤희', '전주세계소리축제조직위원회', '2019-12-12', 'Y'),
	('catacc_024', 'admin_35', '35010', '35', 'man_com_009', '한두레이벤트', '개인', '최은희', '효자동', '4180140971', '110111-0112375', '063-285-1668', '010-7758-5607', '063-587-5946', '@', '2019-06-07', '유윤희', '전주세계소리축제조직위원회', '2019-12-12', 'Y'),
	('catacc_025', 'admin_35', '35010', '35', 'man_com_009', '건강행복이야기', '개인', '한인우', '효자동', '1670401033', '110111-0112376', '063-285-1669', '010-7758-5608', '063-587-5947', '@', '2019-06-08', '유윤희', '전주세계소리축제조직위원회', '2019-12-12', 'Y'),
	('catacc_026', 'admin_35', '35010', '35', 'man_com_009', '주식회사 퍼니아츠컴퍼니', '개인', '김유진', '효자동', '4028192802', '110111-0112377', '063-285-1670', '010-7758-5609', '063-587-5948', '@', '2019-06-09', '유윤희', '전주세계소리축제조직위원회', '2019-12-12', 'Y'),
	('catacc_027', 'admin_35', '35010', '35', 'man_com_009', '주식회사 나인커뮤니케이션', '개인', '장희솜', '효자동', '4028199955', '110111-0112378', '063-285-1671', '010-7758-5610', '063-587-5949', '@', '2019-06-10', '유윤희', '전주세계소리축제조직위원회', '2019-12-12', 'Y'),
	('catacc_028', 'admin_35', '35010', '35', 'man_com_009', '(유)와이기획이벤트', '개인', '김형채', '효자동', '4188127951', '110111-0112379', '063-285-1672', '010-7758-5611', '063-587-5950', '@', '2019-06-11', '유윤희', '전주세계소리축제조직위원회', '2019-12-12', 'Y'),
	('catacc_029', 'admin_35', '35010', '35', 'man_com_009', '두인기획', '개인', '박호석', '효자동', '4180290177', '110111-0112380', '063-285-1673', '010-7758-5612', '063-587-5951', '@', '2019-06-12', '유윤희', '전주세계소리축제조직위원회', '2019-12-12', 'Y'),
	('catacc_030', 'admin_35', '35010', '35', 'man_com_009', '(주)전주엠비씨프로덕션(JMPRO)', '개인', '김차동', '효자동', '4028178310', '110111-0112381', '063-285-1674', '010-7758-5613', '063-587-5952', '@', '2019-06-13', '유윤희', '전주세계소리축제조직위원회', '2019-12-12', 'Y'),
	('catacc_031', 'admin_35', '35010', '35', 'man_com_009', '유한회사 이앤엠', '개인', '김정용', '효자동', '6028600358', '110111-0112382', '063-285-1675', '010-7758-5614', '063-587-5953', '@', '2019-06-14', '유윤희', '전주세계소리축제조직위원회', '2019-12-12', 'Y'),
	('catacc_032', 'admin_35', '35010', '35', 'man_com_009', '세진', '개인', '한세진', '효자동', '4090949386', '110111-0112383', '063-285-1676', '010-7758-5615', '063-587-5954', '@', '2019-06-15', '유윤희', '전주세계소리축제조직위원회', '2019-12-12', 'Y'),
	('catacc_033', 'admin_35', '35010', '35', 'man_com_009', '유한회사 애드컴', '개인', '김성한', '효자동', '4188114780', '110111-0112384', '063-285-1677', '010-7758-5616', '063-587-5955', '@', '2019-06-16', '유윤희', '전주세계소리축제조직위원회', '2019-12-12', 'Y'),
	('catacc_034', 'admin_35', '35010', '35', 'man_com_009', '유한회사 네오애드', '개인', '임상범', '효자동', '4028157498', '110111-0112385', '063-285-1678', '010-7758-5617', '063-587-5956', '@', '2019-06-17', '유윤희', '전주세계소리축제조직위원회', '2019-12-12', 'Y'),
	('catacc_035', 'admin_35', '35010', '35', 'man_com_009', '주식회사 한진기획.광고개발', '개인', '이운교', '효자동', '4188119470', '110111-0112386', '063-285-1679', '010-7758-5618', '063-587-5957', '@', '2019-06-18', '유윤희', '전주세계소리축제조직위원회', '2019-12-12', 'Y'),
	('catacc_036', 'admin_35', '35010', '35', 'man_com_009', '태상 유한회사', '개인', '유득현', '효자동', '4188116167', '110111-0112387', '063-285-1680', '010-7758-5619', '063-587-5958', '@', '2019-06-19', '유윤희', '전주세계소리축제조직위원회', '2019-12-12', 'Y'),
	('catacc_037', 'admin_35', '35010', '35', 'man_com_009', '엘이디리더', '개인', '이창훈', '효자동', '4022474096', '110111-0112388', '063-285-1681', '010-7758-5620', '063-587-5959', '@', '2019-06-20', '유윤희', '전주세계소리축제조직위원회', '2019-12-12', 'Y'),
	('catacc_038', 'admin_35', '35010', '35', 'man_com_009', '스타이벤트컴퍼니', '개인', '윤형삼', '효자동', '4031378522', '110111-0112389', '063-285-1682', '010-7758-5621', '063-587-5960', '@', '2019-06-21', '유윤희', '전주세계소리축제조직위원회', '2019-12-12', 'Y'),
	('catacc_039', 'admin_35', '35010', '35', 'man_com_009', 'M60musicamp（엠육공뮤직캠프)', '개인', '이석재', '효자동', '4030474276', '110111-0112390', '063-285-1683', '010-7758-5622', '063-587-5961', '@', '2019-11-02', '유윤희', '전주세계소리축제조직위원회', '2019-12-12', 'Y'),
	('catacc_040', 'admin_35', '35010', '35', 'man_com_009', '탑', '개인', '문영희', '효자동', '4020235034', '110111-0112391', '063-285-1684', '010-7758-5623', '063-587-5962', '@', '2019-11-03', '유윤희', '전주세계소리축제조직위원회', '2019-12-12', 'Y'),
	('catacc_041', 'admin_35', '35010', '35', 'man_com_009', '유한회사 대현아이앤이', '개인', '이영덕', '효자동', '4038118576', '110111-0112392', '063-285-1685', '010-7758-5624', '063-587-5963', '@', '2019-11-04', '유윤희', '전주세계소리축제조직위원회', '2019-12-12', 'Y'),
	('catacc_042', 'admin_35', '35010', '35', 'man_com_009', '스텔라', '개인', '배근아', '효자동', '4180249488', '110111-0112393', '063-285-1686', '010-7758-5625', '063-587-5964', '@', '2019-11-05', '유윤희', '전주세계소리축제조직위원회', '2019-12-12', 'Y'),
	('catacc_043', 'admin_35', '35010', '35', 'man_com_009', '싸이버기획', '개인', '박재성', '효자동', '4021637058', '110111-0112394', '063-285-1687', '010-7758-5626', '063-587-5965', '@', '2019-11-06', '유윤희', '전주세계소리축제조직위원회', '2019-12-12', 'Y'),
	('catacc_044', 'admin_35', '35010', '35', 'man_com_009', '유한회사 로한', '개인', '이근', '효자동', '7298700780', '110111-0112395', '063-285-1688', '010-7758-5627', '063-587-5966', '@', '2019-11-07', '유윤희', '전주세계소리축제조직위원회', '2019-12-12', 'Y'),
	('catacc_045', 'admin_35', '35010', '35', 'man_com_009', '주식회사 참연', '개인', '이병준', '효자동', '4188143382', '110111-0112396', '063-285-1689', '010-7758-5628', '063-587-5967', '@', '2019-11-08', '유윤희', '전주세계소리축제조직위원회', '2019-12-12', 'Y'),
	('catacc_046', 'admin_35', '35010', '35', 'man_com_009', '다다애드', '개인', '김대호', '효자동', '1750900840', '110111-0112397', '063-285-1690', '010-7758-5629', '063-587-5968', '@', '2019-11-09', '유윤희', '전주세계소리축제조직위원회', '2019-12-12', 'Y'),
	('catacc_047', 'admin_35', '35010', '35', 'man_com_009', '고려기획', '개인', '박서정', '효자동', '4180558955', '110111-0112398', '063-285-1691', '010-7758-5630', '063-587-5969', '@', '2019-11-10', '유윤희', '전주세계소리축제조직위원회', '2019-12-12', 'Y'),
	('catacc_048', 'admin_35', '35010', '35', 'man_com_009', '유한회사 십년지기', '개인', '이종하', '효자동', '1078841519', '110111-0112399', '063-285-1692', '010-7758-5631', '063-587-5970', '@', '2019-11-11', '유윤희', '전주세계소리축제조직위원회', '2019-12-12', 'Y'),
	('catacc_049', 'admin_35', '35010', '35', 'man_com_009', '22번테이블 연결할 회사가없다', '개인', '홍길동', '홍길동', NULL, NULL, NULL, NULL, NULL, NULL, NULL, '유윤희', '전주세계소리축제조직위원회', '2019-07-04', 'Y');
/*!40000 ALTER TABLE `10_Cat_Account` ENABLE KEYS */;

-- 테이블 dusthgks.11_Cat_Approval_Account 구조 내보내기
CREATE TABLE IF NOT EXISTS `11_Cat_Approval_Account` (
  `catapp_acc_cd` varchar(50) NOT NULL COMMENT '거래처별 승인 업종 코드',
  `areacity_admin_cd` varchar(50) DEFAULT NULL COMMENT '모든 행정기관코드',
  `catbus_acc_cd` varchar(50) DEFAULT NULL COMMENT '거래처 업종 분류코드',
  `cat_acc_cd` varchar(50) DEFAULT NULL COMMENT '거래처코드',
  `area_city_cd` varchar(50) DEFAULT NULL COMMENT '모든 지역 시군코드',
  `area_cd` varchar(50) DEFAULT NULL COMMENT '전국지역코드',
  `man_com_cd` varchar(50) DEFAULT NULL COMMENT '위원회코드',
  `cat_acc_nm1` varchar(50) DEFAULT NULL COMMENT '거래처명',
  `catbus_acc_bus` varchar(50) DEFAULT NULL COMMENT '거래처업종분류',
  `catapp_acc_app` varchar(50) DEFAULT NULL COMMENT '승인자',
  `man_com_nm1` varchar(50) DEFAULT NULL COMMENT '위원회명',
  `catapp_acc_dt` date DEFAULT NULL COMMENT '승인일자',
  `catapp_acc_con` varchar(50) DEFAULT NULL COMMENT '승인 상태',
  PRIMARY KEY (`catapp_acc_cd`),
  KEY `FK_03_Area_City_Admin_TO_11_Cat_Approval_Account` (`areacity_admin_cd`),
  KEY `FK_09_Cat_Business_Account_TO_11_Cat_Approval_Account` (`catbus_acc_cd`),
  KEY `FK_02_Area_City_TO_11_Cat_Approval_Account` (`area_city_cd`),
  KEY `FK_01_Area_TO_11_Cat_Approval_Account` (`area_cd`),
  KEY `FK_10_Cat_Account_TO_11_Cat_Approval_Account` (`cat_acc_cd`),
  KEY `FK_13_Man_Com_TO_11_Cat_Approval_Account` (`man_com_cd`),
  CONSTRAINT `FK_01_Area_TO_11_Cat_Approval_Account` FOREIGN KEY (`area_cd`) REFERENCES `01_Area` (`area_cd`),
  CONSTRAINT `FK_02_Area_City_TO_11_Cat_Approval_Account` FOREIGN KEY (`area_city_cd`) REFERENCES `02_Area_City` (`area_city_cd`),
  CONSTRAINT `FK_03_Area_City_Admin_TO_11_Cat_Approval_Account` FOREIGN KEY (`areacity_admin_cd`) REFERENCES `03_Area_City_Admin` (`areacity_admin_cd`),
  CONSTRAINT `FK_09_Cat_Business_Account_TO_11_Cat_Approval_Account` FOREIGN KEY (`catbus_acc_cd`) REFERENCES `09_Cat_Business_Account` (`catbus_acc_cd`),
  CONSTRAINT `FK_10_Cat_Account_TO_11_Cat_Approval_Account` FOREIGN KEY (`cat_acc_cd`) REFERENCES `10_Cat_Account` (`cat_acc_cd`),
  CONSTRAINT `FK_13_Man_Com_TO_11_Cat_Approval_Account` FOREIGN KEY (`man_com_cd`) REFERENCES `13_Man_Com` (`man_com_cd`)
) ENGINE=InnoDB DEFAULT CHARSET=utf8 COMMENT='하나의 거래처별 승인업종';

-- 테이블 데이터 dusthgks.11_Cat_Approval_Account:~18 rows (대략적) 내보내기
/*!40000 ALTER TABLE `11_Cat_Approval_Account` DISABLE KEYS */;
INSERT INTO `11_Cat_Approval_Account` (`catapp_acc_cd`, `areacity_admin_cd`, `catbus_acc_cd`, `cat_acc_cd`, `area_city_cd`, `area_cd`, `man_com_cd`, `cat_acc_nm1`, `catbus_acc_bus`, `catapp_acc_app`, `man_com_nm1`, `catapp_acc_dt`, `catapp_acc_con`) VALUES
	('catapp_acc_001', 'admin_35', 'catbus_acc_008', 'catacc_004', '35010', '35', 'man_com_010', '(유)평화관광', '기타', '최다미', '전주세계소리축제조직위원회', '2019-12-03', 'Y'),
	('catapp_acc_002', 'admin_35', 'catbus_acc_008', 'catacc_005', '35010', '35', 'man_com_010', '(유)코끼리관광여행사', '기타', '최다미', '전주세계소리축제조직위원회', '2019-12-04', 'Y'),
	('catapp_acc_003', 'admin_35', 'catbus_acc_001', 'catacc_006', '35010', '35', 'man_com_010', '유한회사 케이에스', '홍보대행업체', '최다미', '전주세계소리축제조직위원회', '2019-12-05', 'Y'),
	('catapp_acc_004', 'admin_35', 'catbus_acc_001', 'catacc_007', '35010', '35', 'man_com_010', '아트벨광고사', '홍보대행업체', '최다미', '전주세계소리축제조직위원회', '2019-12-06', 'Y'),
	('catapp_acc_005', 'admin_35', 'catbus_acc_001', 'catacc_008', '35010', '35', 'man_com_010', '유토피아', '홍보대행업체', '최다미', '전주세계소리축제조직위원회', '2019-12-07', 'Y'),
	('catapp_acc_006', 'admin_35', 'catbus_acc_001', 'catacc_009', '35010', '35', 'man_com_010', '주식회사 디자인밸리', '홍보대행업체', '최다미', '전주세계소리축제조직위원회', '2019-12-08', 'Y'),
	('catapp_acc_007', 'admin_35', 'catbus_acc_001', 'catacc_010', '35010', '35', 'man_com_010', '대광기획광고', '홍보대행업체', '최다미', '전주세계소리축제조직위원회', '2019-12-09', 'Y'),
	('catapp_acc_008', 'admin_35', 'catbus_acc_003', 'catacc_011', '35010', '35', 'man_com_010', '사단법인 꼭두', '행사대행업체', '최다미', '전주세계소리축제조직위원회', '2019-12-10', 'Y'),
	('catapp_acc_009', 'admin_35', 'catbus_acc_003', 'catacc_012', '35010', '35', 'man_com_010', '주식회사 퍼니아츠컴퍼니', '행사대행업체', '최다미', '전주세계소리축제조직위원회', '2019-12-11', 'Y'),
	('catapp_acc_010', 'admin_35', 'catbus_acc_005', 'catacc_013', '35010', '35', 'man_com_010', '전주이벤트', '시설대행업체', '최다미', '전주세계소리축제조직위원회', '2019-12-12', 'Y'),
	('catapp_acc_011', 'admin_35', 'catbus_acc_005', 'catacc_014', '35010', '35', 'man_com_010', '주식회사 디자인밸리', '시설대행업체', '최다미', '전주세계소리축제조직위원회', '2019-12-12', 'Y'),
	('catapp_acc_012', 'admin_35', 'catbus_acc_005', 'catacc_015', '35010', '35', 'man_com_009', '다비치유한회사', '시설대행업체', '최다미', '전주세계소리축제조직위원회', '2019-12-12', 'Y'),
	('catapp_acc_013', 'admin_35', 'catbus_acc_005', 'catacc_016', '35010', '35', 'man_com_010', 'A Nation(에이네이션)', '시설대행업체', '최다미', '전주세계소리축제조직위원회', '2019-12-12', 'Y'),
	('catapp_acc_014', 'admin_35', 'catbus_acc_005', 'catacc_039', '35010', '35', 'man_com_010', 'M60musicamp（엠육공뮤직캠프)', '시설대행업체', '최다미', '전주세계소리축제조직위원회', '2019-12-12', 'Y'),
	('catapp_acc_015', 'admin_35', 'catbus_acc_007', 'catacc_039', '35010', '35', 'man_com_010', 'M60musicamp（엠육공뮤직캠프)', '무대설치대행업체', '최다미', '전주세계소리축제조직위원회', '2019-12-12', 'Y'),
	('catapp_acc_016', 'admin_35', 'catbus_acc_008', 'catacc_039', '35010', '35', 'man_com_010', 'M60musicamp（엠육공뮤직캠프)', '기타', '최다미', '전주세계소리축제조직위원회', '2019-12-12', 'Y'),
	('catapp_acc_017', 'admin_35', 'catbus_acc_003', 'catacc_002', '35010', '35', 'man_com_010', '(유)스타관광', '행사대행업체', '최다미', '전주세계소리축제조직위원회', '2019-12-12', 'Y'),
	('catapp_acc_018', 'admin_35', 'catbus_acc_003', 'catacc_049', '35010', '35', 'man_com_010', '22번테이블 연결할 회사가없다', '행사대행업체', '최다미', '전주세계소리축제조직위원회', '2019-07-05', 'Y');
/*!40000 ALTER TABLE `11_Cat_Approval_Account` ENABLE KEYS */;

-- 테이블 dusthgks.12_Account_Member 구조 내보내기
CREATE TABLE IF NOT EXISTS `12_Account_Member` (
  `acc_mem_cd` varchar(50) NOT NULL COMMENT '하나의 거래처별 소속 회원코드',
  `mem_cd` varchar(20) DEFAULT NULL COMMENT '회원코드',
  `mem_lev_cd` varchar(20) DEFAULT NULL COMMENT '모든 회원 레벨코드',
  `cat_acc_cd` varchar(50) DEFAULT NULL COMMENT '거래처코드',
  `catbus_acc_cd` varchar(50) DEFAULT NULL COMMENT '거래처 업종 분류코드',
  `catapp_acc_cd` varchar(50) DEFAULT NULL COMMENT '거래처별 승인 업종 코드',
  `cat_acc_nm1` varchar(50) DEFAULT NULL COMMENT '거래처명',
  `catbus_acc_bus` varchar(50) DEFAULT NULL COMMENT '거래처업종분류',
  `acc_mem_nm` varchar(50) DEFAULT NULL COMMENT '거래처 소속 회원이름',
  `acc_mem_addr` varchar(50) DEFAULT NULL COMMENT '주소',
  `acc_mem_phone` varchar(50) DEFAULT NULL COMMENT '전화번호	',
  `acc_mem_email` varchar(50) DEFAULT NULL COMMENT '이메일',
  `acc_mem_dt1` date DEFAULT NULL COMMENT '생년월일',
  `acc_mem_dt2` date DEFAULT NULL COMMENT '가입일자',
  PRIMARY KEY (`acc_mem_cd`),
  KEY `FK_09_Cat_Business_Account_TO_12_Account_Member` (`catbus_acc_cd`),
  KEY `FK_07_Member_TO_12_Account_Member` (`mem_cd`),
  KEY `FK_06_Member_Lev_TO_12_Account_Member` (`mem_lev_cd`),
  KEY `FK_10_Cat_Account_TO_12_Account_Member` (`cat_acc_cd`),
  KEY `FK_11_Cat_Approval_Account_TO_12_Account_Member` (`catapp_acc_cd`),
  CONSTRAINT `FK_06_Member_Lev_TO_12_Account_Member` FOREIGN KEY (`mem_lev_cd`) REFERENCES `06_Member_Lev` (`mem_lev_cd`),
  CONSTRAINT `FK_07_Member_TO_12_Account_Member` FOREIGN KEY (`mem_cd`) REFERENCES `07_Member` (`mem_cd`),
  CONSTRAINT `FK_09_Cat_Business_Account_TO_12_Account_Member` FOREIGN KEY (`catbus_acc_cd`) REFERENCES `09_Cat_Business_Account` (`catbus_acc_cd`),
  CONSTRAINT `FK_10_Cat_Account_TO_12_Account_Member` FOREIGN KEY (`cat_acc_cd`) REFERENCES `10_Cat_Account` (`cat_acc_cd`),
  CONSTRAINT `FK_11_Cat_Approval_Account_TO_12_Account_Member` FOREIGN KEY (`catapp_acc_cd`) REFERENCES `11_Cat_Approval_Account` (`catapp_acc_cd`)
) ENGINE=InnoDB DEFAULT CHARSET=utf8 COMMENT='하나의 거래처별 소속 회원관리';

-- 테이블 데이터 dusthgks.12_Account_Member:~17 rows (대략적) 내보내기
/*!40000 ALTER TABLE `12_Account_Member` DISABLE KEYS */;
INSERT INTO `12_Account_Member` (`acc_mem_cd`, `mem_cd`, `mem_lev_cd`, `cat_acc_cd`, `catbus_acc_cd`, `catapp_acc_cd`, `cat_acc_nm1`, `catbus_acc_bus`, `acc_mem_nm`, `acc_mem_addr`, `acc_mem_phone`, `acc_mem_email`, `acc_mem_dt1`, `acc_mem_dt2`) VALUES
	('acc_mem_001', 'mem_024', 'level_011', 'catacc_004', 'catbus_acc_008', 'catapp_acc_001', '(유)평화관광', '기타', '정종헌', '다', '103', '@', '1988-01-24', '2019-12-03'),
	('acc_mem_002', 'mem_025', 'level_011', 'catacc_005', 'catbus_acc_008', 'catapp_acc_002', '(유)코끼리관광여행사', '기타', '김상권', '다', '104', '@', '1988-01-25', '2019-12-04'),
	('acc_mem_003', 'mem_026', 'level_011', 'catacc_006', 'catbus_acc_001', 'catapp_acc_003', '유한회사 케이에스', '홍보대행업체', '강수연', '다', '105', '@', '1988-01-26', '2019-12-05'),
	('acc_mem_004', 'mem_027', 'level_011', 'catacc_007', 'catbus_acc_001', 'catapp_acc_004', '아트벨광고사', '홍보대행업체', '김영덕', '다', '106', '@', '1988-01-27', '2019-12-06'),
	('acc_mem_005', 'mem_028', 'level_011', 'catacc_008', 'catbus_acc_001', 'catapp_acc_005', '유토피아', '홍보대행업체', '노수오', '다', '107', '@', '1988-01-28', '2019-12-07'),
	('acc_mem_006', 'mem_029', 'level_011', 'catacc_009', 'catbus_acc_001', 'catapp_acc_006', '주식회사 디자인밸리', '홍보대행업체', '정동식', '다', '108', '@', '1988-01-29', '2019-12-08'),
	('acc_mem_007', 'mem_030', 'level_011', 'catacc_010', 'catbus_acc_001', 'catapp_acc_007', '대광기획광고', '홍보대행업체', '공안규', '다', '109', '@', '1988-01-30', '2019-12-09'),
	('acc_mem_008', 'mem_031', 'level_011', 'catacc_011', 'catbus_acc_003', 'catapp_acc_008', '사단법인 꼭두', '행사대행업체', '노지인', '라', '104', '@', '1988-01-31', '2019-12-03'),
	('acc_mem_009', 'mem_032', 'level_011', 'catacc_012', 'catbus_acc_003', 'catapp_acc_009', '주식회사 퍼니아츠컴퍼니', '행사대행업체', '김유진', '라', '105', '@', '1988-02-01', '2019-12-04'),
	('acc_mem_010', 'mem_033', 'level_011', 'catacc_013', 'catbus_acc_005', 'catapp_acc_010', '전주이벤트', '시설대행업체', '신정용', '라', '106', '@', '1988-02-02', '2019-12-05'),
	('acc_mem_011', 'mem_029', 'level_012', 'catacc_009', 'catbus_acc_001', 'catapp_acc_006', '주식회사 디자인밸리', '홍보대행업체', '정동식', '라', '107', '@', '1988-01-29', '2019-12-06'),
	('acc_mem_012', 'mem_035', 'level_012', 'catacc_015', 'catbus_acc_005', 'catapp_acc_012', '다비치유한회사', '시설대행업체', '오근순', '라', '108', '@', '1988-02-04', '2019-12-07'),
	('acc_mem_013', 'mem_036', 'level_012', 'catacc_016', 'catbus_acc_005', 'catapp_acc_013', 'A Nation(에이네이션)', '시설대행업체', '임호영', '라', '109', '@', '1988-02-05', '2019-12-08'),
	('acc_mem_014', 'mem_037', 'level_012', 'catacc_039', 'catbus_acc_005', 'catapp_acc_014', 'M60musicamp（엠육공뮤직캠프)', '시설대행업체', '이석재', '라', '110', '@', '1988-02-06', '2019-12-09'),
	('acc_mem_015', 'mem_038', 'level_012', 'catacc_039', 'catbus_acc_005', 'catapp_acc_014', 'M60musicamp（엠육공뮤직캠프)', '시설대행업체', '변다심', '라', '111', '@', '1988-02-07', '2019-12-10'),
	('acc_mem_016', 'mem_039', 'level_012', 'catacc_039', 'catbus_acc_005', 'catapp_acc_014', 'M60musicamp（엠육공뮤직캠프)', '시설대행업체', '김승은', '라', '112', '@', '1988-02-08', '2019-12-11'),
	('acc_mem_017', 'mem_040', 'level_012', 'catacc_049', 'catbus_acc_003', 'catapp_acc_018', '22번테이블 연결할 회사가없다', '행사대행업체', '김도민님 이테이블의 목적이 무엇입니까?', '이 업체는 행사대행에서 구체적으로 무엇을 하나요?', '1번행 정종헌님의 회사는 무엇을 하는 회사인가요?', NULL, NULL, NULL);
/*!40000 ALTER TABLE `12_Account_Member` ENABLE KEYS */;

-- 테이블 dusthgks.13_Man_Com 구조 내보내기
CREATE TABLE IF NOT EXISTS `13_Man_Com` (
  `man_com_cd` varchar(50) NOT NULL COMMENT '위원회코드',
  `areacity_admin_cd` varchar(50) DEFAULT NULL COMMENT '모든 행정기관코드',
  `mem_cd` varchar(20) DEFAULT NULL COMMENT '회원코드',
  `mem_lev_cd` varchar(20) DEFAULT NULL COMMENT '모든 회원 레벨코드',
  `fest_cd` varchar(50) DEFAULT NULL COMMENT '축제코드',
  `exa_rep_cd` varchar(50) DEFAULT NULL COMMENT '모든 심사 결과',
  `area_city_cd` varchar(50) DEFAULT NULL COMMENT '모든 지역 시군코드',
  `area_cd` varchar(50) DEFAULT NULL COMMENT '전국지역코드',
  `fest_nm` varchar(50) DEFAULT NULL COMMENT '축제명',
  `man_com_cat` varchar(20) DEFAULT NULL COMMENT '위원회 분류',
  `man_com_nm1` varchar(20) DEFAULT NULL COMMENT '위원회명',
  `man_com_dep` varchar(20) DEFAULT NULL COMMENT '위원회부서',
  `man_com_rank` varchar(20) DEFAULT NULL COMMENT '직급',
  `com_mem_nm2` varchar(20) DEFAULT NULL COMMENT '이름',
  `man_com_job` varchar(20) DEFAULT NULL COMMENT '소속',
  `man_com_dt1` date DEFAULT NULL COMMENT '작성일자',
  `man_com_app` varchar(20) DEFAULT NULL COMMENT '승인자',
  `man_com_dt2` date DEFAULT NULL COMMENT '승인일자',
  `man_com_con` varchar(20) DEFAULT NULL COMMENT '승인 상태',
  PRIMARY KEY (`man_com_cd`),
  KEY `FK_07_Member_TO_13_Man_Com` (`mem_cd`),
  KEY `FK_03_Area_City_Admin_TO_13_Man_Com` (`areacity_admin_cd`),
  KEY `FK_01_Area_TO_13_Man_Com` (`area_cd`),
  KEY `FK_02_Area_City_TO_13_Man_Com` (`area_city_cd`),
  KEY `FK_06_Member_Lev_TO_13_Man_Com` (`mem_lev_cd`),
  KEY `FK_18_Festival_TO_13_Man_Com` (`fest_cd`),
  KEY `FK_23_Exa_Report_TO_13_Man_Com` (`exa_rep_cd`),
  CONSTRAINT `FK_01_Area_TO_13_Man_Com` FOREIGN KEY (`area_cd`) REFERENCES `01_Area` (`area_cd`),
  CONSTRAINT `FK_02_Area_City_TO_13_Man_Com` FOREIGN KEY (`area_city_cd`) REFERENCES `02_Area_City` (`area_city_cd`),
  CONSTRAINT `FK_03_Area_City_Admin_TO_13_Man_Com` FOREIGN KEY (`areacity_admin_cd`) REFERENCES `03_Area_City_Admin` (`areacity_admin_cd`),
  CONSTRAINT `FK_06_Member_Lev_TO_13_Man_Com` FOREIGN KEY (`mem_lev_cd`) REFERENCES `06_Member_Lev` (`mem_lev_cd`),
  CONSTRAINT `FK_07_Member_TO_13_Man_Com` FOREIGN KEY (`mem_cd`) REFERENCES `07_Member` (`mem_cd`),
  CONSTRAINT `FK_18_Festival_TO_13_Man_Com` FOREIGN KEY (`fest_cd`) REFERENCES `18_Festival` (`fest_cd`)
) ENGINE=InnoDB DEFAULT CHARSET=utf8 COMMENT='위원회 관리';

-- 테이블 데이터 dusthgks.13_Man_Com:~21 rows (대략적) 내보내기
/*!40000 ALTER TABLE `13_Man_Com` DISABLE KEYS */;
INSERT INTO `13_Man_Com` (`man_com_cd`, `areacity_admin_cd`, `mem_cd`, `mem_lev_cd`, `fest_cd`, `exa_rep_cd`, `area_city_cd`, `area_cd`, `fest_nm`, `man_com_cat`, `man_com_nm1`, `man_com_dep`, `man_com_rank`, `com_mem_nm2`, `man_com_job`, `man_com_dt1`, `man_com_app`, `man_com_dt2`, `man_com_con`) VALUES
	('man_com_001', 'admin_35', 'mem_002', 'level_010', 'all_fest_350136', '김도민님 조윤상님과 상의해서 정확한 FK값 넣으세요', '35010', '35', '전주세계소리축제', '추진위원회', '전주세계소리축제조직위', '상임위원회', '명예조직위원장', '송하진', '전라북도지사', '2019-12-05', '김 한', '2019-12-01', 'Y'),
	('man_com_002', 'admin_35', 'mem_003', 'level_011', 'all_fest_350136', '김도민님 조윤상님과 상의해서 정확한 FK값 넣으세요', '35010', '35', '전주세계소리축제', '추진위원회', '전주세계소리축제조직위', '상임위원회', '조직위원장', '김 한', 'jb금융 회장', '2019-12-06', '김 한', '2019-12-02', 'Y'),
	('man_com_003', 'admin_35', 'mem_004', 'level_011', 'all_fest_350136', '김도민님 조윤상님과 상의해서 정확한 FK값 넣으세요', '35010', '35', '전주세계소리축제', '추진위원회', '전주세계소리축제조직위', '상임위원회', '집행위원장', '박재천', '예술인', '2019-12-07', '김 한', '2019-12-03', 'Y'),
	('man_com_004', 'admin_35', 'mem_005', 'level_011', 'all_fest_350136', '김도민님 조윤상님과 상의해서 정확한 FK값 넣으세요', '35010', '35', '전주세계소리축제', '추진위원회', '전주세계소리축제조직위', '상임위원회', '부위원장', '최동현', '군산대학교 국문과 교수', '2019-12-08', '김 한', '2019-12-04', 'Y'),
	('man_com_005', 'admin_35', 'mem_006', 'level_011', 'all_fest_350136', '', '35010', '35', '전주세계소리축제', '추진위원회', '전주세계소리축제조직위', '상임위원회', '부위원장', '선기현', '한국예총 전북연합회장', '2019-12-09', '김 한', '2019-12-05', 'Y'),
	('man_com_006', 'admin_35', 'mem_007', 'level_011', 'all_fest_350136', '', '35010', '35', '전주세계소리축제', '추진위원회', '전주세계소리축제조직위', '상임위원회', '상임위원', '황철호', '전라북도 문화체육관광국장', '2019-12-10', '김 한', '2019-12-06', 'Y'),
	('man_com_007', 'admin_35', 'mem_008', 'level_011', 'all_fest_350136', '', '35010', '35', '전주세계소리축제', '추진위원회', '전주세계소리축제조직위', '상임위원회', '상임위원', '심인택', '우석대학교 국악과 교수', '2019-12-11', '김 한', '2019-12-07', 'Y'),
	('man_com_008', 'admin_35', 'mem_009', 'level_011', 'all_fest_350136', '', '35010', '35', '전주세계소리축제', '추진위원회', '전주세계소리축제조직위', '사무국', '사무국장', '김동희', '전주세계소리축제조직위원회', '2019-12-12', '김 한', '2019-12-08', 'Y'),
	('man_com_009', 'admin_35', 'mem_010', 'level_011', 'all_fest_350136', NULL, '35010', '35', '전주세계소리축제', '추진위원회', '전주세계소리축제조직위', '행정실_행정팀', '팀장', '유윤희', '전라북도청', '2019-12-13', '김 한', '2019-12-09', 'Y'),
	('man_com_010', 'admin_35', 'mem_011', 'level_011', 'all_fest_350136', NULL, '35010', '35', '전주세계소리축제', '추진위원회', '전주세계소리축제조직위', '행정실_행정팀', '팀원', '최다미', '전라북도청', '2019-12-14', '김 한', '2019-12-10', 'Y'),
	('man_com_011', 'admin_35', 'mem_012', 'level_011', 'all_fest_350136', '', '35010', '35', '전주세계소리축제', '추진위원회', '전주세계소리축제조직위', '행정실_행정팀', '팀원', '이미란', '전주세계소리축제조직위원회', '2019-12-15', '김 한', '2019-12-11', 'Y'),
	('man_com_012', 'admin_35', 'mem_013', 'level_012', 'all_fest_350136', '', '35010', '35', '전주세계소리축제', '추진위원회', '전주세계소리축제조직위', '콘텐츠운영부', '부장', '한지영', '전주세계소리축제조직위원회', '2019-12-16', '김 한', '2019-12-12', 'Y'),
	('man_com_013', 'admin_35', 'mem_014', 'level_012', 'all_fest_350136', '', '35010', '35', '전주세계소리축제', '추진위원회', '전주세계소리축제조직위', '콘텐츠운영부_기획팀', '팀장', '조성원', '전주세계소리축제조직위원회', '2019-12-17', '김 한', '2019-12-13', 'Y'),
	('man_com_014', 'admin_35', 'mem_015', 'level_012', 'all_fest_350136', '', '35010', '35', '전주세계소리축제', '추진위원회', '전주세계소리축제조직위', '콘텐츠운영부_기획팀', '차장', '이윤주', '전주세계소리축제조직위원회', '2019-12-18', '김 한', '2019-12-14', 'Y'),
	('man_com_015', 'admin_35', 'mem_016', 'level_012', 'all_fest_350136', '', '35010', '35', '전주세계소리축제', '추진위원회', '전주세계소리축제조직위', '콘텐츠운영부_기획팀', '팀원', '유정하', '전주세계소리축제조직위원회', '2019-12-19', '김 한', '2019-12-15', 'Y'),
	('man_com_016', 'admin_35', 'mem_017', 'level_012', 'all_fest_350136', '', '35010', '35', '전주세계소리축제', '추진위원회', '전주세계소리축제조직위', '콘텐츠운영부_무대팀', '팀장', '최형범', '전주세계소리축제조직위원회', '2019-12-20', '김 한', '2019-12-16', 'Y'),
	('man_com_017', 'admin_35', 'mem_018', 'level_012', 'all_fest_350136', '', '35010', '35', '전주세계소리축제', '추진위원회', '전주세계소리축제조직위', '대외협력부', '부장', '김회경', '전주세계소리축제조직위원회', '2019-12-21', '김 한', '2019-12-17', 'Y'),
	('man_com_018', 'admin_35', 'mem_019', 'level_012', 'all_fest_350136', '', '35010', '35', '전주세계소리축제', '추진위원회', '전주세계소리축제조직위', '대외협력부_홍보팀', '팀장', '이조은', '전주세계소리축제조직위원회', '2019-12-22', '김 한', '2019-12-18', 'Y'),
	('man_com_019', 'admin_35', 'mem_020', 'level_012', 'all_fest_350136', '', '35010', '35', '전주세계소리축제', '추진위원회', '전주세계소리축제조직위', '대외협력부_홍보팀', '팀원', '이지환', '전주세계소리축제조직위원회', '2019-12-23', '김 한', '2019-12-19', 'Y'),
	('man_com_020', 'admin_35', 'mem_021', 'level_012', 'all_fest_350136', '', '35010', '35', '전주세계소리축제', '추진위원회', '전주세계소리축제조직위', '대외협력부_행사팀', '팀장', '김경훈', '전주세계소리축제조직위원회', '2019-12-24', '김 한', '2019-12-20', 'Y'),
	('man_com_021', 'admin_35', 'mem_022', 'level_012', 'all_fest_350136', '', '35010', '35', '전주세계소리축제', '추진위원회', '전주세계소리축제조직위', '대외협력부_행사팀', '팀원', '구국회', '전주세계소리축제조직위원회', '2019-12-25', '김 한', '2019-12-21', 'Y');
/*!40000 ALTER TABLE `13_Man_Com` ENABLE KEYS */;

-- 테이블 dusthgks.14_Acc_sub_Man 구조 내보내기
CREATE TABLE IF NOT EXISTS `14_Acc_sub_Man` (
  `accsub_man_cd` varchar(50) NOT NULL COMMENT '모든계정과목코드',
  `accsub_lar_cd` varchar(50) DEFAULT NULL COMMENT '대분류코드',
  `accsub_med_cd` varchar(50) DEFAULT NULL COMMENT '중분류코드',
  `accsub_large_nm` varchar(50) DEFAULT NULL COMMENT '대분류명',
  `accsub_medium_nm` varchar(50) DEFAULT NULL COMMENT '중분류명',
  `budget_cla` varchar(50) DEFAULT NULL COMMENT '예산구분',
  `accsub_nm` varchar(50) DEFAULT NULL COMMENT '모든계정과목명',
  PRIMARY KEY (`accsub_man_cd`)
) ENGINE=InnoDB DEFAULT CHARSET=utf8 COMMENT='모든 계정과목관리';

-- 테이블 데이터 dusthgks.14_Acc_sub_Man:~236 rows (대략적) 내보내기
/*!40000 ALTER TABLE `14_Acc_sub_Man` DISABLE KEYS */;
INSERT INTO `14_Acc_sub_Man` (`accsub_man_cd`, `accsub_lar_cd`, `accsub_med_cd`, `accsub_large_nm`, `accsub_medium_nm`, `budget_cla`, `accsub_nm`) VALUES
	('accSub_expenditure_001', 'LaborCostsCode', 'LaborCostsCode', '인건비', '인건비', '세출', '보수'),
	('accSub_expenditure_002', 'LaborCostsCode', 'LaborCostsCode', '인건비', '인건비', '세출', '기타직보수'),
	('accSub_expenditure_003', 'LaborCostsCode', 'LaborCostsCode', '인건비', '인건비', '세출', '무기계약근로자보수'),
	('accSub_expenditure_004', 'LaborCostsCode', 'LaborCostsCode', '인건비', '인건비', '세출', '기간제근로자등보수'),
	('accSub_expenditure_005', 'GoodsCostCode', 'GeneralOperatingCostCode', '물건비', '일반운영비', '세출', '사무관리비'),
	('accSub_expenditure_006', 'GoodsCostCode', 'GeneralOperatingCostCode', '물건비', '일반운영비', '세출', '공공운영비'),
	('accSub_expenditure_007', 'GoodsCostCode', 'GeneralOperatingCostCode', '물건비', '일반운영비', '세출', '행사운영비'),
	('accSub_expenditure_008', 'GoodsCostCode', 'GeneralCompensationCode', '물건비', '일반보상금', '세출', '행사실비보상금'),
	('accSub_expenditure_009', 'GoodsCostCode', 'GeneralOperatingCostCode', '물건비', '일반운영비', '세출', '맞춤형복지제도시행경비'),
	('accSub_expenditure_010', 'GoodsCostCode', 'GeneralOperatingCostCode', '물건비', '일반운영비', '세출', '공립대학운영비'),
	('accSub_expenditure_011', 'GoodsCostCode', 'TravelExpensesCode', '물건비', '여비', '세출', '국내여비'),
	('accSub_expenditure_012', 'GoodsCostCode', 'TravelExpensesCode', '물건비', '여비', '세출', '월액여비'),
	('accSub_expenditure_013', 'GoodsCostCode', 'TravelExpensesCode', '물건비', '여비', '세출', '국외업무여비'),
	('accSub_expenditure_014', 'GoodsCostCode', 'TravelExpensesCode', '물건비', '여비', '세출', '국제화여비'),
	('accSub_expenditure_015', 'GoodsCostCode', 'TravelExpensesCode', '물건비', '여비', '세출', '공무원교육여비'),
	('accSub_expenditure_016', 'GoodsCostCode', 'PromotionFeeCode', '물건비', '업무추진비', '세출', '기관운영업무추진비'),
	('accSub_expenditure_017', 'GoodsCostCode', 'PromotionFeeCode', '물건비', '업무추진비', '세출', '정원가산업무추진비'),
	('accSub_expenditure_018', 'GoodsCostCode', 'PromotionFeeCode', '물건비', '업무추진비', '세출', '시책추진업무추진비'),
	('accSub_expenditure_019', 'GoodsCostCode', 'PromotionFeeCode', '물건비', '업무추진비', '세출', '부서운영업무추진비'),
	('accSub_expenditure_020', 'GoodsCostCode', 'JobPerformanceExpensesCode', '물건비', '직무수행경비', '세출', '직책급업무수행경비'),
	('accSub_expenditure_021', 'GoodsCostCode', 'JobPerformanceExpensesCode', '물건비', '직무수행경비', '세출', '직급보조비'),
	('accSub_expenditure_022', 'GoodsCostCode', 'JobPerformanceExpensesCode', '물건비', '직무수행경비', '세출', '특정업무경비'),
	('accSub_expenditure_023', 'GoodsCostCode', 'ParliamentaryFeeCode', '물건비', '의회비', '세출', '의정활동비'),
	('accSub_expenditure_024', 'GoodsCostCode', 'ParliamentaryFeeCode', '물건비', '의회비', '세출', '월정수당'),
	('accSub_expenditure_025', 'GoodsCostCode', 'ParliamentaryFeeCode', '물건비', '의회비', '세출', '의원국내여비'),
	('accSub_expenditure_026', 'GoodsCostCode', 'ParliamentaryFeeCode', '물건비', '의회비', '세출', '의원국외여비'),
	('accSub_expenditure_027', 'GoodsCostCode', 'ParliamentaryFeeCode', '물건비', '의회비', '세출', '의정운영공통경비'),
	('accSub_expenditure_028', 'GoodsCostCode', 'ParliamentaryFeeCode', '물건비', '의회비', '세출', '의회운영업무추진비'),
	('accSub_expenditure_029', 'GoodsCostCode', 'ParliamentaryFeeCode', '물건비', '의회비', '세출', '의원역량개발비(공공위탁,자체교육)'),
	('accSub_expenditure_030', 'GoodsCostCode', 'ParliamentaryFeeCode', '물건비', '의회비', '세출', '의원역량개발비(민간위탁)'),
	('accSub_expenditure_031', 'GoodsCostCode', 'ParliamentaryFeeCode', '물건비', '의회비', '세출', '의원정책개발비'),
	('accSub_expenditure_032', 'GoodsCostCode', 'ParliamentaryFeeCode', '물건비', '의회비', '세출', '의장협의체부담금'),
	('accSub_expenditure_033', 'GoodsCostCode', 'ParliamentaryFeeCode', '물건비', '의회비', '세출', '의원국민연금부담금'),
	('accSub_expenditure_034', 'GoodsCostCode', 'ParliamentaryFeeCode', '물건비', '의회비', '세출', '의원국민건강부담금'),
	('accSub_expenditure_035', 'GoodsCostCode', 'MaterialCostCode', '물건비', '재료비', '세출', '재료비'),
	('accSub_expenditure_036', 'GoodsCostCode', 'R&DExpensesCode', '물건비', '연구개발비', '세출', '연구용역비'),
	('accSub_expenditure_037', 'GoodsCostCode', 'R&DExpensesCode', '물건비', '연구개발비', '세출', '전산개발비'),
	('accSub_expenditure_038', 'GoodsCostCode', 'R&DExpensesCode', '물건비', '연구개발비', '세출', '시험연구비'),
	('accSub_expenditure_039', 'RelocationCode', 'GeneralPreservationCode', '경상이전', '일반보전금', '세출', '사회보장적수혜금'),
	('accSub_expenditure_040', 'RelocationCode', 'GeneralPreservationCode', '경상이전', '일반보전금', '세출', '장학금및학자금'),
	('accSub_expenditure_041', 'RelocationCode', 'GeneralPreservationCode', '경상이전', '일반보전금', '세출', '의용소방대지원경비'),
	('accSub_expenditure_042', 'RelocationCode', 'GeneralPreservationCode', '경상이전', '일반보전금', '세출', '자율방범대실비지원'),
	('accSub_expenditure_043', 'RelocationCode', 'GeneralPreservationCode', '경상이전', '일반보전금', '세출', '통장이장반장활동보상금'),
	('accSub_expenditure_044', 'RelocationCode', 'GeneralPreservationCode', '경상이전', '일반보전금', '세출', '민간인국외여비'),
	('accSub_expenditure_045', 'RelocationCode', 'GeneralPreservationCode', '경상이전', '일반보전금', '세출', '외빈초청여비'),
	('accSub_expenditure_046', 'RelocationCode', 'GeneralPreservationCode', '경상이전', '일반보전금', '세출', '사회복무요원보상금'),
	('accSub_expenditure_047', 'RelocationCode', 'GeneralPreservationCode', '경상이전', '일반보전금', '세출', '행사실비지원금'),
	('accSub_expenditure_048', 'RelocationCode', 'GeneralPreservationCode', '경상이전', '일반보전금', '세출', '예술단원운동부등보상금'),
	('accSub_expenditure_049', 'RelocationCode', 'GeneralPreservationCode', '경상이전', '일반보전금', '세출', '사회성과보상금'),
	('accSub_expenditure_050', 'RelocationCode', 'GeneralPreservationCode', '경상이전', '일반보전금', '세출', '기타보상금'),
	('accSub_expenditure_051', 'RelocationCode', 'Disaster CompensationCode', '경상이전', '이주및재해보상금', '세출', '민간인이주보상금'),
	('accSub_expenditure_052', 'RelocationCode', 'Disaster CompensationCode', '경상이전', '이주및재해보상금', '세출', '민간인재해및복구활동보상금'),
	('accSub_expenditure_053', 'RelocationCode', 'PrizeMoneyCode', '경상이전', '포상금', '세출', '포상금'),
	('accSub_expenditure_054', 'RelocationCode', 'PrizeMoneyCode', '경상이전', '포상금', '세출', '성과상여금'),
	('accSub_expenditure_055', 'RelocationCode', 'PensionContributionsCode', '경상이전', '연금부담금등', '세출', '연금부담금'),
	('accSub_expenditure_056', 'RelocationCode', 'PensionContributionsCode', '경상이전', '연금부담금등', '세출', '국민건강보험금'),
	('accSub_expenditure_057', 'RelocationCode', 'PensionContributionsCode', '경상이전', '연금부담금등', '세출', '의원상해부담금'),
	('accSub_expenditure_058', 'RelocationCode', 'CompensationCode', '경상이전', '배상금등', '세출', '배상금등'),
	('accSub_expenditure_059', 'RelocationCode', 'ContributionCode', '경상이전', '출연금', '세출', '출연금'),
	('accSub_expenditure_060', 'RelocationCode', 'PrivateTransferCode', '경상이전', '민간이전', '세출', '의료및구료비'),
	('accSub_expenditure_061', 'RelocationCode', 'PrivateTransferCode', '경상이전', '민간이전', '세출', '민간경상사업보조'),
	('accSub_expenditure_062', 'RelocationCode', 'PrivateTransferCode', '경상이전', '민간이전', '세출', '민간단체법정운영비보조'),
	('accSub_expenditure_063', 'RelocationCode', 'PrivateTransferCode', '경상이전', '민간이전', '세출', '민간행사사업보조'),
	('accSub_expenditure_064', 'RelocationCode', 'PrivateTransferCode', '경상이전', '민간이전', '세출', '민간위탁금'),
	('accSub_expenditure_065', 'RelocationCode', 'PrivateTransferCode', '경상이전', '민간이전', '세출', '보험금'),
	('accSub_expenditure_066', 'RelocationCode', 'PrivateTransferCode', '경상이전', '민간이전', '세출', '연금지급금'),
	('accSub_expenditure_067', 'RelocationCode', 'PrivateTransferCode', '경상이전', '민간이전', '세출', '이차보전금'),
	('accSub_expenditure_068', 'RelocationCode', 'PrivateTransferCode', '경상이전', '민간이전', '세출', '운수업계보조금'),
	('accSub_expenditure_069', 'RelocationCode', 'PrivateTransferCode', '경상이전', '민간이전', '세출', '사회복지시설법정운영비보조'),
	('accSub_expenditure_070', 'RelocationCode', 'PrivateTransferCode', '경상이전', '민간이전', '세출', '사회복지사업보조'),
	('accSub_expenditure_071', 'RelocationCode', 'PrivateTransferCode', '경상이전', '민간이전', '세출', '민간인위탁교육비'),
	('accSub_expenditure_072', 'RelocationCode', 'MunicipalitiesCode', '경상이전', '자치단체등', '세출', '자치단체경상보조금'),
	('accSub_expenditure_073', 'RelocationCode', 'MunicipalitiesCode', '경상이전', '자치단체등', '세출', '징수교부금'),
	('accSub_expenditure_074', 'RelocationCode', 'MunicipalitiesCode', '경상이전', '자치단체등', '세출', '자치구조정교부금'),
	('accSub_expenditure_075', 'RelocationCode', 'MunicipalitiesCode', '경상이전', '자치단체등', '세출', '시군조정교부금'),
	('accSub_expenditure_076', 'RelocationCode', 'MunicipalitiesCode', '경상이전', '자치단체등', '세출', '자치구기타재원조정비'),
	('accSub_expenditure_077', 'RelocationCode', 'MunicipalitiesCode', '경상이전', '자치단체등', '세출', '시군기타재원조정비'),
	('accSub_expenditure_078', 'RelocationCode', 'MunicipalitiesCode', '경상이전', '자치단체등', '세출', '자치단체간부담금'),
	('accSub_expenditure_079', 'RelocationCode', 'MunicipalitiesCode', '경상이전', '자치단체등', '세출', '교육기관에대한보조'),
	('accSub_expenditure_080', 'RelocationCode', 'MunicipalitiesCode', '경상이전', '자치단체등', '세출', '예비군육성지원경상보조'),
	('accSub_expenditure_081', 'RelocationCode', 'MunicipalitiesCode', '경상이전', '자치단체등', '세출', '공기관등에대한경상적위탁사업비'),
	('accSub_expenditure_082', 'RelocationCode', 'MunicipalitiesCode', '경상이전', '자치단체등', '세출', '기타부담금'),
	('accSub_expenditure_083', 'RelocationCode', 'DepositCode', '경상이전', '전출금', '세출', '공사공단경상전출금'),
	('accSub_expenditure_084', 'RelocationCode', 'DepositCode', '경상이전', '전출금', '세출', '공무원연금관리공단경상전출금'),
	('accSub_expenditure_085', 'RelocationCode', 'Overseas TransferCode', '경상이전', '국외이전', '세출', '국외경상이전'),
	('accSub_expenditure_086', 'RelocationCode', 'Overseas TransferCode', '경상이전', '국외이전', '세출', '국제부담금'),
	('accSub_expenditure_087', 'RelocationCode', 'BorrowingsCode', '경상이전', '차입금', '세출', '시군구지역개발기금차입금이자상환'),
	('accSub_expenditure_088', 'RelocationCode', 'BorrowingsCode', '경상이전', '차입금', '세출', '통화금융기관차입금이자상환'),
	('accSub_expenditure_089', 'RelocationCode', 'BorrowingsCode', '경상이전', '차입금', '세출', '중앙정부차입금이자상환'),
	('accSub_expenditure_090', 'RelocationCode', 'BorrowingsCode', '경상이전', '차입금', '세출', '지방채증권이자상환'),
	('accSub_expenditure_091', 'RelocationCode', 'BorrowingsCode', '경상이전', '차입금', '세출', '기타차입금이자상환'),
	('accSub_expenditure_092', 'CapitalExpenditureCode', 'FacilityCostCode', '자본지출', '시설비및부대비', '세출', '시설비'),
	('accSub_expenditure_093', 'CapitalExpenditureCode', 'FacilityCostCode', '자본지출', '시설비및부대비', '세출', '감리비'),
	('accSub_expenditure_094', 'CapitalExpenditureCode', 'FacilityCostCode', '자본지출', '시설비및부대비', '세출', '시설부대비'),
	('accSub_expenditure_095', 'CapitalExpenditureCode', 'FacilityCostCode', '자본지출', '시설비및부대비', '세출', '행사관련시설비'),
	('accSub_expenditure_096', 'CapitalExpenditureCode', 'PrivateCapitalTransferCode', '자본지출', '민간자본이전', '세출', '민간자본사업보조(자체재원)'),
	('accSub_expenditure_097', 'CapitalExpenditureCode', 'PrivateCapitalTransferCode', '자본지출', '민간자본이전', '세출', '민간자본사업보조(이전재원)'),
	('accSub_expenditure_098', 'CapitalExpenditureCode', 'PrivateCapitalTransferCode', '자본지출', '민간자본이전', '세출', '민간위탁사업비'),
	('accSub_expenditure_099', 'CapitalExpenditureCode', 'CapitalTransferCode', '자본지출', '자치단체등자본이전', '세출', '자치단체자본보조'),
	('accSub_expenditure_100', 'CapitalExpenditureCode', 'CapitalTransferCode', '자본지출', '자치단체등자본이전', '세출', '공기관등에대한자본적위탁사업비'),
	('accSub_expenditure_101', 'CapitalExpenditureCode', 'CapitalTransferCode', '자본지출', '자치단체등자본이전', '세출', '예비군육성지원자본보조'),
	('accSub_expenditure_102', 'CapitalExpenditureCode', 'ConstructionCorporationCode', '자본지출', '공사공단', '세출', '공사공단자본전출금'),
	('accSub_expenditure_103', 'CapitalExpenditureCode', 'AssetAcquisitionCostCode', '자본지출', '자산취득비', '세출', '자산및물품취득비'),
	('accSub_expenditure_104', 'CapitalExpenditureCode', 'AssetAcquisitionCostCode', '자본지출', '자산취득비', '세출', '도서구입비'),
	('accSub_expenditure_105', 'CapitalExpenditureCode', 'OtherCapitalTransferCode', '자본지출', '기타자본이전', '세출', '차관물자용역대'),
	('accSub_expenditure_106', 'CapitalExpenditureCode', 'OtherCapitalTransferCode', '자본지출', '기타자본이전', '세출', '건설가계정'),
	('accSub_expenditure_107', 'CapitalExpenditureCode', 'OtherCapitalTransferCode', '자본지출', '기타자본이전', '세출', '무형고정자산'),
	('accSub_expenditure_108', 'CapitalExpenditureCode', 'ForeignCapitalTransferCode', '자본지출', '국외자본이전', '세출', '국외교포또는외국기관에지급하는자본형성보조금'),
	('accSub_expenditure_109', 'LoansCode', 'LoanCode', '융자 및 출자', '융자금', '세출', '민간융자금'),
	('accSub_expenditure_110', 'LoansCode', 'LoanCode', '융자 및 출자', '융자금', '세출', '통화금융기관융자금'),
	('accSub_expenditure_111', 'LoansCode', 'LoanCode', '융자 및 출자', '융자금', '세출', '공사·공단등융자금'),
	('accSub_expenditure_112', 'LoansCode', 'LoanCode', '융자 및 출자', '융자금', '세출', '시군구융자금'),
	('accSub_expenditure_113', 'ConservationCode', 'LoanRepaymentCode', '보전재원', '차입금원금상환', '세출', '시군구지역개발기금차입금원금상환'),
	('accSub_expenditure_114', 'ConservationCode', 'LoanRepaymentCode', '보전재원', '차입금원금상환', '세출', '통화금융기관차입금원금상환'),
	('accSub_expenditure_115', 'ConservationCode', 'LoanRepaymentCode', '보전재원', '차입금원금상환', '세출', '중앙정부차입금원금상환'),
	('accSub_expenditure_116', 'ConservationCode', 'LoanRepaymentCode', '보전재원', '차입금원금상환', '세출', '지방채증권원금상환'),
	('accSub_expenditure_117', 'ConservationCode', 'LoanRepaymentCode', '보전재원', '차입금원금상환', '세출', '기타국내차입금원금상환'),
	('accSub_expenditure_118', 'ConservationCode', 'LoanRepaymentCode', '보전재원', '차입금원금상환', '세출', '차관상환'),
	('accSub_expenditure_119', 'ConservationCode', 'LoanRepaymentCode', '보전재원', '차입금원금상환', '세출', '기타해외채무상환'),
	('accSub_expenditure_120', 'InternalTransactionCode', 'OtherAccountsCode', '내부거래', '기타회계등전출금', '세출', '기타회계전출금'),
	('accSub_expenditure_121', 'InternalTransactionCode', 'OtherAccountsCode', '내부거래', '기타회계등전출금', '세출', '공기업특별회계경상전출금'),
	('accSub_expenditure_122', 'InternalTransactionCode', 'OtherAccountsCode', '내부거래', '기타회계등전출금', '세출', '공기업특별회계자본전출금'),
	('accSub_expenditure_123', 'InternalTransactionCode', 'SpecialAccountTransferFeeCode', '내부거래', '교육비특별회계전출금', '세출', '법정전출금'),
	('accSub_expenditure_124', 'InternalTransactionCode', 'SpecialAccountTransferFeeCode', '내부거래', '교육비특별회계전출금', '세출', '비법정전출금'),
	('accSub_expenditure_125', 'InternalTransactionCode', 'RepaymentPrincipalCode', '내부거래', '예수금원리금상환', '세출', '예수금원금상환'),
	('accSub_expenditure_126', 'InternalTransactionCode', 'RepaymentPrincipalCode', '내부거래', '예수금원리금상환', '세출', '예수금이자상환'),
	('accSub_expenditure_127', 'InternalTransactionCode', 'RepaymentPrincipalCode', '내부거래', '예수금원리금상환', '세출', '시도지역개발기금예수금원금상환'),
	('accSub_expenditure_128', 'InternalTransactionCode', 'RepaymentPrincipalCode', '내부거래', '예수금원리금상환', '세출', '시도지역개발기금예수금이자상환'),
	('accSub_expenditure_129', 'InternalTransactionCode', 'OtherInternalTransactionsCode', '내부거래', '기타내부거래', '세출', '감가상각비'),
	('accSub_expenditure_130', 'InternalTransactionCode', 'OtherInternalTransactionsCode', '내부거래', '기타내부거래', '세출', '당기순이익'),
	('accSub_expenditure_131', 'InternalTransactionCode', 'OtherInternalTransactionsCode', '내부거래', '기타내부거래', '세출', '적립금'),
	('accSub_expenditure_132', 'ReserveFeeCode', 'ReserveFeeCode', '예비비및기타', '예비비', '세출', '일반예비비'),
	('accSub_expenditure_133', 'ReserveFeeCode', 'ReserveFeeCode', '예비비및기타', '예비비', '세출', '재해재난목적예비비'),
	('accSub_expenditure_134', 'ReserveFeeCode', 'ReserveFeeCode', '예비비및기타', '예비비', '세출', '내부유보금'),
	('accSub_expenditure_135', 'ReserveFeeCode', 'ReturnFeeCode', '예비비및기타', '반환금기타', '세출', '국고보조금반환금'),
	('accSub_expenditure_136', 'ReserveFeeCode', 'ReturnFeeCode', '예비비및기타', '반환금기타', '세출', '시도비보조금반환금'),
	('accSub_expenditure_137', 'ReserveFeeCode', 'ReturnFeeCode', '예비비및기타', '반환금기타', '세출', '기타반환금등'),
	('accSub_expenditure_138', 'ReserveFeeCode', 'ReturnFeeCode', '예비비및기타', '반환금기타', '세출', '잡손금'),
	('accSub_revenue_001', 'LocalTaxRevenueCode', 'LocalTaxesCode', '지방세수입', '지방세', '세입', '취득세'),
	('accSub_revenue_002', 'LocalTaxRevenueCode', 'LocalTaxesCode', '지방세수입', '지방세', '세입', '등록면허세'),
	('accSub_revenue_003', 'LocalTaxRevenueCode', 'LocalTaxesCode', '지방세수입', '지방세', '세입', '주민세'),
	('accSub_revenue_004', 'LocalTaxRevenueCode', 'LocalTaxesCode', '지방세수입', '지방세', '세입', '재산세'),
	('accSub_revenue_005', 'LocalTaxRevenueCode', 'LocalTaxesCode', '지방세수입', '지방세', '세입', '자동차세'),
	('accSub_revenue_006', 'LocalTaxRevenueCode', 'LocalTaxesCode', '지방세수입', '지방세', '세입', '레저세'),
	('accSub_revenue_007', 'LocalTaxRevenueCode', 'LocalTaxesCode', '지방세수입', '지방세', '세입', '담배소비세'),
	('accSub_revenue_008', 'LocalTaxRevenueCode', 'LocalTaxesCode', '지방세수입', '지방세', '세입', '지방소비세'),
	('accSub_revenue_009', 'LocalTaxRevenueCode', 'LocalTaxesCode', '지방세수입', '지방세', '세입', '지방소득세'),
	('accSub_revenue_010', 'ExtracurricularIncomeCode', 'OrdinaryExtraIncomeCode', '세외수입', '경상적세외수입', '세입', '국유재산임대료'),
	('accSub_revenue_011', 'ExtracurricularIncomeCode', 'OrdinaryExtraIncomeCode', '세외수입', '경상적세외수입', '세입', '도로사용료'),
	('accSub_revenue_012', 'ExtracurricularIncomeCode', 'OrdinaryExtraIncomeCode', '세외수입', '경상적세외수입', '세입', '하천사용료'),
	('accSub_revenue_013', 'ExtracurricularIncomeCode', 'OrdinaryExtraIncomeCode', '세외수입', '경상적세외수입', '세입', '하수도사용료'),
	('accSub_revenue_014', 'ExtracurricularIncomeCode', 'OrdinaryExtraIncomeCode', '세외수입', '경상적세외수입', '세입', '상수도사용료'),
	('accSub_revenue_015', 'ExtracurricularIncomeCode', 'OrdinaryExtraIncomeCode', '세외수입', '경상적세외수입', '세입', '시장사용료'),
	('accSub_revenue_016', 'ExtracurricularIncomeCode', 'OrdinaryExtraIncomeCode', '세외수입', '경상적세외수입', '세입', '도축장사용료'),
	('accSub_revenue_017', 'ExtracurricularIncomeCode', 'OrdinaryExtraIncomeCode', '세외수입', '경상적세외수입', '세입', '입장료수입'),
	('accSub_revenue_018', 'ExtracurricularIncomeCode', 'OrdinaryExtraIncomeCode', '세외수입', '경상적세외수입', '세입', '기타사용료'),
	('accSub_revenue_019', 'ExtracurricularIncomeCode', 'OrdinaryExtraIncomeCode', '세외수입', '경상적세외수입', '세입', '증지수입'),
	('accSub_revenue_020', 'ExtracurricularIncomeCode', 'OrdinaryExtraIncomeCode', '세외수입', '경상적세외수입', '세입', '쓰레기처리봉투판매수입'),
	('accSub_revenue_021', 'ExtracurricularIncomeCode', 'OrdinaryExtraIncomeCode', '세외수입', '경상적세외수입', '세입', '재활용품수거판매수입'),
	('accSub_revenue_022', 'ExtracurricularIncomeCode', 'OrdinaryExtraIncomeCode', '세외수입', '경상적세외수입', '세입', '기타수수료'),
	('accSub_revenue_023', 'ExtracurricularIncomeCode', 'OrdinaryExtraIncomeCode', '세외수입', '경상적세외수입', '세입', '사업수입'),
	('accSub_revenue_024', 'ExtracurricularIncomeCode', 'OrdinaryExtraIncomeCode', '세외수입', '경상적세외수입', '세입', '사업장생산수입'),
	('accSub_revenue_025', 'ExtracurricularIncomeCode', 'OrdinaryExtraIncomeCode', '세외수입', '경상적세외수입', '세입', '주차요금수입'),
	('accSub_revenue_026', 'ExtracurricularIncomeCode', 'OrdinaryExtraIncomeCode', '세외수입', '경상적세외수입', '세입', '통행료수입'),
	('accSub_revenue_027', 'ExtracurricularIncomeCode', 'OrdinaryExtraIncomeCode', '세외수입', '경상적세외수입', '세입', '청산금수입'),
	('accSub_revenue_028', 'ExtracurricularIncomeCode', 'OrdinaryExtraIncomeCode', '세외수입', '경상적세외수입', '세입', '분담금수입'),
	('accSub_revenue_029', 'ExtracurricularIncomeCode', 'OrdinaryExtraIncomeCode', '세외수입', '경상적세외수입', '세입', '매각사업수입'),
	('accSub_revenue_030', 'ExtracurricularIncomeCode', 'OrdinaryExtraIncomeCode', '세외수입', '경상적세외수입', '세입', '배당금수입'),
	('accSub_revenue_031', 'ExtracurricularIncomeCode', 'OrdinaryExtraIncomeCode', '세외수입', '경상적세외수입', '세입', '의료사업수입'),
	('accSub_revenue_032', 'ExtracurricularIncomeCode', 'OrdinaryExtraIncomeCode', '세외수입', '경상적세외수입', '세입', '기타사업수입'),
	('accSub_revenue_033', 'ExtracurricularIncomeCode', 'OrdinaryExtraIncomeCode', '세외수입', '경상적세외수입', '세입', '징수교부금수입'),
	('accSub_revenue_034', 'ExtracurricularIncomeCode', 'OrdinaryExtraIncomeCode', '세외수입', '경상적세외수입', '세입', '공공예금이자수입'),
	('accSub_revenue_035', 'ExtracurricularIncomeCode', 'OrdinaryExtraIncomeCode', '세외수입', '경상적세외수입', '세입', '민간융자금회수이자수입'),
	('accSub_revenue_036', 'ExtracurricularIncomeCode', 'OrdinaryExtraIncomeCode', '세외수입', '경상적세외수입', '세입', '통화금융기관융자금회수이자수입'),
	('accSub_revenue_037', 'ExtracurricularIncomeCode', 'OrdinaryExtraIncomeCode', '세외수입', '경상적세외수입', '세입', '공사공단등융자금회수이자수입'),
	('accSub_revenue_038', 'ExtracurricularIncomeCode', 'OrdinaryExtraIncomeCode', '세외수입', '경상적세외수입', '세입', '시군구융자금회수이자수입'),
	('accSub_revenue_039', 'ExtracurricularIncomeCode', 'OrdinaryExtraIncomeCode', '세외수입', '경상적세외수입', '세입', '기타이자수입'),
	('accSub_revenue_040', 'ExtracurricularIncomeCode', 'ExtraTaxationCode', '세외수입', '임시적세외수입', '세입', '국유재산매각'),
	('accSub_revenue_041', 'ExtracurricularIncomeCode', 'ExtraTaxationCode', '세외수입', '임시적세외수입', '세입', '시도유재산매각귀속수입금'),
	('accSub_revenue_042', 'ExtracurricularIncomeCode', 'ExtraTaxationCode', '세외수입', '임시적세외수입', '세입', '공유재산매각'),
	('accSub_revenue_043', 'ExtracurricularIncomeCode', 'ExtraTaxationCode', '세외수입', '임시적세외수입', '세입', '자치단체간부담금'),
	('accSub_revenue_044', 'ExtracurricularIncomeCode', 'ExtraTaxationCode', '세외수입', '임시적세외수입', '세입', '일반부담금'),
	('accSub_revenue_045', 'ExtracurricularIncomeCode', 'ExtraTaxationCode', '세외수입', '임시적세외수입', '세입', '과징금'),
	('accSub_revenue_046', 'ExtracurricularIncomeCode', 'ExtraTaxationCode', '세외수입', '임시적세외수입', '세입', '이행강제금'),
	('accSub_revenue_047', 'ExtracurricularIncomeCode', 'ExtraTaxationCode', '세외수입', '임시적세외수입', '세입', '변상금'),
	('accSub_revenue_048', 'ExtracurricularIncomeCode', 'ExtraTaxationCode', '세외수입', '임시적세외수입', '세입', '위약금'),
	('accSub_revenue_049', 'ExtracurricularIncomeCode', 'ExtraTaxationCode', '세외수입', '임시적세외수입', '세입', '과태료'),
	('accSub_revenue_050', 'ExtracurricularIncomeCode', 'ExtraTaxationCode', '세외수입', '임시적세외수입', '세입', '불용품매각대'),
	('accSub_revenue_051', 'ExtracurricularIncomeCode', 'ExtraTaxationCode', '세외수입', '임시적세외수입', '세입', '체납처분수입'),
	('accSub_revenue_052', 'ExtracurricularIncomeCode', 'ExtraTaxationCode', '세외수입', '임시적세외수입', '세입', '보상금수납금'),
	('accSub_revenue_053', 'ExtracurricularIncomeCode', 'ExtraTaxationCode', '세외수입', '임시적세외수입', '세입', '시도비반환금수입'),
	('accSub_revenue_054', 'ExtracurricularIncomeCode', 'ExtraTaxationCode', '세외수입', '임시적세외수입', '세입', '기부금'),
	('accSub_revenue_055', 'ExtracurricularIncomeCode', 'ExtraTaxationCode', '세외수입', '임시적세외수입', '세입', '그외수입'),
	('accSub_revenue_056', 'ExtracurricularIncomeCode', 'ExtraTaxationCode', '세외수입', '임시적세외수입', '세입', '지난년도수입'),
	('accSub_revenue_057', 'LocalGrantTaxCode', 'LocalGrantTaxCode', '지방교부세', '지방교부세', '세입', '보통교부세'),
	('accSub_revenue_058', 'LocalGrantTaxCode', 'LocalGrantTaxCode', '지방교부세', '지방교부세', '세입', '특별교부세'),
	('accSub_revenue_059', 'LocalGrantTaxCode', 'LocalGrantTaxCode', '지방교부세', '지방교부세', '세입', '부동산교부세'),
	('accSub_revenue_060', 'LocalGrantTaxCode', 'LocalGrantTaxCode', '지방교부세', '지방교부세', '세입', '소방안전교부세'),
	('accSub_revenue_061', 'AdjustmentGrantCode', 'SelfGovernmentAGCode', '조정교부금등', '자치구조정교부금등', '세입', '자치구일반조정교부금'),
	('accSub_revenue_062', 'AdjustmentGrantCode', 'SelfGovernmentAGCode', '조정교부금등', '자치구조정교부금등', '세입', '자치구특별조정교부금'),
	('accSub_revenue_063', 'AdjustmentGrantCode', 'SelfGovernmentAGCode', '조정교부금등', '자치구조정교부금등', '세입', '자치구기타재원'),
	('accSub_revenue_064', 'AdjustmentGrantCode', 'MunicipalCountyAGCode', '조정교부금등', '시군조정교부금등', '세입', '시군일반조정교부금'),
	('accSub_revenue_065', 'AdjustmentGrantCode', 'MunicipalCountyAGCode', '조정교부금등', '시군조정교부금등', '세입', '시군특별조정교부금'),
	('accSub_revenue_066', 'AdjustmentGrantCode', 'MunicipalCountyAGCode', '조정교부금등', '시군조정교부금등', '세입', '시군기타재원'),
	('accSub_revenue_067', 'SubsidyCode', 'StateSubsidiesCode', '보조금', '국고보조금등', '세입', '국고보조금'),
	('accSub_revenue_068', 'SubsidyCode', 'StateSubsidiesCode', '보조금', '국고보조금등', '세입', '국가균형발전특별회계'),
	('accSub_revenue_069', 'SubsidyCode', 'StateSubsidiesCode', '보조금', '국고보조금등', '세입', '기금'),
	('accSub_revenue_070', 'SubsidyCode', 'CitySubsidiesCode', '보조금', '시도비보조금등', '세입', '시도비보조금등'),
	('accSub_revenue_071', 'MunicipalBondCode', 'DomesticBorrowingsCode', '지방채', '국내차입금', '세입', '정부자금채'),
	('accSub_revenue_072', 'MunicipalBondCode', 'DomesticBorrowingsCode', '지방채', '국내차입금', '세입', '금융기관채'),
	('accSub_revenue_073', 'MunicipalBondCode', 'DomesticBorrowingsCode', '지방채', '국내차입금', '세입', '지방공공자금채'),
	('accSub_revenue_074', 'MunicipalBondCode', 'DomesticBorrowingsCode', '지방채', '국내차입금', '세입', '기타'),
	('accSub_revenue_075', 'MunicipalBondCode', 'DomesticBorrowingsCode', '지방채', '국내차입금', '세입', '모집공채'),
	('accSub_revenue_076', 'MunicipalBondCode', 'DomesticBorrowingsCode', '지방채', '국내차입금', '세입', '매출공채'),
	('accSub_revenue_077', 'MunicipalBondCode', 'DomesticBorrowingsCode', '지방채', '국내차입금', '세입', '교부공채'),
	('accSub_revenue_078', 'MunicipalBondCode', 'DomesticBorrowingsCode', '지방채', '국내차입금', '세입', '지역개발기금'),
	('accSub_revenue_079', 'MunicipalBondCode', 'Foreign BorrowingsCode', '지방채', '국외차입금', '세입', '국외차입금'),
	('accSub_revenue_080', 'ConservationIncomeCode', 'MaintenanceIncomeCode', '보전수입 등 및 내부거래', '보전수입등', '세입', '순세계잉여금'),
	('accSub_revenue_081', 'ConservationIncomeCode', 'MaintenanceIncomeCode', '보전수입 등 및 내부거래', '보전수입등', '세입', '법정잉여금'),
	('accSub_revenue_082', 'ConservationIncomeCode', 'MaintenanceIncomeCode', '보전수입 등 및 내부거래', '보전수입등', '세입', '국고보조금'),
	('accSub_revenue_083', 'ConservationIncomeCode', 'MaintenanceIncomeCode', '보전수입 등 및 내부거래', '보전수입등', '세입', '시도비보조금'),
	('accSub_revenue_084', 'ConservationIncomeCode', 'MaintenanceIncomeCode', '보전수입 등 및 내부거래', '보전수입등', '세입', '전년도이월사업비'),
	('accSub_revenue_085', 'ConservationIncomeCode', 'MaintenanceIncomeCode', '보전수입 등 및 내부거래', '보전수입등', '세입', '민간융자금회수수입'),
	('accSub_revenue_086', 'ConservationIncomeCode', 'MaintenanceIncomeCode', '보전수입 등 및 내부거래', '보전수입등', '세입', '통화금융기관'),
	('accSub_revenue_087', 'ConservationIncomeCode', 'MaintenanceIncomeCode', '보전수입 등 및 내부거래', '보전수입등', '세입', '공사공단등융자금'),
	('accSub_revenue_088', 'ConservationIncomeCode', 'MaintenanceIncomeCode', '보전수입 등 및 내부거래', '보전수입등', '세입', '시군구융자금'),
	('accSub_revenue_089', 'ConservationIncomeCode', 'MaintenanceIncomeCode', '보전수입 등 및 내부거래', '보전수입등', '세입', '예치금회수'),
	('accSub_revenue_090', 'ConservationIncomeCode', 'InternalTransactionCode', '보전수입 등 및 내부거래', '내부거래', '세입', '공기업특별회계'),
	('accSub_revenue_091', 'ConservationIncomeCode', 'InternalTransactionCode', '보전수입 등 및 내부거래', '내부거래', '세입', '공사공단전입금'),
	('accSub_revenue_092', 'ConservationIncomeCode', 'InternalTransactionCode', '보전수입 등 및 내부거래', '내부거래', '세입', '기타회계전입금'),
	('accSub_revenue_093', 'ConservationIncomeCode', 'InternalTransactionCode', '보전수입 등 및 내부거래', '내부거래', '세입', '기금전입금'),
	('accSub_revenue_094', 'ConservationIncomeCode', 'InternalTransactionCode', '보전수입 등 및 내부거래', '내부거래', '세입', '교육비특별회계전입금'),
	('accSub_revenue_095', 'ConservationIncomeCode', 'InternalTransactionCode', '보전수입 등 및 내부거래', '내부거래', '세입', '예수금수입'),
	('accSub_revenue_096', 'ConservationIncomeCode', 'InternalTransactionCode', '보전수입 등 및 내부거래', '내부거래', '세입', '시도지역개발기금'),
	('accSub_revenue_097', 'ConservationIncomeCode', 'InternalTransactionCode', '보전수입 등 및 내부거래', '내부거래', '세입', '예탁금원금회수수입'),
	('accSub_revenue_098', 'ConservationIncomeCode', 'InternalTransactionCode', '보전수입 등 및 내부거래', '내부거래', '세입', '예탁금이자수입');
/*!40000 ALTER TABLE `14_Acc_sub_Man` ENABLE KEYS */;

-- 테이블 dusthgks.15_Fes_revExp_Sub 구조 내보내기
CREATE TABLE IF NOT EXISTS `15_Fes_revExp_Sub` (
  `fesrev_sub_cd` varchar(50) NOT NULL COMMENT '모든축제세입세출 소계및합계 예산관리코드',
  `areacity_admin_cd` varchar(50) DEFAULT NULL COMMENT '모든 행정기관코드',
  `man_com_cd` varchar(50) DEFAULT NULL COMMENT '위원회코드',
  `fest_cd` varchar(50) DEFAULT NULL COMMENT '축제코드',
  `area_city_cd` varchar(50) DEFAULT NULL COMMENT '모든 지역 시군코드',
  `area_cd` varchar(50) DEFAULT NULL COMMENT '전국지역코드',
  `accsub_lar_cd` varchar(50) DEFAULT NULL COMMENT '모든계정과목대분류코드',
  `adm_age_nm` varchar(50) DEFAULT NULL COMMENT '행정기관명',
  `fes_nm` varchar(50) DEFAULT NULL COMMENT '축제명',
  `com_nm` varchar(50) DEFAULT NULL COMMENT '위원회명',
  `accsub_large_nm` varchar(50) DEFAULT NULL COMMENT '대분류명',
  `budget_cla` varchar(50) DEFAULT NULL COMMENT '예산구분',
  `fes_year` varchar(50) DEFAULT NULL COMMENT '년도',
  `budget` int(50) DEFAULT NULL COMMENT '예산액',
  PRIMARY KEY (`fesrev_sub_cd`),
  KEY `FK_01_Area_TO_15_Fes_revExp_Sub` (`area_cd`),
  KEY `FK_03_Area_City_Admin_TO_15_Fes_revExp_Sub` (`areacity_admin_cd`),
  KEY `FK_02_Area_City_TO_15_Fes_revExp_Sub` (`area_city_cd`),
  KEY `FK_13_Man_Com_TO_15_Fes_revExp_Sub` (`man_com_cd`),
  KEY `FK_18_Festival_TO_15_Fes_revExp_Sub` (`fest_cd`),
  CONSTRAINT `FK_01_Area_TO_15_Fes_revExp_Sub` FOREIGN KEY (`area_cd`) REFERENCES `01_Area` (`area_cd`),
  CONSTRAINT `FK_02_Area_City_TO_15_Fes_revExp_Sub` FOREIGN KEY (`area_city_cd`) REFERENCES `02_Area_City` (`area_city_cd`),
  CONSTRAINT `FK_03_Area_City_Admin_TO_15_Fes_revExp_Sub` FOREIGN KEY (`areacity_admin_cd`) REFERENCES `03_Area_City_Admin` (`areacity_admin_cd`),
  CONSTRAINT `FK_13_Man_Com_TO_15_Fes_revExp_Sub` FOREIGN KEY (`man_com_cd`) REFERENCES `13_Man_Com` (`man_com_cd`),
  CONSTRAINT `FK_18_Festival_TO_15_Fes_revExp_Sub` FOREIGN KEY (`fest_cd`) REFERENCES `18_Festival` (`fest_cd`)
) ENGINE=InnoDB DEFAULT CHARSET=utf8 COMMENT='모든 축제 세입세출 소계및합계 예산관리';

-- 테이블 데이터 dusthgks.15_Fes_revExp_Sub:~7 rows (대략적) 내보내기
/*!40000 ALTER TABLE `15_Fes_revExp_Sub` DISABLE KEYS */;
INSERT INTO `15_Fes_revExp_Sub` (`fesrev_sub_cd`, `areacity_admin_cd`, `man_com_cd`, `fest_cd`, `area_city_cd`, `area_cd`, `accsub_lar_cd`, `adm_age_nm`, `fes_nm`, `com_nm`, `accsub_large_nm`, `budget_cla`, `fes_year`, `budget`) VALUES
	('fesrev_sub001', 'admin_35', 'man_com_002', 'all_fest_350136', '35010', '35', 'ExtracurricularIncomeCode', '전라북도청', '전주세계소리축제', '전주세계소리축제조직위원회', '세외수입', '세입', '2019', 472060000),
	('fesrev_sub002', 'admin_35', 'man_com_002', 'all_fest_350136', '35010', '35', 'SubsidyCode', '전라북도청', '전주세계소리축제', '전주세계소리축제조직위원회', '보조금', '세입', '2019', 2147483647),
	('fesrev_sub003', 'admin_35', 'man_com_002', 'all_fest_350136', '35010', '35', 'GoodsCostCode', '전라북도청', '전주세계소리축제', '전주세계소리축제조직위원회', '물건비', '세출', '2019', 1956529000),
	('fesrev_sub004', 'admin_35', 'man_com_002', 'all_fest_350136', '35010', '35', 'Labor costsCode', '전라북도청', '전주세계소리축제', '전주세계소리축제조직위원회', '인건비', '세출', '2019', 617294000),
	('fesrev_sub005', 'admin_35', 'man_com_002', 'all_fest_350136', '35010', '35', 'RelocationCode', '전라북도청', '전주세계소리축제', '전주세계소리축제조직위원회', '경상이전', '세출', '2019', 67437000),
	('fesrev_sub006', 'admin_35', 'man_com_002', 'all_fest_350136', '35010', '35', 'CapitalExpenditureCode', '전라북도청', '전주세계소리축제', '전주세계소리축제조직위원회', '자본지출', '세출', '2019', 6800000),
	('fesrev_sub007', 'admin_35', 'man_com_002', 'all_fest_350136', '35010', '35', 'ReserveFeeCode', '전라북도청', '전주세계소리축제', '전주세계소리축제조직위원회', '예비비및기타', '세출', '2019', 21000000);
/*!40000 ALTER TABLE `15_Fes_revExp_Sub` ENABLE KEYS */;

-- 테이블 dusthgks.16_Fes_revExp_Bud 구조 내보내기
CREATE TABLE IF NOT EXISTS `16_Fes_revExp_Bud` (
  `fesrev_bud_cd` varchar(50) NOT NULL COMMENT '모든축제세입세출예산관리코드',
  `areacity_admin_cd` varchar(50) DEFAULT NULL COMMENT '모든 행정기관코드',
  `fesrev_sub_cd` varchar(50) DEFAULT NULL COMMENT '모든축제세입세출 소계및합계 예산관리코드',
  `accsub_man_cd` varchar(50) DEFAULT NULL COMMENT '모든계정과목코드',
  `man_com_cd` varchar(50) DEFAULT NULL COMMENT '위원회코드',
  `fest_cd` varchar(50) DEFAULT NULL COMMENT '축제코드',
  `area_city_cd` varchar(50) DEFAULT NULL COMMENT '모든 지역 시군코드',
  `area_cd` varchar(50) DEFAULT NULL COMMENT '전국지역코드',
  `adm_age_nm` varchar(50) DEFAULT NULL COMMENT '행정기관명',
  `fes_nm` varchar(50) DEFAULT NULL COMMENT '축제명',
  `com_nm` varchar(50) DEFAULT NULL COMMENT '위원회명',
  `accsub_large_nm` varchar(50) DEFAULT NULL COMMENT '대분류명',
  `accsub_medium_nm` varchar(50) DEFAULT NULL COMMENT '중분류명',
  `budget_cla` varchar(50) DEFAULT NULL COMMENT '예산구분',
  `accsub_nm` varchar(50) DEFAULT NULL COMMENT '모든계정과목명',
  `budget_details` varchar(50) DEFAULT NULL COMMENT '세부내용	',
  `fes_year` varchar(20) DEFAULT NULL COMMENT '년도',
  `budget` int(20) DEFAULT NULL COMMENT '예산액',
  PRIMARY KEY (`fesrev_bud_cd`),
  KEY `FK_14_Acc_sub_Man_TO_16_Fes_revExp_Bud` (`accsub_man_cd`),
  KEY `FK_15_Fes_revExp_Sub_TO_16_Fes_revExp_Bud` (`fesrev_sub_cd`),
  KEY `FK_01_Area_TO_16_Fes_revExp_Bud` (`area_cd`),
  KEY `FK_13_Man_Com_TO_16_Fes_revExp_Bud` (`man_com_cd`),
  KEY `FK_03_Area_City_Admin_TO_16_Fes_revExp_Bud` (`areacity_admin_cd`),
  KEY `FK_18_Festival_TO_16_Fes_revExp_Bud` (`fest_cd`),
  KEY `FK_02_Area_City_TO_16_Fes_revExp_Bud` (`area_city_cd`),
  CONSTRAINT `FK_01_Area_TO_16_Fes_revExp_Bud` FOREIGN KEY (`area_cd`) REFERENCES `01_Area` (`area_cd`),
  CONSTRAINT `FK_02_Area_City_TO_16_Fes_revExp_Bud` FOREIGN KEY (`area_city_cd`) REFERENCES `02_Area_City` (`area_city_cd`),
  CONSTRAINT `FK_03_Area_City_Admin_TO_16_Fes_revExp_Bud` FOREIGN KEY (`areacity_admin_cd`) REFERENCES `03_Area_City_Admin` (`areacity_admin_cd`),
  CONSTRAINT `FK_13_Man_Com_TO_16_Fes_revExp_Bud` FOREIGN KEY (`man_com_cd`) REFERENCES `13_Man_Com` (`man_com_cd`),
  CONSTRAINT `FK_14_Acc_sub_Man_TO_16_Fes_revExp_Bud` FOREIGN KEY (`accsub_man_cd`) REFERENCES `14_Acc_sub_Man` (`accsub_man_cd`),
  CONSTRAINT `FK_15_Fes_revExp_Sub_TO_16_Fes_revExp_Bud` FOREIGN KEY (`fesrev_sub_cd`) REFERENCES `15_Fes_revExp_Sub` (`fesrev_sub_cd`),
  CONSTRAINT `FK_18_Festival_TO_16_Fes_revExp_Bud` FOREIGN KEY (`fest_cd`) REFERENCES `18_Festival` (`fest_cd`)
) ENGINE=InnoDB DEFAULT CHARSET=utf8 COMMENT='모든 축제 세입세출 예산관리';

-- 테이블 데이터 dusthgks.16_Fes_revExp_Bud:~26 rows (대략적) 내보내기
/*!40000 ALTER TABLE `16_Fes_revExp_Bud` DISABLE KEYS */;
INSERT INTO `16_Fes_revExp_Bud` (`fesrev_bud_cd`, `areacity_admin_cd`, `fesrev_sub_cd`, `accsub_man_cd`, `man_com_cd`, `fest_cd`, `area_city_cd`, `area_cd`, `adm_age_nm`, `fes_nm`, `com_nm`, `accsub_large_nm`, `accsub_medium_nm`, `budget_cla`, `accsub_nm`, `budget_details`, `fes_year`, `budget`) VALUES
	('fesrev_bud001', 'admin_35', 'fesrev_sub001', 'accSub_revenue_023', 'man_com_002', 'all_fest_350136', '35010', '35', '전라북도청', '전주세계소리축제', '전주세계소리축제조직위원회', '세외수입', '경상적세외수입', '세입', '사업수입', '입장권판매수입', '2019', 100000000),
	('fesrev_bud002', 'admin_35', 'fesrev_sub001', 'accSub_revenue_023', 'man_com_002', 'all_fest_350136', '35010', '35', '전라북도청', '전주세계소리축제', '전주세계소리축제조직위원회', '세외수입', '경상적세외수입', '세입', '사업수입', '후원사업수입', '2019', 230000000),
	('fesrev_bud003', 'admin_35', 'fesrev_sub001', 'accSub_revenue_023', 'man_com_002', 'all_fest_350136', '35010', '35', '전라북도청', '전주세계소리축제', '전주세계소리축제조직위원회', '세외수입', '경상적세외수입', '세입', '사업수입', '휘장사업수입', '2019', 1000000),
	('fesrev_bud004', 'admin_35', 'fesrev_sub001', 'accSub_revenue_023', 'man_com_002', 'all_fest_350136', '35010', '35', '전라북도청', '전주세계소리축제', '전주세계소리축제조직위원회', '세외수입', '경상적세외수입', '세입', '사업수입', '기획공모사업수입', '2019', 46000000),
	('fesrev_bud005', 'admin_35', 'fesrev_sub001', 'accSub_revenue_023', 'man_com_002', 'all_fest_350136', '35010', '35', '전라북도청', '전주세계소리축제', '전주세계소리축제조직위원회', '세외수입', '경상적세외수입', '세입', '사업수입', '순세계잉여금', '2019', 85060000),
	('fesrev_bud006', 'admin_35', 'fesrev_sub001', 'accSub_revenue_023', 'man_com_002', 'all_fest_350136', '35010', '35', '전라북도청', '전주세계소리축제', '전주세계소리축제조직위원회', '세외수입', '경상적세외수입', '세입', '사업수입', '기타잡수입', '2019', 10000000),
	('fesrev_bud007', 'admin_35', 'fesrev_sub002', 'accSub_revenue_067', 'man_com_002', 'all_fest_350136', '35010', '35', '전라북도청', '전주세계소리축제', '전주세계소리축제조직위원회', '보조금', '국고보조금등', '세입', '국고보조금', '국고보조금', '2019', 400000000),
	('fesrev_bud008', 'admin_35', 'fesrev_sub002', 'accSub_revenue_070', 'man_com_002', 'all_fest_350136', '35010', '35', '전라북도청', '전주세계소리축제', '전주세계소리축제조직위원회', '보조금', '시도비보조금등', '세입', '시도비보조금등', '도비보조금', '2019', 1797000000),
	('fesrev_bud009', 'admin_35', 'fesrev_sub003', 'accSub_expenditure_005', 'man_com_002', 'all_fest_350136', '35010', '35', '전라북도청', '전주세계소리축제', '전주세계소리축제조직위원회', '물건비', '일반운영비', '세출', '사무관리비', '사무관리비', '2019', 504647000),
	('fesrev_bud010', 'admin_35', 'fesrev_sub003', 'accSub_expenditure_007', 'man_com_002', 'all_fest_350136', '35010', '35', '전라북도청', '전주세계소리축제', '전주세계소리축제조직위원회', '물건비', '일반운영비', '세출', '행사운영비', '행사운영비', '2019', 1219982000),
	('fesrev_bud011', 'admin_35', 'fesrev_sub003', 'accSub_expenditure_008', 'man_com_002', 'all_fest_350136', '35010', '35', '전라북도청', '전주세계소리축제', '전주세계소리축제조직위원회', '물건비', '일반보상금', '세출', '행사실비보상금', '행사실비보상금', '2019', 10000000),
	('fesrev_bud012', 'admin_35', 'fesrev_sub003', 'accSub_expenditure_011', 'man_com_002', 'all_fest_350136', '35010', '35', '전라북도청', '전주세계소리축제', '전주세계소리축제조직위원회', '물건비', '여비', '세출', '국내여비', '국내여비', '2019', 11500000),
	('fesrev_bud013', 'admin_35', 'fesrev_sub003', 'accSub_expenditure_013', 'man_com_002', 'all_fest_350136', '35010', '35', '전라북도청', '전주세계소리축제', '전주세계소리축제조직위원회', '물건비', '여비', '세출', '국외업무여비', '국외업무여비', '2019', 13000000),
	('fesrev_bud014', 'admin_35', 'fesrev_sub003', 'accSub_expenditure_018', 'man_com_002', 'all_fest_350136', '35010', '35', '전라북도청', '전주세계소리축제', '전주세계소리축제조직위원회', '물건비', '업무추진비', '세출', '시책추진업무추진비', '시책추진업무추진비', '2019', 17000000),
	('fesrev_bud015', 'admin_35', 'fesrev_sub003', 'accSub_expenditure_036', 'man_com_002', 'all_fest_350136', '35010', '35', '전라북도청', '전주세계소리축제', '전주세계소리축제조직위원회', '물건비', '연구개발비', '세출', '연구용역비', '연구용역비', '2019', 13000000),
	('fesrev_bud016', 'admin_35', 'fesrev_sub004', 'accSub_expenditure_001', 'man_com_002', 'all_fest_350136', '35010', '35', '전라북도청', '전주세계소리축제', '전주세계소리축제조직위원회', '인건비', '인건비', '세출', '보수', '보수', '2019', 477558000),
	('fesrev_bud017', 'admin_35', 'fesrev_sub004', 'accSub_expenditure_004', 'man_com_002', 'all_fest_350136', '35010', '35', '전라북도청', '전주세계소리축제', '전주세계소리축제조직위원회', '인건비', '인건비', '세출', '기간제근로자등보수', '기간제근로자등보수', '2019', 139736000),
	('fesrev_bud018', 'admin_35', 'fesrev_sub005', 'accSub_expenditure_055', 'man_com_002', 'all_fest_350136', '35010', '35', '전라북도청', '전주세계소리축제', '전주세계소리축제조직위원회', '경상이전', '연금부담금등', '세출', '연금부담금', '연금부담금', '2019', 67437000),
	('fesrev_bud019', 'admin_35', 'fesrev_sub003', 'accSub_expenditure_006', 'man_com_002', 'all_fest_350136', '35010', '35', '전라북도청', '전주세계소리축제', '전주세계소리축제조직위원회', '물건비', '일반운영비', '세출', '공공운영비', '공공운영비', '2019', 34440000),
	('fesrev_bud020', 'admin_35', 'fesrev_sub003', 'accSub_expenditure_016', 'man_com_002', 'all_fest_350136', '35010', '35', '전라북도청', '전주세계소리축제', '전주세계소리축제조직위원회', '물건비', '업무추진비', '세출', '기관운영업무추진비', '기관운영업무추진비', '2019', 14400000),
	('fesrev_bud021', 'admin_35', 'fesrev_sub003', 'accSub_expenditure_017', 'man_com_002', 'all_fest_350136', '35010', '35', '전라북도청', '전주세계소리축제', '전주세계소리축제조직위원회', '물건비', '업무추진비', '세출', '정원가산업무추진비', '정원가산업무추진비', '2019', 560000),
	('fesrev_bud022', 'admin_35', 'fesrev_sub003', 'accSub_expenditure_019', 'man_com_002', 'all_fest_350136', '35010', '35', '전라북도청', '전주세계소리축제', '전주세계소리축제조직위원회', '물건비', '업무추진비', '세출', '부서운영업무추진비', '부서운영업무추진비', '2019', 3000000),
	('fesrev_bud023', 'admin_35', 'fesrev_sub003', 'accSub_expenditure_020', 'man_com_002', 'all_fest_350136', '35010', '35', '전라북도청', '전주세계소리축제', '전주세계소리축제조직위원회', '물건비', '직무수행경비', '세출', '직책급업무수행경비', '직책급업무수행경비', '2019', 115000000),
	('fesrev_bud024', 'admin_35', 'fesrev_sub006', 'accSub_expenditure_103', 'man_com_002', 'all_fest_350136', '35010', '35', '전라북도청', '전주세계소리축제', '전주세계소리축제조직위원회', '자본지출', '자산취득비', '세출', '자산및물품취득비', '자산및물품취득비', '2019', 6800000),
	('fesrev_bud025', 'admin_35', 'fesrev_sub007', 'accSub_expenditure_132', 'man_com_002', 'all_fest_350136', '35010', '35', '전라북도청', '전주세계소리축제', '전주세계소리축제조직위원회', '예비비및기타', '예비비', '세출', '일반예비비', '일반예비비', '2019', 20000000),
	('fesrev_bud026', 'admin_35', 'fesrev_sub007', 'accSub_expenditure_136', 'man_com_002', 'all_fest_350136', '35010', '35', '전라북도청', '전주세계소리축제', '전주세계소리축제조직위원회', '예비비및기타', '반환금기타', '세출', '시도비보조금반환금', '시도비보조금반환금', '2019', 1000000);
/*!40000 ALTER TABLE `16_Fes_revExp_Bud` ENABLE KEYS */;

-- 테이블 dusthgks.17_Fes_revExp_Exe 구조 내보내기
CREATE TABLE IF NOT EXISTS `17_Fes_revExp_Exe` (
  `fesrev_exe_cd` varchar(50) NOT NULL COMMENT '모든축제세입세출\r\n	  집행관리코드',
  `areacity_admin_cd` varchar(50) DEFAULT NULL COMMENT '모든 행정기관코드',
  `accsub_man_cd` varchar(50) DEFAULT NULL COMMENT '모든계정과목코드',
  `man_com_cd` varchar(50) DEFAULT NULL COMMENT '위원회코드',
  `fest_cd` varchar(50) DEFAULT NULL COMMENT '축제코드',
  `area_city_cd` varchar(50) DEFAULT NULL COMMENT '모든 지역 시군코드',
  `area_cd` varchar(50) DEFAULT NULL COMMENT '전국지역코드',
  `group_cd` varchar(50) DEFAULT NULL COMMENT '상세세입세출그룹코드',
  `dettax_paycontab_nm` varchar(50) DEFAULT NULL COMMENT '상세세입세출',
  `adm_age_nm` varchar(50) DEFAULT NULL COMMENT '행정기관명',
  `fes_nm` varchar(50) DEFAULT NULL COMMENT '축제명',
  `com_nm` varchar(50) DEFAULT NULL COMMENT '위원회명',
  `lar_cat_nm` varchar(50) DEFAULT NULL COMMENT '대분류명',
  `accsub_medium_nm` varchar(50) DEFAULT NULL COMMENT '중분류명',
  `bud_cla` varchar(50) DEFAULT NULL COMMENT '예산구분		',
  `accsub_nm` varchar(50) DEFAULT NULL COMMENT '모든계정과목명',
  `exp_details` varchar(50) DEFAULT NULL COMMENT '세부내용	',
  `fes_year` date DEFAULT NULL COMMENT '년도',
  `Expenditure` int(11) DEFAULT NULL COMMENT '집행액',
  PRIMARY KEY (`fesrev_exe_cd`),
  KEY `FK_14_Acc_sub_Man_TO_17_Fes_revExp_Exe` (`accsub_man_cd`),
  KEY `FK_01_Area_TO_17_Fes_revExp_Exe` (`area_cd`),
  KEY `FK_13_Man_Com_TO_17_Fes_revExp_Exe` (`man_com_cd`),
  KEY `FK_03_Area_City_Admin_TO_17_Fes_revExp_Exe` (`areacity_admin_cd`),
  KEY `FK_02_Area_City_TO_17_Fes_revExp_Exe` (`area_city_cd`),
  KEY `FK_18_Festival_TO_17_Fes_revExp_Exe` (`fest_cd`),
  CONSTRAINT `FK_01_Area_TO_17_Fes_revExp_Exe` FOREIGN KEY (`area_cd`) REFERENCES `01_Area` (`area_cd`),
  CONSTRAINT `FK_02_Area_City_TO_17_Fes_revExp_Exe` FOREIGN KEY (`area_city_cd`) REFERENCES `02_Area_City` (`area_city_cd`),
  CONSTRAINT `FK_03_Area_City_Admin_TO_17_Fes_revExp_Exe` FOREIGN KEY (`areacity_admin_cd`) REFERENCES `03_Area_City_Admin` (`areacity_admin_cd`),
  CONSTRAINT `FK_13_Man_Com_TO_17_Fes_revExp_Exe` FOREIGN KEY (`man_com_cd`) REFERENCES `13_Man_Com` (`man_com_cd`),
  CONSTRAINT `FK_14_Acc_sub_Man_TO_17_Fes_revExp_Exe` FOREIGN KEY (`accsub_man_cd`) REFERENCES `14_Acc_sub_Man` (`accsub_man_cd`),
  CONSTRAINT `FK_18_Festival_TO_17_Fes_revExp_Exe` FOREIGN KEY (`fest_cd`) REFERENCES `18_Festival` (`fest_cd`)
) ENGINE=InnoDB DEFAULT CHARSET=utf8 COMMENT='모든 축제 세입세출 집행관리';

-- 테이블 데이터 dusthgks.17_Fes_revExp_Exe:~2 rows (대략적) 내보내기
/*!40000 ALTER TABLE `17_Fes_revExp_Exe` DISABLE KEYS */;
INSERT INTO `17_Fes_revExp_Exe` (`fesrev_exe_cd`, `areacity_admin_cd`, `accsub_man_cd`, `man_com_cd`, `fest_cd`, `area_city_cd`, `area_cd`, `group_cd`, `dettax_paycontab_nm`, `adm_age_nm`, `fes_nm`, `com_nm`, `lar_cat_nm`, `accsub_medium_nm`, `bud_cla`, `accsub_nm`, `exp_details`, `fes_year`, `Expenditure`) VALUES
	('fesrev_exe001', NULL, NULL, NULL, NULL, NULL, NULL, '집행액이 있는 테이블은 PK규칙에 맞게 작성하세요', NULL, NULL, NULL, NULL, NULL, NULL, NULL, NULL, NULL, NULL, NULL),
	('fesrev_exe002', NULL, NULL, NULL, NULL, NULL, NULL, '집행액이 있는 테이블은 PK규칙에 맞게 작성하세요', NULL, NULL, NULL, NULL, NULL, NULL, NULL, NULL, NULL, NULL, NULL);
/*!40000 ALTER TABLE `17_Fes_revExp_Exe` ENABLE KEYS */;

-- 테이블 dusthgks.18_Festival 구조 내보내기
CREATE TABLE IF NOT EXISTS `18_Festival` (
  `fest_cd` varchar(50) NOT NULL COMMENT '축제코드',
  `areacity_admin_cd` varchar(50) DEFAULT NULL COMMENT '모든 행정기관코드',
  `area_city_cd` varchar(50) DEFAULT NULL COMMENT '모든 지역 시군코드',
  `area_cd` varchar(50) DEFAULT NULL COMMENT '전국지역코드',
  `fest_nm` varchar(50) DEFAULT NULL COMMENT '축제명',
  `fest_host_area` varchar(50) DEFAULT NULL COMMENT '축제개최지역',
  `fest_host_place` varchar(50) DEFAULT NULL COMMENT '축제개최장소',
  `fest_start_dt` date DEFAULT NULL COMMENT '축제시작일자',
  `fest_end_dt` date DEFAULT NULL COMMENT '축제종료일자',
  `fest_content` varchar(500) DEFAULT NULL COMMENT '축제내용',
  `fest_super_agency` varchar(50) DEFAULT NULL COMMENT '축제주관기관',
  `fest_spo_agency` varchar(50) DEFAULT NULL COMMENT '축제후원기관',
  `fest_addr` varchar(50) DEFAULT NULL COMMENT '축제 개최 주소',
  `fest_inquiry` varchar(50) DEFAULT NULL COMMENT '축제전화문의',
  PRIMARY KEY (`fest_cd`),
  KEY `FK_02_Area_City_TO_18_Festival` (`area_city_cd`),
  KEY `FK_01_Area_TO_18_Festival` (`area_cd`),
  KEY `FK_03_Area_City_Admin_TO_18_Festival` (`areacity_admin_cd`),
  CONSTRAINT `FK_01_Area_TO_18_Festival` FOREIGN KEY (`area_cd`) REFERENCES `01_Area` (`area_cd`),
  CONSTRAINT `FK_02_Area_City_TO_18_Festival` FOREIGN KEY (`area_city_cd`) REFERENCES `02_Area_City` (`area_city_cd`),
  CONSTRAINT `FK_03_Area_City_Admin_TO_18_Festival` FOREIGN KEY (`areacity_admin_cd`) REFERENCES `03_Area_City_Admin` (`areacity_admin_cd`)
) ENGINE=InnoDB DEFAULT CHARSET=utf8 COMMENT='모든 축제관리';

-- 테이블 데이터 dusthgks.18_Festival:~51 rows (대략적) 내보내기
/*!40000 ALTER TABLE `18_Festival` DISABLE KEYS */;
INSERT INTO `18_Festival` (`fest_cd`, `areacity_admin_cd`, `area_city_cd`, `area_cd`, `fest_nm`, `fest_host_area`, `fest_host_place`, `fest_start_dt`, `fest_end_dt`, `fest_content`, `fest_super_agency`, `fest_spo_agency`, `fest_addr`, `fest_inquiry`) VALUES
	('all_fest_350100', 'admin_39', '35013', '35', '2019 정읍벚꽃축제', '전라북도 정읍시', '정읍천변 일원', '2019-03-30', '2019-04-07', '개막식,프로그램,부대행사', '정읍시', '', '전라북도 정읍시 벚꽃로 401', '063-539-5233'),
	('all_fest_350101', 'admin_39', '35013', '35', '정읍드론페스티벌', '전라북도 정읍시', '내장산문화광장', '2019-05-04', '2019-05-05', '개막식,드론경진대회, 전시 및 체험', '정읍시', '', '전라북도 정읍시 내장산로 390', '063-539-5233'),
	('all_fest_350102', 'admin_39', '35013', '35', '내장산캠핑대회', '전라북도 정읍시', '내장산문화광장', '2019-05-17', '2019-05-19', '음악회(개막식),캠핑카 및 용품전시, 체험 등', '정읍시', '', '전라북도 정읍시 내장산로 390', '063-539-5233'),
	('all_fest_350103', 'admin_39', '35013', '35', '제14회 정읍 평생학습축제 및 제6회 주민자치 프로그램 발표회', '전라북도 정읍시', '정읍 연지아트홀', '2019-10-19', '2019-10-20', '개막식, 무대발표회, 시민특강, 홍보체험부스, 이벤트 등', '정읍시', '해당없음', '전라북도 정읍시 중앙로 73', '063-539-5162'),
	('all_fest_350104', 'admin_39', '35013', '35', '제30회 정읍사문화제', '전라북도 정읍시', '정읍사문화공원 일원', '2019-09-28', '2019-09-29', '기념행사, 공연행사, 부대행사, 체험행사 등', '(사)정읍사문화제 제전위원회', '', '전라북도 정읍시 정읍사로 541', '063-539-5173'),
	('all_fest_350105', 'admin_39', '35013', '35', '제14회 정읍 구절초꽃축제', '전라북도 정읍시', '정읍 구절초 테마공원', '2019-10-05', '2019-10-20', '구절초 꽃길산책, 꽃밭음악회 등', '정읍시구절초축제추진위원회', '전라북도 한국수자원공사', '전라북도 정읍시 산내면 청정로 926-65', '063-539-6172'),
	('all_fest_350106', 'admin_39', '35013', '35', '제52회 황토현동학농민혁명기념제', '전라북도 정읍시', '황토현 전적지 일원', '2019-05-11', '2019-05-12', '기념식, 공식제례, 청소년 축전, 연계행사, 체험행사 등', '(사)동학농민혁명계승사업회', '', '전라북도 정읍시 덕천면 동학로 742', '063-539-5432'),
	('all_fest_350107', 'admin_46', '35020', '35', '옥정호 꽃걸음 빛바람 축제', '전라북도 임실군', '운암면 요산공원', '2019-04-27', '2019-04-28', '노래자랑, 문화예술공연, 각설이 품바공연, 초청가수 공연, 청소년 가요댄스 경연대회 등', '운암면 지역발전협의회', '전라북도, 임실군', '전라북도 임실군 운암면 입석1길 59', '063-640-4083'),
	('all_fest_350108', 'admin_46', '35020', '35', '의견문화제', '전라북도 임실군', '오수의견공원', '2019-05-04', '2019-05-06', '반려동물과 함께하는 열린음악회, 개판콘서트, 반려견 콘테스트, 키즈 페스티벌 등', '의견문화제전위원회', '전라북도, 임실군', '전라북도 임실군 오수면 충효로 2096-16', '063-642-5292'),
	('all_fest_350109', 'admin_46', '35020', '35', '섬진강다슬기축제', '전라북도 임실군', '섬진강생활체육공원', '2019-07-20', '2019-07-21', '맨손 물고기잡기 대회, 다슬기 까기 대회, 다슬기 잡기 대회, 민속경기 등', '섬진강다슬기축제위원회', '전라북도, 임실군', '전라북도 임실군 덕치면 강운로 11', '063-640-2313'),
	('all_fest_350110', 'admin_46', '35020', '35', '필봉마을굿축제', '전라북도 임실군', '필봉문화촌', '2019-08-15', '2019-08-18', '국가무형문화재 초청공연, 전국농악경연대회, 국제교류 문화공연 등', '임실필봉농악보존회', '문화체육관광부, 임실군', '전라북도 임실군 강진면 강운로 272', '063-640-2901'),
	('all_fest_350111', 'admin_46', '35020', '35', '사선문화제', '전라북도 임실군', '관촌사선대', '2019-09-20', '2019-09-22', '사선녀선발전국대회, 호남좌도농악전국대회, 축하방송 등', '사선문화제전위원회', '임실군', '전라북도 임실군 관촌면 사선2길 68-7', '063-643-3988'),
	('all_fest_350112', 'admin_46', '35020', '35', '임실N치즈축제', '전라북도 임실군', '임실치즈테마파크, 임실치즈마을', '2019-10-03', '2019-10-06', '국가대표 왕치즈피자 만들기, 우유드림 행복드림 퍼레이드, 임실N치즈페어, 치즈경매 등', '임실N치즈축제 제전위원회', '문화체육관광부, 농림축산식품부, 전라북도 등', '전라북도 임실군 성수면 도인2길 50', '063-643-3900'),
	('all_fest_350113', 'admin_46', '35020', '35', '산타축제', '전라북도 임실군', '임실치즈테마파크', '2019-12-21', '2019-12-25', '산타플래시몹 퍼레이드, 19명의 산타를 찾아라, 산타경연대회 등', '(재)임실치즈테마파크', '임실군', '전라북도 임실군 성수면 도인2길 50', '063-643-2300'),
	('all_fest_350114', 'admin_40', '35014', '35', '지리산 바래봉 눈꽃축제', '전라북도 남원시', '지리산허브밸리 일원', '2018-12-29', '2019-02-10', '눈 썰매,얼음 썰매,빙벽 체험장, 바래봉 눈꽃등반대회,눈싸움대회, 허브체험외 각종체험등', '운봉애향회', '남원시, 운봉읍 이장단 사회봉사단체', '전라북도 남원시 운봉읍 바래봉길 214', '063-620-3818'),
	('all_fest_350115', 'admin_40', '35014', '35', '제31회 지리산 뱀사골 고로쇠 약수제', '전라북도 남원시', '지리산뱀사골 반선관광주차장', '2019-03-02', '2019-03-02', '약수제 길놀이,약수 제례, 노래자랑,고로쇠 관련이벤트, 천년송 힐링 걷기 대회등 3월첫째주 1일간', '산내발전협의회', '남원시, 지리산뱀사골고로쇠영농조합법인', '전라북도 남원시 산내면 지리산로 842-8', '063-620-4705'),
	('all_fest_350116', 'admin_40', '35014', '35', '제89회 춘향제', '전라북도 남원시', '광한루원 일원', '2019-05-08', '2019-05-12', '춘향국악대전, 춘향선발대회, 세기의사랑 대표적 예술공연, 지금은 춘향시대, 신판 춘향 길놀이, 이판사판춤판 등 음력4월8일 전후4일간 열림', '춘향제전위원회', '남원시 전라북도 문화체육관광부 한국문화예술위원회', '전라북도 남원시 요천로 1447', '063-620-5773'),
	('all_fest_350117', 'admin_40', '35014', '35', '제25회 지리산 바래봉 철쭉제', '전라북도 남원시', '지리산허브밸리 일원', '2019-05-04', '2019-05-04', '철쭉제례,농악터울림, 기념식,철쭉트레킹,노래자랑등', '운봉애향회', '남원시, 운봉읍 사회(봉사)단체', '전라북도 남원시 운봉읍 바래봉길 214', '063-620-3818'),
	('all_fest_350118', 'admin_40', '35014', '35', '제24회 봉화산 철쭉제', '전라북도 남원시', '남원시 아영면 봉화산 주차장', '2019-05-04', '2019-05-04', '산신제,기념식,철쭉 백일장, 봉화산트레킹등', '흥부골아영애발전협의회', '남원시, 아영면 사회단체, 재경아영향우회', '전라북도 남원시 아영면 성리 산56-6', '063-620-4084'),
	('all_fest_350119', 'admin_40', '35014', '35', '흥부제', '전라북도 남원시', '사랑의광장 일원', '2019-10-11', '2019-10-13', '고유제,축하공연,문화나눔장터, 흥부놀부그림그리기대회, 흥부체험마당,창극흥부와놀부 등 매년 음력 9월9일 전후 (3일간)', '흥부제전위원회', '국립민속국악원', '전라북도 남원시 양림길 12', '063-620-5772'),
	('all_fest_350120', 'admin_40', '35014', '35', '지리산 뱀사골 단풍제', '전라북도 남원시', '지리산 북부 사무소 앞', '2019-10-15', '2019-10-30', '개막식,천년송소원빌기, 뱀사골와운단풍길트레킹, 각종체험,농특산품판매장운영등 10월중 하루 열림', '산내면발전협의회', '남원시', '전라북도 남원시 산내면 와운길 10', '063-620-4705'),
	('all_fest_350121', 'admin_48', '35022', '35', '고창모양성제', '전라북도 고창군', '모양성 일원', '2019-10-03', '2019-10-07', '거리퍼레이드, 답성놀이, 강강술래 등', '(사)모양성보존회', '국방부, 문화체육관광부, 전라북도, 고창군, 한빛원자력', '전라북도 고창군 고창읍 중앙로 292', '063-560-2454'),
	('all_fest_350122', 'admin_48', '35022', '35', '고창청보리밭축제', '전라북도 고창군', '고창군 공음면 학원농장 일원', '2019-04-20', '2019-05-12', '청보리밭사잇길걷기, 주말문화행사, 상설전시 및 연계행사 등', '고창청보리밭축제위윈회', '고창군, 한수원(주)한빛원자력본부, 농협 고창군지부', '전라북도 고창군 공음면 학원농장길 158-6', '063-562-9897'),
	('all_fest_350123', 'admin_48', '35022', '35', '동학농민혁명 무장기포기념제', '전라북도 고창군', '동학농민혁명 무장기포지', '2019-04-25', '2019-04-25', '출정식, 진격로 걷기, 비기탈취 및 무혈입성재연, 기념식 등', '동학농민혁명무장기포기념제', '고창군, 한수원(주)한빛원자력본부', '전라북도 고창군 공음면 선운대로 308', '063-560-2461'),
	('all_fest_350124', 'admin_48', '35022', '35', '고창복분자와수박축제', '전라북도 고창군', '선운산도립공원', '2019-06-21', '2019-06-23', '기념식,복분자 수박관련 체험, 농특산품판매 등', '고창복분자와수박축제위원회', '고창군, 한수원(주)한빛원자력본부, 농협 고창군지부', '전라북도 고창군 아산면 선운사로 250', ''),
	('all_fest_350125', 'admin_48', '35022', '35', '고창갯벌축제', '전라북도 고창군', '만돌갯벌체험장, 하전갯벌체험장', '2019-06-07', '2019-06-09', '개막행사,갯벌체험,동죽시식회,동죽음식문화체험,갯벌체험,장어숭어잡기,갯벌카페,부대행사 등', '고창갯벌축제위원회', '해양수산부, 전라북도, 고창군, 고창군수산업협동조합, 만월어촌계, 하전어촌계, 자율관리공동', '전라북도 고창군 심원면 애향갯벌로 320', '063-560-2633'),
	('all_fest_350126', 'admin_48', '35022', '35', '무장읍성축제', '전라북도 고창군', '무장읍성 일원', '2019-05-14', '2019-05-14', '고유제(진무제), 현감부임 행사, 떡메치기 등', '(사)고창무장읍성보존회', '고창군, 영광한빛원자력본부, NH 농협 고창군지부, 관내 14개 읍?면', '전라북도 고창군 무장면 무장읍성길 45', ''),
	('all_fest_350127', 'admin_48', '35022', '35', '고창해풍고추축제', '전라북도 고창군', '해리복지회관일원', '2019-08-23', '2019-08-25', '기념식, 고추품평회, 공연, 전시판매, 고추관련체험 등', '고창해풍고추축제위원회', '고창군, 한수원(주)한빛원자력본부, 농협 고창군지부', '전라북도 고창군 해리면 청해1길 15', ''),
	('all_fest_350128', 'admin_48', '35022', '35', '2019 대한민국 온천대축제', '전라북도 고창군', '석정온천관광지 일원', '2019-10-02', '2019-10-06', '온천수 칵테일쇼 및 시음행사, 달빛버스킹, 온천3종경기, 리마인드 프러포즈 등', '행정안전부, 전라북도', '대한온천학회, 한국관광공사', '전라북도 고창군 고창읍 석정2로 153', '063-560-2952'),
	('all_fest_350129', 'admin_43', '35017', '35', '제15회 진안고원 운장산고로쇠축제', '전라북도 진안군', '주천면 운일암반일암 삼거광장', '2019-03-16', '2019-03-17', '고로쇠 판매외', '진안고원운장산고로쇠축제추진위원회', '지역 유관기관', '', '063-430-2393'),
	('all_fest_350130', 'admin_43', '35017', '35', '2019 진안고원 꽃잔디축제', '전라북도 진안군', '꽃잔디동산 및 원영장마을', '2019-04-13', '2019-05-12', '꽃잔디 판매 외', '전라북도 진안군', '', '', '063-430-2393'),
	('all_fest_350131', 'admin_43', '35017', '35', '제11회 진안고원 수박축제', '전라북도 진안군', '동향면 체련공원 일원', '2019-07-27', '2019-07-28', '수박판매외', '진안고원수박축제추진위원회', '지역 유관기관', '전라북도 진안군 동향면 진성로 1687', '063-430-2393'),
	('all_fest_350132', 'admin_43', '35017', '35', '2019 진안홍삼축제', '전라북도 진안군', '마이산 북부일원', '2019-10-09', '2019-10-13', '홍삼판매 및 문화공연', '진안홍삼축제추진위원회', '전라북도외', '전라북도 진안군 진안읍 마이산로 160', '063-430-2392'),
	('all_fest_350133', 'admin_47', '35021', '35', '순창장류축제', '전라북도 순창군', '순창전통고추장민속마을 일원', '2019-10-18', '2019-10-20', '문화공연, 장류체험, 전시,판매, 주민참여 프로그램 등', '순창군', '문화체육관광부, 전라북도, 한국관광공사', '전라북도 순창군 순창읍 민속마을길 6-3', '063-652-9301'),
	('all_fest_350134', 'admin_44', '35018', '35', '반딧불축제', '전라북도 무주군', '예체문화관', '2019-08-31', '2019-09-08', '반딧불이 신비탐사, 낙화놀이 반딧불이를 테마로 한 공연, 전시, 체험 프로그램 등', '사)무주반딧불축제제전위원회', '문화체육관광부 외 74개단체', '전라북도 무주군 무주읍 한풍루로 326-17', '063-320-2537'),
	('all_fest_350135', 'admin_36', '35010', '35', '전주대사습놀이', '전라북도 전주시', '"한옥마을, 한국전통문화전당 일원"', '2019-06-15', '2019-06-18', '"국악경연, 축제"', '전주대사습놀이조직위원회', '문화관광체육부, 전라북도', '전라북도 전주시 덕진구 권삼득로 400', '063-252-6792'),
	('all_fest_350136', 'admin_36', '35010', '35', '전주세계소리축제', '전라북도 전주시', '한국소리문화의전당', '2019-10-03', '2019-10-07', '16회 전주세계소리축제', '전주세계소리축제조직위원회', '문화체육관광부', '전라북도 전주시 완산구 소리로 31', '063-232-8398'),
	('all_fest_350137', 'admin_36', '35010', '35', '전주단오축제', '전라북도 전주시', '덕진공원', '2019-06-17', '2019-06-18', '전주단오제', '풍남문화법인', '전주시, 전북은행, 석정수', '전라북도 전주시 덕진구 기린대로 451', '063-277-2515'),
	('all_fest_350138', 'admin_36', '35010', '35', '제19회 전주국제영화제', '전라북도 전주시', '고사동영화의거리 일대', '2019-05-03', '2019-05-12', '우수한 국내외 영화를 소개하는 영화축제의 장', '전주국제영화제집행위원회', '문화체육관광부, 전라북도, 전주시, 영화진흥위원회', '전라북도 전주시 완산구 전주객사4길 74-12', '063-280-7914'),
	('all_fest_350139', 'admin_35', '35010', '35', '2019 전주비빔밥축제', '전라북도 전주시', '한국전통문화전당 일원', '2019-10-25', '2019-10-28', '비빔파티외 프로그램', '전주비빔밥축제조직위원회', '문화체육관광부, 농림축산식품부 등', '전라북도 전주시 완산구 현무1길 20', '063-231-8969'),
	('all_fest_350140', 'admin_35', '35010', '35', '전주한지문화축제', '전라북도 전주시', '"한국전통문화전당, 한지산업자원센터"', '2019-05-05', '2019-05-07', '한지문화축제', '"전주시, 전주한지문화축제조직위원회"', '', '전라북도 전주시 완산구 현무1길 20', '063-271-2503'),
	('all_fest_350141', 'admin_35', '35010', '35', '전주국제발효식품엑스포', '전라북도 전주시', '전주월드컵경기장', '2019-10-25', '2019-10-29', '전 세계 발효식품 전시교류', '재단법인 전라북도생물산업진흥원', '농림축산식품부, 산업통상자원부, 식품의약품안전처, 국립농산물품질관리원, 한국식품연구원, 전', '전라북도 전주시 덕진구 기린대로 418', '063-210-6591'),
	('all_fest_350142', 'admin_49', '35023', '35', '부안마실축제', '전라북도 부안군', '부안읍 일원(주행사장: 매창공원)', '2019-05-04', '2019-05-06', '개막공연등 5종 46개 프로그램 운영', '부안마실축제제전위원회', '부안군', '전라북도 부안군 부안읍 매창로 89', '063-580-4778'),
	('all_fest_350143', 'admin_49', '35023', '35', '곰소젓갈발효축제', '전라북도 부안군', '곰소다용도부지 일원', '2019-09-14', '2019-09-16', '개막식, 폐막식, 축하공연, 노래자랑, 체험, 관광객 참여 이벤트 등', '곰소젓갈발효축제추진위원회', '부안군', '전라북도 부안군 진서면 곰소7길 16', '063-580-4778'),
	('all_fest_350144', 'admin_49', '35023', '35', '개암동벚꽃축제', '전라북도 부안군', '부안군 상서면 개암동 벚꽃길', '2019-04-06', '2019-04-07', '개막식, 야외음악회, 먹거리 장터, 농산물 판매, 체험프로그램', '상서개암동벚꽃축제추진위원회', '부안군', '전라북도 부안군 상서면 개암로 213', '063-580-4778'),
	('all_fest_350145', 'admin_42', '35016', '35', '완주와일드푸드축제', '전라북도 완주군', '고산자연휴양림일원', '2019-09-27', '2019-09-29', '완주의 자연·생태문화가 지닌 야생성과 안전한 먹거리 로컬푸드를 접목시킨 지역 대표축제', '와일드푸드축제추진위원회', '문화체육관광부, 전라북도, 한국관광공사', '전라북도 완주군 고산면 고산휴양림로 89', '063-290-2622'),
	('all_fest_350146', 'admin_42', '35016', '35', '완주 프러포즈축제', '전라북도 완주군', '모악산 전북도립미술관 일원', '2019-05-25', '2019-05-26', '모악산가 경각산의 사랑이야기, 아름다운 결혼, 사랑고백 축제', '완주군', '', '전라북도 완주군 구이면 모악산길 111-6', '063-290-2621'),
	('all_fest_350147', 'admin_38', '35012', '35', '익산서동축제', '전라북도 익산시', '금마서동공원', '2019-05-10', '2019-05-12', '서동축제', '익산문화재단', '익산시', '전라북도 익산시 금마면 고도9길 41-14', '063-843-8817'),
	('all_fest_350148', 'admin_38', '35012', '35', '천만송이 국화축제', '전라북도 익산시', '중앙체육공원', '2019-10-25', '2019-11-03', '국화축제', '익산시 농업기술센터', '익산시', '전라북도 익산시 하나로 322', '063-859-4977'),
	('all_fest_350149', 'admin_38', '35012', '35', '보석대축제', '전라북도 익산시', '보석테마관광지', '2019-04-05', '2019-04-14', '보석축제', '(사)주얼리팰리스협의회', '익산시', '전라북도 익산시 왕궁면 호반로 8', '063-834-5100'),
	('all_fest_350150', 'admin_37', '35011', '35', '군산시간여행축제', '전라북도 군산시', '시간여행마을 및 근대역박물관 일원', '2019-10-04', '2019-10-06', '근대문화축제', '군산시간여행축제추진위원회', '전라북도', '전라북도 군산시 해망로 240', '063-454-3302');
/*!40000 ALTER TABLE `18_Festival` ENABLE KEYS */;

-- 테이블 dusthgks.19_Fest_Pro_Div_Day 구조 내보내기
CREATE TABLE IF NOT EXISTS `19_Fest_Pro_Div_Day` (
  `festprodiv_day_cd` varchar(10) NOT NULL COMMENT '축제프로그램일차분류코드',
  `festprodiv_day_nm` varchar(5) NOT NULL COMMENT '프로그램일차분류',
  PRIMARY KEY (`festprodiv_day_cd`)
) ENGINE=InnoDB DEFAULT CHARSET=utf8 COMMENT='축제 프로그램 일차분류';

-- 테이블 데이터 dusthgks.19_Fest_Pro_Div_Day:~10 rows (대략적) 내보내기
/*!40000 ALTER TABLE `19_Fest_Pro_Div_Day` DISABLE KEYS */;
INSERT INTO `19_Fest_Pro_Div_Day` (`festprodiv_day_cd`, `festprodiv_day_nm`) VALUES
	('fpdD_001', '상시'),
	('fpdD_002', '1일차'),
	('fpdD_003', '2일차'),
	('fpdD_004', '3일차'),
	('fpdD_005', '4일차'),
	('fpdD_006', '5일차'),
	('fpdD_007', '6일차'),
	('fpdD_008', '7일차'),
	('fpdD_009', '8일차'),
	('fpdD_010', '9일차');
/*!40000 ALTER TABLE `19_Fest_Pro_Div_Day` ENABLE KEYS */;

-- 테이블 dusthgks.20_Fest_Pro_Div_Place 구조 내보내기
CREATE TABLE IF NOT EXISTS `20_Fest_Pro_Div_Place` (
  `festprodiv_pla_cd` varchar(10) NOT NULL COMMENT '모든축제별프로그램장소분류',
  `areacity_admin_cd` varchar(50) NOT NULL COMMENT '모든 행정기관코드',
  `area_city_cd` varchar(50) NOT NULL COMMENT '모든 지역 시군코드',
  `area_cd` varchar(50) NOT NULL COMMENT '전국지역코드',
  `fest_cd` varchar(50) NOT NULL COMMENT '축제코드',
  `fest_nm` varchar(20) DEFAULT NULL COMMENT '축제명',
  `festprodiv_pla_nm` varchar(20) NOT NULL COMMENT '모든축제별프로그램장소',
  PRIMARY KEY (`festprodiv_pla_cd`),
  KEY `FK_03_Area_City_Admin_TO_20_Fest_Pro_Div_Place` (`areacity_admin_cd`),
  KEY `FK_18_Festival_TO_20_Fest_Pro_Div_Place` (`fest_cd`),
  KEY `FK_02_Area_City_TO_20_Fest_Pro_Div_Place` (`area_city_cd`),
  KEY `FK_01_Area_TO_20_Fest_Pro_Div_Place` (`area_cd`),
  CONSTRAINT `FK_01_Area_TO_20_Fest_Pro_Div_Place` FOREIGN KEY (`area_cd`) REFERENCES `01_Area` (`area_cd`),
  CONSTRAINT `FK_02_Area_City_TO_20_Fest_Pro_Div_Place` FOREIGN KEY (`area_city_cd`) REFERENCES `02_Area_City` (`area_city_cd`),
  CONSTRAINT `FK_03_Area_City_Admin_TO_20_Fest_Pro_Div_Place` FOREIGN KEY (`areacity_admin_cd`) REFERENCES `03_Area_City_Admin` (`areacity_admin_cd`),
  CONSTRAINT `FK_18_Festival_TO_20_Fest_Pro_Div_Place` FOREIGN KEY (`fest_cd`) REFERENCES `18_Festival` (`fest_cd`)
) ENGINE=InnoDB DEFAULT CHARSET=utf8 COMMENT='모든 축제별 프로그램 장소분류';

-- 테이블 데이터 dusthgks.20_Fest_Pro_Div_Place:~21 rows (대략적) 내보내기
/*!40000 ALTER TABLE `20_Fest_Pro_Div_Place` DISABLE KEYS */;
INSERT INTO `20_Fest_Pro_Div_Place` (`festprodiv_pla_cd`, `areacity_admin_cd`, `area_city_cd`, `area_cd`, `fest_cd`, `fest_nm`, `festprodiv_pla_nm`) VALUES
	('fpdP_001', 'admin_35', '35010', '35', 'all_fest_350136', '전주세계소리축제', '한국소리문화의 전당 모악당'),
	('fpdP_002', 'admin_35', '35010', '35', 'all_fest_350136', '전주세계소리축제', '한국소리문화의 전당 연지홀'),
	('fpdP_003', 'admin_35', '35010', '35', 'all_fest_350136', '전주세계소리축제', '한국소리문화의 전당 명인홀'),
	('fpdP_004', 'admin_35', '35010', '35', 'all_fest_350136', '전주세계소리축제', '국제회의장 전시장 1층'),
	('fpdP_005', 'admin_35', '35010', '35', 'all_fest_350136', '전주세계소리축제', '전시장 1층 메인홀'),
	('fpdP_006', 'admin_35', '35010', '35', 'all_fest_350136', '전주세계소리축제', '한국 소리문화의전당 야외공연장'),
	('fpdP_007', 'admin_35', '35010', '35', 'all_fest_350136', '전주세계소리축제', '편백나무숲(오송제)'),
	('fpdP_008', 'admin_35', '35010', '35', 'all_fest_350136', '전주세계소리축제', '리듬&플레이존(모악광장)'),
	('fpdP_009', 'admin_35', '35010', '35', 'all_fest_350136', '전주세계소리축제', '연지마당'),
	('fpdP_010', 'admin_35', '35010', '35', 'all_fest_350136', '전주세계소리축제', '놀이마당'),
	('fpdP_011', 'admin_35', '35010', '35', 'all_fest_350136', '전주세계소리축제', '레드콘스테이지'),
	('fpdP_012', 'admin_35', '35014', '35', 'all_fest_350136', '제89회 춘향제', '완월정 무대'),
	('fpdP_013', 'admin_40', '35014', '35', 'all_fest_350116', '제89회 춘향제', '승월교 무대'),
	('fpdP_014', 'admin_40', '35014', '35', 'all_fest_350116', '제89회 춘향제', '남원예촌 무대'),
	('fpdP_015', 'admin_40', '35014', '35', 'all_fest_350116', '제89회 춘향제', '광한루각'),
	('fpdP_016', 'admin_40', '35014', '35', 'all_fest_350116', '제89회 춘향제', '몽룡 놀이터'),
	('fpdP_017', 'admin_40', '35014', '35', 'all_fest_350116', '제89회 춘향제', '어울림마당 무대'),
	('fpdP_018', 'admin_40', '35014', '35', 'all_fest_350116', '제89회 춘향제', '사랑의광장 무대'),
	('fpdP_019', 'admin_40', '35014', '35', 'all_fest_350116', '제89회 춘향제', '거리공연'),
	('fpdP_020', 'admin_40', '35014', '35', 'all_fest_350116', '제89회 춘향제', '체험부스/풍물장터'),
	('fpdP_021', 'admin_40', '35014', '35', 'all_fest_350116', '제89회 춘향제', '기타');
/*!40000 ALTER TABLE `20_Fest_Pro_Div_Place` ENABLE KEYS */;

-- 테이블 dusthgks.21_Fest_Pro_Div_Theme 구조 내보내기
CREATE TABLE IF NOT EXISTS `21_Fest_Pro_Div_Theme` (
  `festprodiv_theme_cd` varchar(10) NOT NULL COMMENT '모든 축제별 프로그램 성격분류',
  `areacity_admin_cd` varchar(50) NOT NULL COMMENT '모든 행정기관코드',
  `area_cd` varchar(50) NOT NULL COMMENT '전국지역코드',
  `area_city_cd` varchar(50) NOT NULL COMMENT '모든 지역 시군코드',
  `fest_cd` varchar(50) NOT NULL COMMENT '축제코드',
  `fest_nm` varchar(20) DEFAULT NULL COMMENT '축제명',
  `festprodiv_theme_nm` varchar(20) NOT NULL COMMENT '모든축제별프로그램성격분류',
  PRIMARY KEY (`festprodiv_theme_cd`),
  KEY `FK_18_Festival_TO_21_Fest_Pro_Div_Theme` (`fest_cd`),
  KEY `FK_02_Area_City_TO_21_Fest_Pro_Div_Theme` (`area_city_cd`),
  KEY `FK_01_Area_TO_21_Fest_Pro_Div_Theme` (`area_cd`),
  KEY `FK_03_Area_City_Admin_TO_21_Fest_Pro_Div_Theme` (`areacity_admin_cd`),
  CONSTRAINT `FK_01_Area_TO_21_Fest_Pro_Div_Theme` FOREIGN KEY (`area_cd`) REFERENCES `01_Area` (`area_cd`),
  CONSTRAINT `FK_02_Area_City_TO_21_Fest_Pro_Div_Theme` FOREIGN KEY (`area_city_cd`) REFERENCES `02_Area_City` (`area_city_cd`),
  CONSTRAINT `FK_03_Area_City_Admin_TO_21_Fest_Pro_Div_Theme` FOREIGN KEY (`areacity_admin_cd`) REFERENCES `03_Area_City_Admin` (`areacity_admin_cd`),
  CONSTRAINT `FK_18_Festival_TO_21_Fest_Pro_Div_Theme` FOREIGN KEY (`fest_cd`) REFERENCES `18_Festival` (`fest_cd`)
) ENGINE=InnoDB DEFAULT CHARSET=utf8 COMMENT='모든 축제별 프로그램 성격분류';

-- 테이블 데이터 dusthgks.21_Fest_Pro_Div_Theme:~23 rows (대략적) 내보내기
/*!40000 ALTER TABLE `21_Fest_Pro_Div_Theme` DISABLE KEYS */;
INSERT INTO `21_Fest_Pro_Div_Theme` (`festprodiv_theme_cd`, `areacity_admin_cd`, `area_cd`, `area_city_cd`, `fest_cd`, `fest_nm`, `festprodiv_theme_nm`) VALUES
	('fpdT_001', 'admin_35', '35', '35010', 'all_fest_350136', '전주세계소리축제', ''),
	('fpdT_002', 'admin_35', '35', '35010', 'all_fest_350136', '전주세계소리축제', ''),
	('fpdT_003', 'admin_35', '35', '35010', 'all_fest_350136', '전주세계소리축제', ''),
	('fpdT_004', 'admin_35', '35', '35010', 'all_fest_350136', '전주세계소리축제', ''),
	('fpdT_005', 'admin_35', '35', '35010', 'all_fest_350136', '전주세계소리축제', ''),
	('fpdT_006', 'admin_35', '35', '35010', 'all_fest_350136', '전주세계소리축제', ''),
	('fpdT_007', 'admin_35', '35', '35010', 'all_fest_350136', '전주세계소리축제', ''),
	('fpdT_008', 'admin_35', '35', '35010', 'all_fest_350136', '전주세계소리축제', ''),
	('fpdT_009', 'admin_35', '35', '35010', 'all_fest_350136', '전주세계소리축제', ''),
	('fpdT_010', 'admin_35', '35', '35010', 'all_fest_350136', '전주세계소리축제', '어린이'),
	('fpdT_011', 'admin_35', '35', '35010', 'all_fest_350136', '전주세계소리축제', '기타'),
	('fpdT_012', 'admin_40', '35', '35014', 'all_fest_350116', '제89회 춘향제', '대회/콘테스트'),
	('fpdT_013', 'admin_40', '35', '35014', 'all_fest_350116', '제89회 춘향제', '국악공연'),
	('fpdT_014', 'admin_40', '35', '35014', 'all_fest_350116', '제89회 춘향제', '연극'),
	('fpdT_015', 'admin_40', '35', '35014', 'all_fest_350116', '제89회 춘향제', '심포지움'),
	('fpdT_016', 'admin_40', '35', '35014', 'all_fest_350116', '제89회 춘향제', '기타공연'),
	('fpdT_017', 'admin_40', '35', '35014', 'all_fest_350116', '제89회 춘향제', '거리공연'),
	('fpdT_018', 'admin_40', '35', '35014', 'all_fest_350116', '제89회 춘향제', '해외초청공연'),
	('fpdT_019', 'admin_40', '35', '35014', 'all_fest_350116', '제89회 춘향제', '퓨전공연'),
	('fpdT_020', 'admin_40', '35', '35014', 'all_fest_350116', '제89회 춘향제', '전시'),
	('fpdT_021', 'admin_40', '35', '35014', 'all_fest_350116', '제89회 춘향제', '체험'),
	('fpdT_022', 'admin_40', '35', '35014', 'all_fest_350116', '제89회 춘향제', '어린이'),
	('fpdT_023', 'admin_40', '35', '35014', 'all_fest_350116', '제89회 춘향제', '기타');
/*!40000 ALTER TABLE `21_Fest_Pro_Div_Theme` ENABLE KEYS */;

-- 테이블 dusthgks.22_Fest_Program 구조 내보내기
CREATE TABLE IF NOT EXISTS `22_Fest_Program` (
  `fest_pro_cd` varchar(10) NOT NULL COMMENT '하나의 축제내 여러개 프로그램 소개코드',
  `areacity_admin_cd` varchar(50) NOT NULL COMMENT '모든 행정기관코드',
  `festprodiv_day_cd` varchar(10) NOT NULL COMMENT '축제프로그램일차분류코드',
  `festprodiv_pla_cd` varchar(10) NOT NULL COMMENT '모든축제별프로그램장소분류',
  `festprodiv_theme_cd` varchar(10) DEFAULT NULL COMMENT '모든 축제별 프로그램 성격분류',
  `fest_cd` varchar(50) NOT NULL COMMENT '축제코드',
  `man_com_cd` varchar(50) NOT NULL COMMENT '위원회코드',
  `exa_rep_cd` varchar(50) DEFAULT NULL COMMENT '모든 심사 결과',
  `fesrev_bud_cd` varchar(50) NOT NULL COMMENT '모든축제세입세출예산관리코드',
  `acc_mem_cd` varchar(50) NOT NULL COMMENT '하나의 거래처별 소속 회원코드',
  `area_city_cd` varchar(50) NOT NULL COMMENT '모든 지역 시군코드',
  `area_cd` varchar(50) NOT NULL COMMENT '전국지역코드',
  `fest_nm` varchar(20) DEFAULT NULL COMMENT '축제명',
  `fest_pro_nm` varchar(20) NOT NULL COMMENT '프로그램명',
  `fest_pro_img` blob COMMENT '프로그램이미지',
  `festpro_time_start` time DEFAULT NULL COMMENT '프로그램시작시간',
  `festpro_time_end` time DEFAULT NULL COMMENT '프로그램종료시간',
  `fest_pro_runtime` int(11) DEFAULT NULL COMMENT '소요시간',
  `fest_pro_detail` varchar(500) DEFAULT NULL COMMENT '내용',
  `group_cd` varchar(20) NOT NULL COMMENT '세입세출상세 그룹코드',
  `action_dt` date NOT NULL COMMENT '마감일자',
  `action_status` char(1) NOT NULL COMMENT '마감유무',
  `fest_pro_expense` int(11) NOT NULL COMMENT '대프로그램비용',
  `fest_pro_agelevel` varchar(20) NOT NULL COMMENT '관람연령',
  `festpro_ticket_cost` int(11) DEFAULT NULL COMMENT '입장료금액',
  `festpro_reserv_div` date NOT NULL COMMENT '예약가능여부',
  `festpro_reflect_div` varchar(20) NOT NULL COMMENT '평과결과에대한반영',
  `festpro_reflect_dt` date NOT NULL COMMENT '평과결과에대한반영일자',
  `pro_approve` varchar(20) DEFAULT NULL COMMENT '승인자ID',
  `insert_dt` date NOT NULL COMMENT '작성일',
  PRIMARY KEY (`fest_pro_cd`),
  KEY `FK_18_Festival_TO_22_Fest_Program` (`fest_cd`),
  KEY `FK_02_Area_City_TO_22_Fest_Program` (`area_city_cd`),
  KEY `FK_01_Area_TO_22_Fest_Program` (`area_cd`),
  KEY `FK_03_Area_City_Admin_TO_22_Fest_Program` (`areacity_admin_cd`),
  KEY `FK_19_Fest_Pro_Div_Day_TO_22_Fest_Program` (`festprodiv_day_cd`),
  KEY `FK_20_Fest_Pro_Div_Place_TO_22_Fest_Program` (`festprodiv_pla_cd`),
  KEY `FK_13_Man_Com_TO_22_Fest_Program` (`man_com_cd`),
  KEY `FK_12_Account_Member_TO_22_Fest_Program` (`acc_mem_cd`),
  KEY `FK_14_Acc_sub_Man_TO_22_Fest_Program` (`fesrev_bud_cd`),
  KEY `FK_21_Fest_Pro_Div_Theme_TO_22_Fest_Program` (`festprodiv_theme_cd`),
  KEY `FK_23_Exa_Report_TO_22_Fest_Program` (`exa_rep_cd`),
  CONSTRAINT `FK_01_Area_TO_22_Fest_Program` FOREIGN KEY (`area_cd`) REFERENCES `01_Area` (`area_cd`),
  CONSTRAINT `FK_02_Area_City_TO_22_Fest_Program` FOREIGN KEY (`area_city_cd`) REFERENCES `02_Area_City` (`area_city_cd`),
  CONSTRAINT `FK_03_Area_City_Admin_TO_22_Fest_Program` FOREIGN KEY (`areacity_admin_cd`) REFERENCES `03_Area_City_Admin` (`areacity_admin_cd`),
  CONSTRAINT `FK_12_Account_Member_TO_22_Fest_Program` FOREIGN KEY (`acc_mem_cd`) REFERENCES `12_Account_Member` (`acc_mem_cd`),
  CONSTRAINT `FK_13_Man_Com_TO_22_Fest_Program` FOREIGN KEY (`man_com_cd`) REFERENCES `13_Man_Com` (`man_com_cd`),
  CONSTRAINT `FK_18_Festival_TO_22_Fest_Program` FOREIGN KEY (`fest_cd`) REFERENCES `18_Festival` (`fest_cd`),
  CONSTRAINT `FK_19_Fest_Pro_Div_Day_TO_22_Fest_Program` FOREIGN KEY (`festprodiv_day_cd`) REFERENCES `19_Fest_Pro_Div_Day` (`festprodiv_day_cd`),
  CONSTRAINT `FK_20_Fest_Pro_Div_Place_TO_22_Fest_Program` FOREIGN KEY (`festprodiv_pla_cd`) REFERENCES `20_Fest_Pro_Div_Place` (`festprodiv_pla_cd`),
  CONSTRAINT `FK_21_Fest_Pro_Div_Theme_TO_22_Fest_Program` FOREIGN KEY (`festprodiv_theme_cd`) REFERENCES `21_Fest_Pro_Div_Theme` (`festprodiv_theme_cd`),
  CONSTRAINT `FK_22_Fest_Program_16_Fes_revExp_Bud` FOREIGN KEY (`fesrev_bud_cd`) REFERENCES `16_Fes_revExp_Bud` (`fesrev_bud_cd`),
  CONSTRAINT `FK_23_Exa_Report_TO_22_Fest_Program` FOREIGN KEY (`exa_rep_cd`) REFERENCES `23_Exa_Report` (`exa_rep_cd`)
) ENGINE=InnoDB DEFAULT CHARSET=utf8 COMMENT='하나의 축제내 여러개 프로그램 소개관리';

-- 테이블 데이터 dusthgks.22_Fest_Program:~12 rows (대략적) 내보내기
/*!40000 ALTER TABLE `22_Fest_Program` DISABLE KEYS */;
INSERT INTO `22_Fest_Program` (`fest_pro_cd`, `areacity_admin_cd`, `festprodiv_day_cd`, `festprodiv_pla_cd`, `festprodiv_theme_cd`, `fest_cd`, `man_com_cd`, `exa_rep_cd`, `fesrev_bud_cd`, `acc_mem_cd`, `area_city_cd`, `area_cd`, `fest_nm`, `fest_pro_nm`, `fest_pro_img`, `festpro_time_start`, `festpro_time_end`, `fest_pro_runtime`, `fest_pro_detail`, `group_cd`, `action_dt`, `action_status`, `fest_pro_expense`, `fest_pro_agelevel`, `festpro_ticket_cost`, `festpro_reserv_div`, `festpro_reflect_div`, `festpro_reflect_dt`, `pro_approve`, `insert_dt`) VALUES
	('fPro_00001', 'admin_35', 'fpdD_001', 'fpdP_001', 'fpdT_001', 'all_fest_350136', 'man_com_014', 'exareport_1', 'fesrev_bud010', 'acc_mem_017', '35010', '35', '전주세계소리축제', '광대의노래 \'바람의 길\'', _binary '', '20:00:00', '22:00:00', 0, '2019년 관악의 명인들이 "바람의 길"을 빚어낸다. "광대의노래"는 현악을 주제로 2020년에 마련될 공연을 포함, 4년간의 장기 프로젝트로 진행된다.', '', '0000-00-00', 'N', 0, '8세이상', 0, '0000-00-00', 'Y', '2019-12-04', 'ID001', '0000-00-00'),
	('fPro_00002', 'admin_35', 'fpdD_001', 'fpdP_010', 'fpdT_001', 'all_fest_350136', 'man_com_014', 'exareport_2', 'fesrev_bud010', 'acc_mem_017', '35010', '35', '전주세계소리축제', '락&시나위', _binary '', '20:00:00', '22:00:00', 0, '대중적인 락 음악과 한국 전통음악을 씨줄과 날줄처럼 엮어 구성하는 장르확장무대.', '', '0000-00-00', 'N', 0, '전체관람가', 0, '0000-00-00', 'Y', '2019-12-04', 'ID001', '0000-00-00'),
	('fPro_00003', 'admin_35', 'fpdD_002', 'fpdP_001', 'fpdT_002', 'all_fest_350136', 'man_com_014', 'exareport_3', 'fesrev_bud010', 'acc_mem_017', '35010', '35', '전주세계소리축제', '판소리다섯바탕', _binary '', '13:00:00', '14:00:00', 0, '', '', '0000-00-00', 'N', 0, '전체관람가', 0, '0000-00-00', 'Y', '0000-00-00', '', '0000-00-00'),
	('fPro_00004', 'admin_35', 'fpdD_002', 'fpdP_003', 'fpdT_002', 'all_fest_350136', 'man_com_014', 'exareport_4', 'fesrev_bud010', 'acc_mem_017', '35010', '35', '전주세계소리축제', '젊은판소리다섯바탕', _binary '', '14:00:00', '15:00:00', 0, '치열한 경쟁을 뚫고 선발된 실력있는 젊은 소리꾼들의 무대가 펼쳐진다.', '', '0000-00-00', 'N', 0, '전체관람가', 0, '0000-00-00', 'Y', '0000-00-00', '', '0000-00-00'),
	('fPro_00005', 'admin_35', 'fpdD_002', 'fpdP_002', 'fpdT_002', 'all_fest_350136', 'man_com_014', 'exareport_5', 'fesrev_bud010', 'acc_mem_017', '35010', '35', '전주세계소리축제', '종교음악', _binary '', '19:00:00', '20:00:00', 0, '예술로 승화한 오래된 기원, 종교음악. 신을향한 인간의 갈망, 그 어딘가에서 마주한 예술', '', '0000-00-00', 'N', 0, '8세이상', 20000, '0000-00-00', 'Y', '0000-00-00', '', '0000-00-00'),
	('fPro_00006', 'admin_35', 'fpdD_001', 'fpdP_001', 'fpdT_001', 'all_fest_350136', 'man_com_014', 'exareport_6', 'fesrev_bud010', 'acc_mem_017', '35010', '35', '전주세계소리축제', '광대의노래 \'바람의 길\'', _binary '', '20:00:00', '22:00:00', 0, '2019년 관악의 명인들이 "바람의 길"을 빚어낸다. "광대의노래"는 현악을 주제로 2020년에 마련될 공연을 포함, 4년간의 장기 프로젝트로 진행된다.', '', '0000-00-00', 'N', 0, '8세이상', 16000, '0000-00-00', 'Y', '2019-12-04', 'ID001', '0000-00-00'),
	('fPro_00007', 'admin_35', 'fpdD_001', 'fpdP_010', 'fpdT_001', 'all_fest_350136', 'man_com_014', 'exareport_7', 'fesrev_bud010', 'acc_mem_017', '35010', '35', '전주세계소리축제', '락&시나위', _binary '', '20:00:00', '22:00:00', 0, '대중적인 락 음악과 한국 전통음악을 씨줄과 날줄처럼 엮어 구성하는 장르확장무대.', '', '0000-00-00', 'N', 0, '전체관람가', 20000, '0000-00-00', 'Y', '2019-12-04', 'ID001', '0000-00-00'),
	('fPro_00008', 'admin_35', 'fpdD_002', 'fpdP_001', 'fpdT_002', 'all_fest_350136', 'man_com_014', 'exareport_8', 'fesrev_bud010', 'acc_mem_017', '35010', '35', '전주세계소리축제', '판소리다섯바탕', _binary '', '13:00:00', '14:00:00', 0, '', '', '0000-00-00', 'N', 0, '전체관람가', 24000, '0000-00-00', 'Y', '0000-00-00', '', '0000-00-00'),
	('fPro_00009', 'admin_35', 'fpdD_002', 'fpdP_003', 'fpdT_002', 'all_fest_350136', 'man_com_014', 'exareport_9', 'fesrev_bud010', 'acc_mem_017', '35010', '35', '전주세계소리축제', '젊은판소리다섯바탕', _binary '', '14:00:00', '15:00:00', 0, '치열한 경쟁을 뚫고 선발된 실력있는 젊은 소리꾼들의 무대가 펼쳐진다.', '', '0000-00-00', 'N', 0, '전체관람가', 28000, '0000-00-00', 'Y', '0000-00-00', '', '0000-00-00'),
	('fPro_00010', 'admin_35', 'fpdD_002', 'fpdP_002', 'fpdT_002', 'all_fest_350136', 'man_com_014', 'exareport_10', 'fesrev_bud010', 'acc_mem_017', '35010', '35', '전주세계소리축제', '종교음악', _binary '', '19:00:00', '20:00:00', 0, '예술로 승화한 오래된 기원, 종교음악. 신을향한 인간의 갈망, 그 어딘가에서 마주한 예술', '', '0000-00-00', 'N', 0, '8세이상', 32000, '0000-00-00', 'Y', '0000-00-00', '', '0000-00-00'),
	('fPro_00011', 'admin_35', 'fpdD_001', 'fpdP_001', 'fpdT_001', 'all_fest_350136', 'man_com_014', 'exareport_11', 'fesrev_bud010', 'acc_mem_017', '35010', '35', '전주세계소리축제', '광대의노래 \'바람의 길\'', _binary '', '20:00:00', '22:00:00', 0, '2019년 관악의 명인들이 "바람의 길"을 빚어낸다. "광대의노래"는 현악을 주제로 2020년에 마련될 공연을 포함, 4년간의 장기 프로젝트로 진행된다.', '', '0000-00-00', 'N', 0, '8세이상', 36000, '0000-00-00', 'Y', '2019-12-04', 'ID001', '0000-00-00'),
	('fPro_00012', 'admin_35', 'fpdD_001', 'fpdP_010', 'fpdT_001', 'all_fest_350136', 'man_com_014', 'exareport_12', 'fesrev_bud010', 'acc_mem_017', '35010', '35', '전주세계소리축제', '락&시나위', _binary '', '20:00:00', '22:00:00', 0, '대중적인 락 음악과 한국 전통음악을 씨줄과 날줄처럼 엮어 구성하는 장르확장무대.', '', '0000-00-00', 'N', 0, '전체관람가', 40000, '0000-00-00', 'Y', '2019-12-04', 'ID001', '0000-00-00');
/*!40000 ALTER TABLE `22_Fest_Program` ENABLE KEYS */;

-- 테이블 dusthgks.23_Exa_Report 구조 내보내기
CREATE TABLE IF NOT EXISTS `23_Exa_Report` (
  `exa_rep_cd` varchar(50) NOT NULL COMMENT '모든 심사 결과',
  `areacity_admin_cd` varchar(50) NOT NULL COMMENT '모든 행정기관코드',
  `fest_pro_cd` varchar(10) DEFAULT NULL COMMENT '하나의 축제내 여러개 프로그램 소개코드',
  `fest_cd` varchar(50) DEFAULT NULL COMMENT '축제코드',
  `man_com_cd` varchar(50) DEFAULT NULL COMMENT '위원회코드',
  `cat_acc_cd` varchar(50) DEFAULT NULL COMMENT '거래처코드',
  `area_city_cd` varchar(50) NOT NULL COMMENT '모든 지역 시군코드',
  `area_cd` varchar(50) NOT NULL COMMENT '전국지역코드',
  `eva_index_cd` varchar(50) DEFAULT NULL COMMENT '심사 평가지표명코드',
  `exa_dt` date NOT NULL COMMENT '심사일자',
  `exa_total_score` varchar(50) NOT NULL COMMENT '총점',
  PRIMARY KEY (`exa_rep_cd`),
  KEY `FK_02_Area_City_TO_23_Exa_Report` (`area_city_cd`),
  KEY `FK_01_Area_TO_23_Exa_Report` (`area_cd`),
  KEY `FK_03_Area_City_Admin_TO_23_Exa_Report` (`areacity_admin_cd`),
  KEY `FK_18_Festival_TO_23_Exa_Report` (`fest_cd`),
  KEY `FK_13_Man_Com_TO_23_Exa_Report` (`man_com_cd`),
  KEY `FK_10_Cat_Account_TO_23_Exa_Report` (`cat_acc_cd`),
  KEY `FK_22_Fest_Program_TO_23_Exa_Report` (`fest_pro_cd`),
  KEY `FK_51_Eva_index_TO_23_Exa_Report` (`eva_index_cd`),
  CONSTRAINT `FK_01_Area_TO_23_Exa_Report` FOREIGN KEY (`area_cd`) REFERENCES `01_Area` (`area_cd`),
  CONSTRAINT `FK_02_Area_City_TO_23_Exa_Report` FOREIGN KEY (`area_city_cd`) REFERENCES `02_Area_City` (`area_city_cd`),
  CONSTRAINT `FK_03_Area_City_Admin_TO_23_Exa_Report` FOREIGN KEY (`areacity_admin_cd`) REFERENCES `03_Area_City_Admin` (`areacity_admin_cd`),
  CONSTRAINT `FK_10_Cat_Account_TO_23_Exa_Report` FOREIGN KEY (`cat_acc_cd`) REFERENCES `10_Cat_Account` (`cat_acc_cd`),
  CONSTRAINT `FK_13_Man_Com_TO_23_Exa_Report` FOREIGN KEY (`man_com_cd`) REFERENCES `13_Man_Com` (`man_com_cd`),
  CONSTRAINT `FK_18_Festival_TO_23_Exa_Report` FOREIGN KEY (`fest_cd`) REFERENCES `18_Festival` (`fest_cd`),
  CONSTRAINT `FK_51_Eva_index_TO_23_Exa_Report` FOREIGN KEY (`eva_index_cd`) REFERENCES `51_Eva_index` (`eva_index_cd`)
) ENGINE=InnoDB DEFAULT CHARSET=utf8 COMMENT='모든 심사 결과';

-- 테이블 데이터 dusthgks.23_Exa_Report:~12 rows (대략적) 내보내기
/*!40000 ALTER TABLE `23_Exa_Report` DISABLE KEYS */;
INSERT INTO `23_Exa_Report` (`exa_rep_cd`, `areacity_admin_cd`, `fest_pro_cd`, `fest_cd`, `man_com_cd`, `cat_acc_cd`, `area_city_cd`, `area_cd`, `eva_index_cd`, `exa_dt`, `exa_total_score`) VALUES
	('exareport_1', 'admin_35', 'fPro_00001', 'all_fest_350136', 'man_com_008', 'catacc_049', '35010', '35', 'eva_index_1', '2019-08-15', '76'),
	('exareport_10', 'admin_35', 'fPro_00010', 'all_fest_350136', 'man_com_008', 'catacc_049', '35010', '35', 'eva_index_5', '2019-08-15', '90'),
	('exareport_11', 'admin_35', 'fPro_00011', 'all_fest_350136', 'man_com_008', 'catacc_049', '35010', '35', 'eva_index_5', '2019-08-15', '90'),
	('exareport_12', 'admin_35', 'fPro_00012', 'all_fest_350136', 'man_com_008', 'catacc_049', '35010', '35', 'eva_index_5', '2019-08-15', '90'),
	('exareport_2', 'admin_35', 'fPro_00002', 'all_fest_350136', 'man_com_008', 'catacc_049', '35010', '35', 'eva_index_5', '2019-08-15', '76'),
	('exareport_3', 'admin_35', 'fPro_00003', 'all_fest_350136', 'man_com_008', 'catacc_049', '35010', '35', 'eva_index_5', '2019-08-15', '80'),
	('exareport_4', 'admin_35', 'fPro_00004', 'all_fest_350136', 'man_com_008', 'catacc_049', '35010', '35', 'eva_index_5', '2019-08-15', '90'),
	('exareport_5', 'admin_35', 'fPro_00005', 'all_fest_350136', 'man_com_008', 'catacc_049', '35010', '35', 'eva_index_5', '2019-08-15', '90'),
	('exareport_6', 'admin_35', 'fPro_00006', 'all_fest_350136', 'man_com_008', 'catacc_049', '35010', '35', 'eva_index_5', '2019-08-15', '90'),
	('exareport_7', 'admin_35', 'fPro_00007', 'all_fest_350136', 'man_com_008', 'catacc_049', '35010', '35', 'eva_index_5', '2019-08-15', '90'),
	('exareport_8', 'admin_35', 'fPro_00008', 'all_fest_350136', 'man_com_008', 'catacc_049', '35010', '35', 'eva_index_5', '2019-08-15', '90'),
	('exareport_9', 'admin_35', 'fPro_00009', 'all_fest_350136', 'man_com_008', 'catacc_049', '35010', '35', 'eva_index_5', '2019-08-15', '90');
/*!40000 ALTER TABLE `23_Exa_Report` ENABLE KEYS */;

-- 테이블 dusthgks.24_Fest_Pro_sPro 구조 내보내기
CREATE TABLE IF NOT EXISTS `24_Fest_Pro_sPro` (
  `festpro_spro_cd` varchar(10) NOT NULL COMMENT '하나의축제내하나의프로그램내 상세관리코드',
  `areacity_admin_cd` varchar(50) NOT NULL COMMENT '모든 행정기관코드',
  `festprodiv_theme_cd` varchar(10) NOT NULL COMMENT '모든 축제별 프로그램 성격분류',
  `fest_pro_cd` varchar(10) NOT NULL COMMENT '하나의 축제내 여러개 프로그램 소개코드',
  `acc_mem_cd` varchar(50) NOT NULL COMMENT '하나의 거래처별 소속 회원코드',
  `fest_cd` varchar(50) NOT NULL COMMENT '축제코드',
  `man_com_cd` varchar(50) NOT NULL COMMENT '위원회코드',
  `area_city_cd` varchar(50) NOT NULL COMMENT '모든 지역 시군코드',
  `area_cd` varchar(50) NOT NULL COMMENT '전국지역코드',
  `festpro_spro_nm` varchar(20) DEFAULT NULL COMMENT '중프로그램명',
  `festpro_spro_place` varchar(20) DEFAULT NULL COMMENT '세부위치',
  `festpro_spro_time` varchar(15) DEFAULT NULL COMMENT '세부시간',
  `festpro_spro_detail` varchar(300) DEFAULT NULL COMMENT '내용',
  `festpro_spro_expense` int(10) DEFAULT NULL COMMENT '중프로그램비용',
  `insert_dt` date NOT NULL COMMENT '작성일',
  PRIMARY KEY (`festpro_spro_cd`),
  KEY `FK_18_Festival_TO_24_Fest_Pro_sPro` (`fest_cd`),
  KEY `FK_02_Area_City_TO_24_Fest_Pro_sPro` (`area_city_cd`),
  KEY `FK_01_Area_TO_24_Fest_Pro_sPro` (`area_cd`),
  KEY `FK_03_Area_City_Admin_TO_24_Fest_Pro_sPro` (`areacity_admin_cd`),
  KEY `FK_13_Man_Com_TO_24_Fest_Pro_sPro` (`man_com_cd`),
  KEY `FK_12_Account_Member_TO_24_Fest_Pro_sPro` (`acc_mem_cd`),
  KEY `FK_21_Fest_Pro_Div_Theme_TO_24_Fest_Pro_sPro` (`festprodiv_theme_cd`),
  KEY `FK_22_Fest_Program_TO_24_Fest_Pro_sPro` (`fest_pro_cd`),
  CONSTRAINT `FK_01_Area_TO_24_Fest_Pro_sPro` FOREIGN KEY (`area_cd`) REFERENCES `01_Area` (`area_cd`),
  CONSTRAINT `FK_02_Area_City_TO_24_Fest_Pro_sPro` FOREIGN KEY (`area_city_cd`) REFERENCES `02_Area_City` (`area_city_cd`),
  CONSTRAINT `FK_03_Area_City_Admin_TO_24_Fest_Pro_sPro` FOREIGN KEY (`areacity_admin_cd`) REFERENCES `03_Area_City_Admin` (`areacity_admin_cd`),
  CONSTRAINT `FK_12_Account_Member_TO_24_Fest_Pro_sPro` FOREIGN KEY (`acc_mem_cd`) REFERENCES `12_Account_Member` (`acc_mem_cd`),
  CONSTRAINT `FK_13_Man_Com_TO_24_Fest_Pro_sPro` FOREIGN KEY (`man_com_cd`) REFERENCES `13_Man_Com` (`man_com_cd`),
  CONSTRAINT `FK_18_Festival_TO_24_Fest_Pro_sPro` FOREIGN KEY (`fest_cd`) REFERENCES `18_Festival` (`fest_cd`),
  CONSTRAINT `FK_21_Fest_Pro_Div_Theme_TO_24_Fest_Pro_sPro` FOREIGN KEY (`festprodiv_theme_cd`) REFERENCES `21_Fest_Pro_Div_Theme` (`festprodiv_theme_cd`),
  CONSTRAINT `FK_22_Fest_Program_TO_24_Fest_Pro_sPro` FOREIGN KEY (`fest_pro_cd`) REFERENCES `22_Fest_Program` (`fest_pro_cd`)
) ENGINE=InnoDB DEFAULT CHARSET=utf8 COMMENT='하나의 축제내 하나의 프로그램내 상세관리';

-- 테이블 데이터 dusthgks.24_Fest_Pro_sPro:~8 rows (대략적) 내보내기
/*!40000 ALTER TABLE `24_Fest_Pro_sPro` DISABLE KEYS */;
INSERT INTO `24_Fest_Pro_sPro` (`festpro_spro_cd`, `areacity_admin_cd`, `festprodiv_theme_cd`, `fest_pro_cd`, `acc_mem_cd`, `fest_cd`, `man_com_cd`, `area_city_cd`, `area_cd`, `festpro_spro_nm`, `festpro_spro_place`, `festpro_spro_time`, `festpro_spro_detail`, `festpro_spro_expense`, `insert_dt`) VALUES
	('sfPro00001', 'admin_35', 'fpdT_002', 'fPro_00003', 'acc_mem_017', 'all_fest_350136', 'man_com_014', '35010', '35', '김명신, 정상희<춘향가>', '', '18:00~18:30', '', 0, '2019-04-15'),
	('sfPro00002', 'admin_35', 'fpdT_002', 'fPro_00003', 'acc_mem_017', 'all_fest_350136', 'man_com_014', '35010', '35', '조통달, 유태평양<흥보가>', '', '18:30~18:40', '', 0, '2019-04-17'),
	('sfPro00003', 'admin_35', 'fpdT_002', 'fPro_00003', 'acc_mem_017', 'all_fest_350136', 'man_com_014', '35010', '35', '송순섭, 이자람<적벽가>', '', '18:40~19:00', '', 0, '2019-04-29'),
	('sfPro00004', 'admin_35', 'fpdT_002', 'fPro_00004', 'acc_mem_017', 'all_fest_350136', 'man_com_014', '35010', '35', '이성현<심청가>', '', '', '', 0, '2019-04-29'),
	('sfPro00005', 'admin_35', 'fpdT_002', 'fPro_00004', 'acc_mem_017', 'all_fest_350136', 'man_com_014', '35010', '35', '권송희<수궁가>', '', '', '', 0, '2019-04-30'),
	('sfPro00006', 'admin_35', 'fpdT_002', 'fPro_00004', 'acc_mem_017', 'all_fest_350136', 'man_com_014', '35010', '35', '김율희<흥보가>', '', '', '', 0, '2019-05-01'),
	('sfPro00007', 'admin_35', 'fpdT_002', 'fPro_00005', 'acc_mem_017', 'all_fest_350136', 'man_com_014', '35010', '35', '이베리 콰이어&전북영산작법보존회', '한국소리문화의전당 연지홀', '19:00-21:00', '', 0, '2019-05-07'),
	('sfPro00008', 'admin_35', 'fpdT_002', 'fPro_00005', 'acc_mem_017', 'all_fest_350136', 'man_com_014', '35010', '35', '첼리스트양성원&TIMF앙상블&아랫녘수', '한국소리문화의전당 연지홀', '17:00-19:00', '', 0, '2019-05-20');
/*!40000 ALTER TABLE `24_Fest_Pro_sPro` ENABLE KEYS */;

-- 테이블 dusthgks.25_Fest_Pro_participants 구조 내보내기
CREATE TABLE IF NOT EXISTS `25_Fest_Pro_participants` (
  `festpro_par_cd` varchar(10) NOT NULL COMMENT '프로그램참가자코드',
  `areacity_admin_cd` varchar(50) NOT NULL COMMENT '모든 행정기관코드',
  `festpro_spro_cd` varchar(10) DEFAULT NULL COMMENT '하나의축제내하나의프로그램내 상세관리코드',
  `fest_pro_cd` varchar(10) NOT NULL COMMENT '하나의 축제내 여러개 프로그램 소개코드',
  `acc_mem_cd` varchar(50) NOT NULL COMMENT '하나의 거래처별 소속 회원코드',
  `fest_cd` varchar(50) NOT NULL COMMENT '축제코드',
  `man_com_cd` varchar(50) NOT NULL COMMENT '위원회코드',
  `area_city_cd` varchar(50) NOT NULL COMMENT '모든 지역 시군코드',
  `area_cd` varchar(50) NOT NULL COMMENT '전국지역코드',
  `pro_pp_nm` varchar(100) NOT NULL COMMENT '이름',
  `pro_pp_gender` char(1) NOT NULL COMMENT '성별',
  `pro_pp_age` varchar(2) NOT NULL COMMENT '나이',
  `pro_pp_phone` varchar(20) NOT NULL COMMENT '연락처',
  `pro_pp_etc` varchar(50) DEFAULT NULL COMMENT '특이사항',
  `insert_dt` date NOT NULL COMMENT '작성일',
  PRIMARY KEY (`festpro_par_cd`),
  KEY `FK_18_Festival_TO_25_Fest_Pro_participants` (`fest_cd`),
  KEY `FK_02_Area_City_TO_25_Fest_Pro_participants` (`area_city_cd`),
  KEY `FK_01_Area_TO_25_Fest_Pro_participants` (`area_cd`),
  KEY `FK_03_Area_City_Admin_TO_25_Fest_Pro_participants` (`areacity_admin_cd`),
  KEY `FK_13_Man_Com_TO_25_Fest_Pro_participants` (`man_com_cd`),
  KEY `FK_12_Account_Member_TO_25_Fest_Pro_participants` (`acc_mem_cd`),
  KEY `FK_22_Fest_Program_TO_25_Fest_Pro_participants` (`fest_pro_cd`),
  KEY `FK_24_Fest_Pro_sPro_TO_25_Fest_Pro_participants` (`festpro_spro_cd`),
  CONSTRAINT `FK_01_Area_TO_25_Fest_Pro_participants` FOREIGN KEY (`area_cd`) REFERENCES `01_Area` (`area_cd`),
  CONSTRAINT `FK_02_Area_City_TO_25_Fest_Pro_participants` FOREIGN KEY (`area_city_cd`) REFERENCES `02_Area_City` (`area_city_cd`),
  CONSTRAINT `FK_03_Area_City_Admin_TO_25_Fest_Pro_participants` FOREIGN KEY (`areacity_admin_cd`) REFERENCES `03_Area_City_Admin` (`areacity_admin_cd`),
  CONSTRAINT `FK_12_Account_Member_TO_25_Fest_Pro_participants` FOREIGN KEY (`acc_mem_cd`) REFERENCES `12_Account_Member` (`acc_mem_cd`),
  CONSTRAINT `FK_13_Man_Com_TO_25_Fest_Pro_participants` FOREIGN KEY (`man_com_cd`) REFERENCES `13_Man_Com` (`man_com_cd`),
  CONSTRAINT `FK_18_Festival_TO_25_Fest_Pro_participants` FOREIGN KEY (`fest_cd`) REFERENCES `18_Festival` (`fest_cd`),
  CONSTRAINT `FK_22_Fest_Program_TO_25_Fest_Pro_participants` FOREIGN KEY (`fest_pro_cd`) REFERENCES `22_Fest_Program` (`fest_pro_cd`),
  CONSTRAINT `FK_24_Fest_Pro_sPro_TO_25_Fest_Pro_participants` FOREIGN KEY (`festpro_spro_cd`) REFERENCES `24_Fest_Pro_sPro` (`festpro_spro_cd`)
) ENGINE=InnoDB DEFAULT CHARSET=utf8 COMMENT='프로그램 참가자관리';

-- 테이블 데이터 dusthgks.25_Fest_Pro_participants:~3 rows (대략적) 내보내기
/*!40000 ALTER TABLE `25_Fest_Pro_participants` DISABLE KEYS */;
INSERT INTO `25_Fest_Pro_participants` (`festpro_par_cd`, `areacity_admin_cd`, `festpro_spro_cd`, `fest_pro_cd`, `acc_mem_cd`, `fest_cd`, `man_com_cd`, `area_city_cd`, `area_cd`, `pro_pp_nm`, `pro_pp_gender`, `pro_pp_age`, `pro_pp_phone`, `pro_pp_etc`, `insert_dt`) VALUES
	('pPP000001', 'admin_35', 'sfPro00004', 'fPro_00004', 'acc_mem_017', 'all_fest_350136', 'man_com_014', '35010', '35', '이성현님은 7번테이블과 10번테이블에 코드가 없습니다. 한소연님과 김도민님하고 상의하셔야 할거 같습니다', 'M', '32', '010-9654-4411', '중요무형문화제 제5호 판소리 이수자', '2019-05-01'),
	('pPP000002', 'admin_35', 'sfPro00005', 'fPro_00004', 'acc_mem_017', 'all_fest_350136', 'man_com_014', '35010', '35', '권송희님은 7번테이블과 10번테이블에 코드가 없습니다. 한소연님과 김도민님하고 상의하셔야 할거 같습니다', 'F', '28', '010-9654-4412', '전주세계소리축제 프론티어 수림문화재단상 수상자', '2019-05-10'),
	('pPP000003', 'admin_35', 'sfPro00006', 'fPro_00004', 'acc_mem_017', 'all_fest_350136', 'man_com_014', '35010', '35', '김율희님은 7번테이블과 10번테이블에 코드가 없습니다. 한소연님과 김도민님하고 상의하셔야 할거 같습니다', 'F', '30', '010-9654-4413', 'KBS국악대상 단체상수상자', '2019-06-01');
/*!40000 ALTER TABLE `25_Fest_Pro_participants` ENABLE KEYS */;

-- 테이블 dusthgks.26_Con_Cod_Man 구조 내보내기
CREATE TABLE IF NOT EXISTS `26_Con_Cod_Man` (
  `concod_man_cd` varchar(50) NOT NULL COMMENT '계약코드관리',
  `con_cod_nm` varchar(50) NOT NULL COMMENT '계약코드명',
  PRIMARY KEY (`concod_man_cd`)
) ENGINE=InnoDB DEFAULT CHARSET=utf8 COMMENT='계약 코드관리';

-- 테이블 데이터 dusthgks.26_Con_Cod_Man:~5 rows (대략적) 내보내기
/*!40000 ALTER TABLE `26_Con_Cod_Man` DISABLE KEYS */;
INSERT INTO `26_Con_Cod_Man` (`concod_man_cd`, `con_cod_nm`) VALUES
	('concod001', '사무관리'),
	('concod002', '행사운영'),
	('concod003', '행사실보상금'),
	('concod004', '국내업무'),
	('concod005', '국외업무');
/*!40000 ALTER TABLE `26_Con_Cod_Man` ENABLE KEYS */;

-- 테이블 dusthgks.27_Fes_Con_Man 구조 내보내기
CREATE TABLE IF NOT EXISTS `27_Fes_Con_Man` (
  `fescon_man_cd` varchar(50) NOT NULL COMMENT '모든축제계약관리코드',
  `areacity_admin_cd` varchar(50) DEFAULT NULL COMMENT '모든 행정기관코드',
  `concod_man_cd` varchar(50) DEFAULT NULL COMMENT '계약코드관리',
  `cat_acc_cd` varchar(50) DEFAULT NULL COMMENT '거래처코드',
  `catapp_acc_cd` varchar(50) DEFAULT NULL COMMENT '거래처별 승인 업종 코드',
  `fesrev_bud_cd` varchar(50) DEFAULT NULL COMMENT '모든축제세입세출예산관리코드',
  `fest_cd` varchar(50) DEFAULT NULL COMMENT '축제코드',
  `area_city_cd` varchar(50) DEFAULT NULL COMMENT '모든 지역 시군코드',
  `area_cd` varchar(50) DEFAULT NULL COMMENT '전국지역코드',
  `contract_nm` varchar(50) NOT NULL COMMENT '계약코드명',
  `con_details` varchar(50) DEFAULT NULL COMMENT '계약내용',
  `con_att_fil` varchar(50) DEFAULT NULL COMMENT '계약서첨부파일',
  `adm_age_nm` varchar(50) DEFAULT NULL COMMENT '행정기관명',
  `fes_nm` varchar(50) DEFAULT NULL COMMENT '축제명',
  `con_ann_nm` varchar(250) DEFAULT NULL COMMENT '계약공고명',
  `cat_acc_nm1` varchar(50) DEFAULT NULL COMMENT '거래처명',
  `cat_acc_nm2` varchar(50) DEFAULT NULL COMMENT '거래처대표자',
  `con_amo` int(20) DEFAULT NULL COMMENT '계약금액(원)',
  `con_com_dt` date DEFAULT NULL COMMENT '계약서작성일',
  `con_sta_dt` date DEFAULT NULL COMMENT '계약시작일자',
  `con_exp_dt` date DEFAULT NULL COMMENT '계약만료일자',
  `con_nor_com` date DEFAULT NULL COMMENT '계약정상완료일자',
  `con_pre_per` varchar(50) DEFAULT NULL COMMENT '계약서작성한담당자',
  `belong` varchar(50) DEFAULT NULL COMMENT '소속',
  `con_sta1` varchar(50) DEFAULT NULL COMMENT '계약상태1',
  `con_sta2` varchar(50) DEFAULT NULL COMMENT '계약상태2',
  PRIMARY KEY (`fescon_man_cd`),
  KEY `FK_10_Cat_Account_TO_27_Fes_Con_Man` (`cat_acc_cd`),
  KEY `FK_11_Cat_Approval_Account_TO_27_Fes_Con_Man` (`catapp_acc_cd`),
  KEY `FK_16_Fes_revExp_Bud_TO_27_Fes_Con_Man` (`fesrev_bud_cd`),
  KEY `FK_18_Festival_TO_27_Fes_Con_Man` (`fest_cd`),
  KEY `FK_01_Area_TO_27_Fes_Con_Man` (`area_cd`),
  KEY `FK_02_Area_City_TO_27_Fes_Con_Man` (`area_city_cd`),
  KEY `FK_26_Con_Cod_Man_TO_27_Fes_Con_Man` (`concod_man_cd`),
  KEY `FK_03_Area_City_Admin_TO_27_Fes_Con_Man` (`areacity_admin_cd`),
  CONSTRAINT `FK_01_Area_TO_27_Fes_Con_Man` FOREIGN KEY (`area_cd`) REFERENCES `01_Area` (`area_cd`),
  CONSTRAINT `FK_02_Area_City_TO_27_Fes_Con_Man` FOREIGN KEY (`area_city_cd`) REFERENCES `02_Area_City` (`area_city_cd`),
  CONSTRAINT `FK_03_Area_City_Admin_TO_27_Fes_Con_Man` FOREIGN KEY (`areacity_admin_cd`) REFERENCES `03_Area_City_Admin` (`areacity_admin_cd`),
  CONSTRAINT `FK_10_Cat_Account_TO_27_Fes_Con_Man` FOREIGN KEY (`cat_acc_cd`) REFERENCES `10_Cat_Account` (`cat_acc_cd`),
  CONSTRAINT `FK_11_Cat_Approval_Account_TO_27_Fes_Con_Man` FOREIGN KEY (`catapp_acc_cd`) REFERENCES `11_Cat_Approval_Account` (`catapp_acc_cd`),
  CONSTRAINT `FK_16_Fes_revExp_Bud_TO_27_Fes_Con_Man` FOREIGN KEY (`fesrev_bud_cd`) REFERENCES `16_Fes_revExp_Bud` (`fesrev_bud_cd`),
  CONSTRAINT `FK_18_Festival_TO_27_Fes_Con_Man` FOREIGN KEY (`fest_cd`) REFERENCES `18_Festival` (`fest_cd`),
  CONSTRAINT `FK_26_Con_Cod_Man_TO_27_Fes_Con_Man` FOREIGN KEY (`concod_man_cd`) REFERENCES `26_Con_Cod_Man` (`concod_man_cd`)
) ENGINE=InnoDB DEFAULT CHARSET=utf8 COMMENT='모든 축제 계약관리';

-- 테이블 데이터 dusthgks.27_Fes_Con_Man:~2 rows (대략적) 내보내기
/*!40000 ALTER TABLE `27_Fes_Con_Man` DISABLE KEYS */;
INSERT INTO `27_Fes_Con_Man` (`fescon_man_cd`, `areacity_admin_cd`, `concod_man_cd`, `cat_acc_cd`, `catapp_acc_cd`, `fesrev_bud_cd`, `fest_cd`, `area_city_cd`, `area_cd`, `contract_nm`, `con_details`, `con_att_fil`, `adm_age_nm`, `fes_nm`, `con_ann_nm`, `cat_acc_nm1`, `cat_acc_nm2`, `con_amo`, `con_com_dt`, `con_sta_dt`, `con_exp_dt`, `con_nor_com`, `con_pre_per`, `belong`, `con_sta1`, `con_sta2`) VALUES
	('fescon001', 'admin_35', 'concod002', 'catacc_002', 'catapp_acc_017', 'fesrev_bud010', 'all_fest_350136', '35010', '35', '', '', '', '전라북도청', '전주세계소리축제', '2019 전주세계소리축제 셔틀버스 및 출연진 수송차량 운영계약 체결', '(유)스타관광', '남철희', 19750000, '2019-08-29', '2019-09-29', '2019-10-09', '0000-00-00', '유윤희', '전주세계소리축제조직위원회', '1진행중', '1정상'),
	('fescon002', 'admin_35', 'concod002', 'catacc_002', 'catapp_acc_017', 'fesrev_bud010', 'all_fest_350136', '35010', '35', '', '', '', '', '', '30번테이블 조희영님 여기에 내용 추가하세요', '', '', 0, '0000-00-00', '0000-00-00', '0000-00-00', '0000-00-00', '', '', '', '');
/*!40000 ALTER TABLE `27_Fes_Con_Man` ENABLE KEYS */;

-- 테이블 dusthgks.28_Fes_Fac_Cat 구조 내보내기
CREATE TABLE IF NOT EXISTS `28_Fes_Fac_Cat` (
  `fesfac_cat_cd` varchar(20) NOT NULL COMMENT '모든시설분류코드',
  `fesfac_cat_nm` varchar(20) DEFAULT NULL COMMENT '모든시설분류',
  PRIMARY KEY (`fesfac_cat_cd`)
) ENGINE=InnoDB DEFAULT CHARSET=utf8 COMMENT='모든 시설 분류';

-- 테이블 데이터 dusthgks.28_Fes_Fac_Cat:~7 rows (대략적) 내보내기
/*!40000 ALTER TABLE `28_Fes_Fac_Cat` DISABLE KEYS */;
INSERT INTO `28_Fes_Fac_Cat` (`fesfac_cat_cd`, `fesfac_cat_nm`) VALUES
	('fesfaccat_01', '운영관리시설'),
	('fesfaccat_02', '편의시설'),
	('fesfaccat_03', '홍보시설'),
	('fesfaccat_04', '부스시설'),
	('fesfaccat_05', '무대시설'),
	('fesfaccat_06', '안전시설'),
	('fesfaccat_07', '기타');
/*!40000 ALTER TABLE `28_Fes_Fac_Cat` ENABLE KEYS */;

-- 테이블 dusthgks.29_Facility_Status 구조 내보내기
CREATE TABLE IF NOT EXISTS `29_Facility_Status` (
  `fac_sta_cd` varchar(20) NOT NULL COMMENT '모든보유시설코드',
  `areacity_admin_cd` varchar(50) DEFAULT NULL COMMENT '모든 행정기관코드',
  `area_cd` varchar(50) DEFAULT NULL COMMENT '전국지역코드',
  `area_city_cd` varchar(50) DEFAULT NULL COMMENT '모든 지역 시군코드',
  `fest_cd` varchar(50) DEFAULT NULL COMMENT '축제코드',
  `fesfac_cat_cd` varchar(20) DEFAULT NULL COMMENT '모든시설분류코드',
  `man_com_cd` varchar(50) DEFAULT NULL COMMENT '위원회코드',
  `fest_nm` varchar(20) DEFAULT NULL COMMENT '축제명',
  `fesfac_cat_nm` varchar(50) DEFAULT NULL COMMENT '모든시설분류명',
  `fac_sta_nm` varchar(20) DEFAULT NULL COMMENT '시설명',
  `fac_sta_site` varchar(20) DEFAULT NULL COMMENT '위치',
  `fac_sta_count` varchar(10) DEFAULT NULL COMMENT '수량',
  `man_com_nm2` varchar(20) DEFAULT NULL COMMENT '위원회명',
  `group_cd` varchar(20) DEFAULT NULL COMMENT '세입상세 그룹코드',
  `action_dt` date DEFAULT NULL COMMENT '마감일자',
  `action_status` varchar(20) DEFAULT NULL COMMENT '마감유무',
  PRIMARY KEY (`fac_sta_cd`),
  KEY `FK_28_Fes_Fac_Cat_TO_29_Facility_Status` (`fesfac_cat_cd`),
  KEY `FK_13_Man_Com_TO_29_Facility_Status` (`man_com_cd`),
  KEY `FK_18_Festival_TO_29_Facility_Status` (`fest_cd`),
  KEY `FK_01_Area_TO_29_Facility_Status` (`area_cd`),
  KEY `FK_02_Area_City_TO_29_Facility_Status` (`area_city_cd`),
  KEY `FK_03_Area_City_Admin_TO_29_Facility_Status` (`areacity_admin_cd`),
  CONSTRAINT `FK_01_Area_TO_29_Facility_Status` FOREIGN KEY (`area_cd`) REFERENCES `01_Area` (`area_cd`),
  CONSTRAINT `FK_02_Area_City_TO_29_Facility_Status` FOREIGN KEY (`area_city_cd`) REFERENCES `02_Area_City` (`area_city_cd`),
  CONSTRAINT `FK_03_Area_City_Admin_TO_29_Facility_Status` FOREIGN KEY (`areacity_admin_cd`) REFERENCES `03_Area_City_Admin` (`areacity_admin_cd`),
  CONSTRAINT `FK_13_Man_Com_TO_29_Facility_Status` FOREIGN KEY (`man_com_cd`) REFERENCES `13_Man_Com` (`man_com_cd`),
  CONSTRAINT `FK_18_Festival_TO_29_Facility_Status` FOREIGN KEY (`fest_cd`) REFERENCES `18_Festival` (`fest_cd`),
  CONSTRAINT `FK_28_Fes_Fac_Cat_TO_29_Facility_Status` FOREIGN KEY (`fesfac_cat_cd`) REFERENCES `28_Fes_Fac_Cat` (`fesfac_cat_cd`)
) ENGINE=InnoDB DEFAULT CHARSET=utf8 COMMENT='모든 보유시설현황 세입';

-- 테이블 데이터 dusthgks.29_Facility_Status:~21 rows (대략적) 내보내기
/*!40000 ALTER TABLE `29_Facility_Status` DISABLE KEYS */;
INSERT INTO `29_Facility_Status` (`fac_sta_cd`, `areacity_admin_cd`, `area_cd`, `area_city_cd`, `fest_cd`, `fesfac_cat_cd`, `man_com_cd`, `fest_nm`, `fesfac_cat_nm`, `fac_sta_nm`, `fac_sta_site`, `fac_sta_count`, `man_com_nm2`, `group_cd`, `action_dt`, `action_status`) VALUES
	('facsta_001', 'admin_35', '35', '35010', 'all_fest_350136', 'fesfaccat_01', 'man_com_010', '전주세계소리축제', '운영관리시설', '종합안내소', '축제장중앙', '1', '최다미', NULL, '0000-00-00', NULL),
	('facsta_002', 'admin_35', '35', '35010', 'all_fest_350136', 'fesfaccat_01', 'man_com_010', '전주세계소리축제', '운영관리시설', '간이안내소', '축제장내', '1', '최다미', '', '2019-12-14', ''),
	('facsta_003', 'admin_35', '35', '35010', 'all_fest_350136', 'fesfaccat_01', 'man_com_010', '전주세계소리축제', '운영관리시설', '이동파출소', '축제장내', '1', '최다미', '', '0000-00-00', ''),
	('facsta_004', 'admin_35', '35', '35010', 'all_fest_350136', 'fesfaccat_01', 'man_com_010', '전주세계소리축제', '운영관리시설', '이동소방서', '축제장내', '1', '최다미', '', '0000-00-00', ''),
	('facsta_005', 'admin_35', '35', '35010', 'all_fest_350136', 'fesfaccat_01', 'man_com_010', '전주세계소리축제', '운영관리시설', '구급차', '축제장내', '1', '최다미', '', '0000-00-00', ''),
	('facsta_006', 'admin_35', '35', '35010', 'all_fest_350136', 'fesfaccat_01', 'man_com_010', '전주세계소리축제', '운영관리시설', '경찰차', '축제장내', '1', '최다미', '', '0000-00-00', ''),
	('facsta_007', 'admin_35', '35', '35010', 'all_fest_350136', 'fesfaccat_01', 'man_com_010', '전주세계소리축제', '편의시설', '키즈존', '축제장내', '1', '최다미', '', '0000-00-00', ''),
	('facsta_008', 'admin_35', '35', '35010', 'all_fest_350136', 'fesfaccat_02', 'man_com_011', '전주세계소리축제', '편의시설', '수유실', '축제장내', '1', '이미란', '', '0000-00-00', ''),
	('facsta_009', 'admin_35', '35', '35010', 'all_fest_350136', 'fesfaccat_02', 'man_com_011', '전주세계소리축제', '편의시설', '카페', '축제장내', '3', '이미란', 'group_0003', '2019-10-20', '유'),
	('facsta_010', 'admin_35', '35', '35010', 'all_fest_350136', 'fesfaccat_02', 'man_com_011', '전주세계소리축제', '편의시설', '레스토랑', '축제장내', '1', '이미란', 'group_0003', '2019-10-20', '유'),
	('facsta_011', 'admin_35', '35', '35010', 'all_fest_350136', 'fesfaccat_02', 'man_com_011', '전주세계소리축제', '편의시설', '화장실', '축제장내', '7', '이미란', '', '0000-00-00', ''),
	('facsta_012', 'admin_35', '35', '35010', 'all_fest_350136', 'fesfaccat_02', 'man_com_011', '전주세계소리축제', '편의시설', '흡연부스', '축제장내', '1', '이미란', '', '0000-00-00', ''),
	('facsta_013', 'admin_35', '35', '35010', 'all_fest_350136', 'fesfaccat_02', 'man_com_011', '전주세계소리축제', '편의시설', '쉼터', '축제장내', '1', '이미란', '', '0000-00-00', ''),
	('facsta_014', 'admin_35', '35', '35010', 'all_fest_350136', 'fesfaccat_02', 'man_com_011', '전주세계소리축제', '편의시설', '주차장', '축제장외', '4', '이미란', '', '0000-00-00', ''),
	('facsta_015', 'admin_35', '35', '35010', 'all_fest_350136', 'fesfaccat_02', 'man_com_011', '전주세계소리축제', '편의시설', '푸드트럭', '축제장내', '1', '이미란', 'group_0003', '2019-10-20', '유'),
	('facsta_016', 'admin_35', '35', '35010', 'all_fest_350136', 'fesfaccat_02', 'man_com_011', '전주세계소리축제', '편의시설', '푸드존', '축제장내', '1', '이미란', '', '0000-00-00', ''),
	('facsta_017', 'admin_35', '35', '35010', 'all_fest_350136', 'fesfaccat_04', 'man_com_020', '전주세계소리축제', '부스시설', '프리마켓(부스)', '축제장내', '1', '김경훈', 'group_0003', '2019-10-20', '유'),
	('facsta_018', 'admin_35', '35', '35010', 'all_fest_350136', 'fesfaccat_05', 'man_com_016', '전주세계소리축제', '무대시설', '오송제', '축제장외', '1', '최형범', '', '0000-00-00', ''),
	('facsta_019', 'admin_35', '35', '35010', 'all_fest_350136', 'fesfaccat_05', 'man_com_016', '전주세계소리축제', '무대시설', '리듬&플레이존', '축제장내', '1', '최형범', '', '0000-00-00', ''),
	('facsta_020', 'admin_35', '35', '35010', 'all_fest_350136', 'fesfaccat_05', 'man_com_016', '전주세계소리축제', '무대시설', '레드콘 스테이지', '축제장내', '1', '최형범', '', '0000-00-00', ''),
	('facsta_021', 'admin_35', '35', '35010', 'all_fest_350136', 'fesfaccat_05', 'man_com_016', '전주세계소리축제', '무대시설', '모악당', '축제장내', '1', '최형범', '', '0000-00-00', '');
/*!40000 ALTER TABLE `29_Facility_Status` ENABLE KEYS */;

-- 테이블 dusthgks.30_Temporary_Facility 구조 내보내기
CREATE TABLE IF NOT EXISTS `30_Temporary_Facility` (
  `tem_fac_cd` varchar(20) NOT NULL COMMENT '모든축제별 임시시설 설치관리코드',
  `areacity_admin_cd` varchar(50) DEFAULT NULL COMMENT '모든 행정기관코드',
  `area_cd` varchar(50) DEFAULT NULL COMMENT '전국지역코드',
  `area_city_cd` varchar(50) DEFAULT NULL COMMENT '모든 지역 시군코드',
  `fest_cd` varchar(50) DEFAULT NULL COMMENT '축제코드',
  `fescon_man_cd` varchar(50) DEFAULT NULL COMMENT '모든축제계약관리코드',
  `fesrev_bud_cd` varchar(50) DEFAULT NULL COMMENT '모든축제세입세출예산관리코드',
  `man_com_cd` varchar(50) DEFAULT NULL COMMENT '위원회코드',
  `fac_sta_cd` varchar(20) DEFAULT NULL COMMENT '모든보유시설코드',
  `fest_nm` varchar(20) DEFAULT NULL COMMENT '축제명',
  `fac_sta_nm` varchar(50) DEFAULT NULL COMMENT '시설명',
  `facsta_sta_dt` date DEFAULT NULL COMMENT '설치시작일자',
  `facsta_end_dt` date DEFAULT NULL COMMENT '설치종료일자',
  `facsta_dem_dt` date DEFAULT NULL COMMENT '철거확인일자',
  `fac_sta_che` varchar(10) DEFAULT NULL COMMENT '철거확인자',
  `facsta_ins_mo` varchar(20) DEFAULT NULL COMMENT '계약설치모델명',
  `facsta_ins_sc` varchar(20) DEFAULT NULL COMMENT '설치장소',
  `facsta_ins_num` int(11) DEFAULT NULL COMMENT '설치개수',
  `facsta_ins_con` varchar(250) DEFAULT NULL COMMENT '설치내용',
  `facsta_work_sta` int(11) DEFAULT NULL COMMENT '근무인원',
  `man_com_nm2` varchar(20) DEFAULT NULL COMMENT '위원회직원',
  `facsta_ins_con1` varchar(10) DEFAULT NULL COMMENT '설치상태1',
  `facsta_ins_con2` varchar(10) DEFAULT NULL COMMENT '설치상태2',
  PRIMARY KEY (`tem_fac_cd`),
  KEY `FK_18_Festival_TO_30_Temporary_Facility` (`fest_cd`),
  KEY `FK_01_Area_TO_30_Temporary_Facility` (`area_cd`),
  KEY `FK_02_Area_City_TO_30_Temporary_Facility` (`area_city_cd`),
  KEY `FK_27_Fes_Con_Man_TO_30_Temporary_Facility` (`fescon_man_cd`),
  KEY `FK_16_Fes_revExp_Bud_TO_30_Temporary_Facility` (`fesrev_bud_cd`),
  KEY `FK_29_Facility_Status_TO_30_Temporary_Facility` (`fac_sta_cd`),
  KEY `FK_13_Man_Com_TO_30_Temporary_Facility` (`man_com_cd`),
  KEY `FK_03_Area_City_Admin_TO_30_Temporary_Facility` (`areacity_admin_cd`),
  CONSTRAINT `FK_01_Area_TO_30_Temporary_Facility` FOREIGN KEY (`area_cd`) REFERENCES `01_Area` (`area_cd`),
  CONSTRAINT `FK_02_Area_City_TO_30_Temporary_Facility` FOREIGN KEY (`area_city_cd`) REFERENCES `02_Area_City` (`area_city_cd`),
  CONSTRAINT `FK_03_Area_City_Admin_TO_30_Temporary_Facility` FOREIGN KEY (`areacity_admin_cd`) REFERENCES `03_Area_City_Admin` (`areacity_admin_cd`),
  CONSTRAINT `FK_13_Man_Com_TO_30_Temporary_Facility` FOREIGN KEY (`man_com_cd`) REFERENCES `13_Man_Com` (`man_com_cd`),
  CONSTRAINT `FK_16_Fes_revExp_Bud_TO_30_Temporary_Facility` FOREIGN KEY (`fesrev_bud_cd`) REFERENCES `16_Fes_revExp_Bud` (`fesrev_bud_cd`),
  CONSTRAINT `FK_18_Festival_TO_30_Temporary_Facility` FOREIGN KEY (`fest_cd`) REFERENCES `18_Festival` (`fest_cd`),
  CONSTRAINT `FK_27_Fes_Con_Man_TO_30_Temporary_Facility` FOREIGN KEY (`fescon_man_cd`) REFERENCES `27_Fes_Con_Man` (`fescon_man_cd`),
  CONSTRAINT `FK_29_Facility_Status_TO_30_Temporary_Facility` FOREIGN KEY (`fac_sta_cd`) REFERENCES `29_Facility_Status` (`fac_sta_cd`)
) ENGINE=InnoDB DEFAULT CHARSET=utf8 COMMENT='모든 축제별 임시시설 설치 및 철거관리';

-- 테이블 데이터 dusthgks.30_Temporary_Facility:~10 rows (대략적) 내보내기
/*!40000 ALTER TABLE `30_Temporary_Facility` DISABLE KEYS */;
INSERT INTO `30_Temporary_Facility` (`tem_fac_cd`, `areacity_admin_cd`, `area_cd`, `area_city_cd`, `fest_cd`, `fescon_man_cd`, `fesrev_bud_cd`, `man_com_cd`, `fac_sta_cd`, `fest_nm`, `fac_sta_nm`, `facsta_sta_dt`, `facsta_end_dt`, `facsta_dem_dt`, `fac_sta_che`, `facsta_ins_mo`, `facsta_ins_sc`, `facsta_ins_num`, `facsta_ins_con`, `facsta_work_sta`, `man_com_nm2`, `facsta_ins_con1`, `facsta_ins_con2`) VALUES
	('fm_01', 'admin_35', '35', '35010', 'all_fest_350136', 'fescon002', 'fesrev_bud010', 'man_com_010', 'facsta_002', '전주세계소리축제', '간이안내소', '2019-09-27', '2019-10-02', '2019-10-08', '김도민', '부스_MODEL15497', '축제장내놀이마당옆', 1, '몽공형텐트설치', 6, '최다미', '1설치완료', '2정상종료'),
	('fm_02', 'admin_35', '35', '35010', 'all_fest_350136', 'fescon002', 'fesrev_bud010', 'man_com_010', 'facsta_004', '전주세계소리축제', '이동소방서', '2019-09-27', '2019-10-02', '2019-10-08', '김도민', '부스_MODEL15497', '축제장내모악당옆', 1, '몽골형텐트설치', 4, '최다미', '1설치완료', '2정상종료'),
	('fm_03', 'admin_35', '35', '35010', 'all_fest_350136', 'fescon002', 'fesrev_bud010', 'man_com_010', 'facsta_003', '전주세계소리축제', '이동파출소', '2019-09-27', '2019-10-02', '2019-10-08', '김도민', '부스_MODEL15497', '축제장내모악당옆', 1, '몽골형텐트설치', 4, '최다미', '1설치완료', '2정상종료'),
	('fm_04', 'admin_35', '35', '35010', 'all_fest_350136', 'fescon002', 'fesrev_bud010', 'man_com_011', 'facsta_007', '전주세계소리축제', '키즈존', '2019-09-27', '2019-10-02', '2019-10-08', '김도민', '부스_MODEL15479', '축제장명인홀위', 10, '몽골형텐트설치', 20, '이미란', '1설치완료', '2정상종료'),
	('fm_05', 'admin_35', '35', '35010', 'all_fest_350136', 'fescon002', 'fesrev_bud010', 'man_com_011', 'facsta_013', '전주세계소리축제', '쉼터', '2019-09-27', '2019-10-02', '2019-10-08', '김도민', '텐트_MODEL21514', '축제장내키즈존위', 30, '소형텐트설치', 10, '이미란', '1설치완료', '2정상종료'),
	('fm_06', 'admin_35', '35', '35010', 'all_fest_350136', 'fescon002', 'fesrev_bud010', 'man_com_011', 'facsta_017', '전주세계소리축제', '프리마켓(부스)', '2019-09-27', '2019-10-02', '2019-10-08', '김도민', '부스_MODEL15497', '축제장 케드콘스테이지옆', 20, '몽골형텐트설치', 20, '이미란', '1설치완료', '2정상종료'),
	('fm_07', 'admin_35', '35', '35010', 'all_fest_350136', 'fescon002', 'fesrev_bud010', 'man_com_016', 'facsta_018', '전주세계소리축제', '오송제', '2019-09-26', '2019-10-01', '2019-10-08', '김도민', '무대_MODEL15294', '축제장외부', 1, '야외무대', 10, '최형범', '1설치완료', '2정상종료'),
	('fm_08', 'admin_35', '35', '35010', 'all_fest_350136', 'fescon002', 'fesrev_bud010', 'man_com_016', 'facsta_019', '전주세계소리축제', '리듬&플레이존', '2019-09-26', '2019-10-01', '2019-10-08', '김도민', '무대_MODEL16284', '축제장내', 1, '야외무대', 10, '최형범', '1설치완료', '2정상종료'),
	('fm_09', 'admin_35', '35', '35010', 'all_fest_350136', 'fescon002', 'fesrev_bud010', 'man_com_016', 'facsta_020', '전주세계소리축제', '레드콘 스테이지', '2019-09-26', '2019-10-01', '2019-10-08', '김도민', '무대_MODEL25485', '축제장내부', 1, '야외무대', 10, '최형범', '1설치완료', '2정상종료'),
	('fm_10', 'admin_35', '35', '35010', 'all_fest_350136', 'fescon002', 'fesrev_bud010', 'man_com_016', 'facsta_016', '전주세계소리축제', '푸드존', '2019-09-27', '2019-10-02', '2019-10-08', '김도민', '텐트_MODEL21912', '축제장내모악광장옆', 20, '소형텐트설치', 10, '최형범', '1설치완료', '2정상종료');
/*!40000 ALTER TABLE `30_Temporary_Facility` ENABLE KEYS */;

-- 테이블 dusthgks.31_Facility_Mai 구조 내보내기
CREATE TABLE IF NOT EXISTS `31_Facility_Mai` (
  `fac_mai_cd` varchar(20) NOT NULL COMMENT '안전점검후지적관리코드',
  `areacity_admin_cd` varchar(50) DEFAULT NULL COMMENT '모든 행정기관코드',
  `area_cd` varchar(50) DEFAULT NULL COMMENT '전국지역코드',
  `area_city_cd` varchar(50) DEFAULT NULL COMMENT '모든 지역 시군코드',
  `fest_cd` varchar(50) DEFAULT NULL COMMENT '축제코드',
  `safins_list_cd` varchar(20) NOT NULL COMMENT '안전관리점검리스트코드',
  `man_com_cd` varchar(50) DEFAULT NULL COMMENT '위원회코드',
  `fac_sta_cd` varchar(20) DEFAULT NULL COMMENT '모든보유시설코드',
  `fest_nm` varchar(50) NOT NULL COMMENT '축제명',
  `fac_sta_nm` varchar(50) NOT NULL COMMENT '시설명',
  `facmai_che_dt` date DEFAULT NULL COMMENT '점검일자',
  `fac_mai_cad` varchar(20) DEFAULT NULL COMMENT '지적사항',
  `facmai_ins_in` varchar(20) DEFAULT NULL COMMENT '점검기관',
  `facmai_rec_dt` date DEFAULT NULL COMMENT '재점검일',
  `facmai_sup_dt` date DEFAULT NULL COMMENT '보완완료일',
  `facmai_res_human` varchar(10) DEFAULT NULL COMMENT '점검기관 담당자',
  `man_com_nm2` varchar(20) DEFAULT NULL COMMENT '위원회명',
  `facmai_sta_che` varchar(20) DEFAULT NULL COMMENT '점검상태',
  PRIMARY KEY (`fac_mai_cd`),
  KEY `FK_18_Festival_TO_31_Facility_Mai` (`fest_cd`),
  KEY `FK_01_Area_TO_31_Facility_Mai` (`area_cd`),
  KEY `FK_02_Area_City_TO_31_Facility_Mai` (`area_city_cd`),
  KEY `FK_29_Facility_Status_TO_31_Facility_Mai` (`fac_sta_cd`),
  KEY `FK_13_Man_Com_TO_31_Facility_Mai` (`man_com_cd`),
  KEY `FK_03_Area_City_Admin_TO_31_Facility_Mai` (`areacity_admin_cd`),
  KEY `FK_32_Saf_Ins_List_TO_31_Facility_Mai` (`safins_list_cd`),
  CONSTRAINT `FK_01_Area_TO_31_Facility_Mai` FOREIGN KEY (`area_cd`) REFERENCES `01_Area` (`area_cd`),
  CONSTRAINT `FK_02_Area_City_TO_31_Facility_Mai` FOREIGN KEY (`area_city_cd`) REFERENCES `02_Area_City` (`area_city_cd`),
  CONSTRAINT `FK_03_Area_City_Admin_TO_31_Facility_Mai` FOREIGN KEY (`areacity_admin_cd`) REFERENCES `03_Area_City_Admin` (`areacity_admin_cd`),
  CONSTRAINT `FK_13_Man_Com_TO_31_Facility_Mai` FOREIGN KEY (`man_com_cd`) REFERENCES `13_Man_Com` (`man_com_cd`),
  CONSTRAINT `FK_18_Festival_TO_31_Facility_Mai` FOREIGN KEY (`fest_cd`) REFERENCES `18_Festival` (`fest_cd`),
  CONSTRAINT `FK_29_Facility_Status_TO_31_Facility_Mai` FOREIGN KEY (`fac_sta_cd`) REFERENCES `29_Facility_Status` (`fac_sta_cd`),
  CONSTRAINT `FK_32_Saf_Ins_List_TO_31_Facility_Mai` FOREIGN KEY (`safins_list_cd`) REFERENCES `32_Saf_Ins_List` (`safins_list_cd`)
) ENGINE=InnoDB DEFAULT CHARSET=utf8 COMMENT='시설물안전점검 후 지적관리';

-- 테이블 데이터 dusthgks.31_Facility_Mai:~3 rows (대략적) 내보내기
/*!40000 ALTER TABLE `31_Facility_Mai` DISABLE KEYS */;
INSERT INTO `31_Facility_Mai` (`fac_mai_cd`, `areacity_admin_cd`, `area_cd`, `area_city_cd`, `fest_cd`, `safins_list_cd`, `man_com_cd`, `fac_sta_cd`, `fest_nm`, `fac_sta_nm`, `facmai_che_dt`, `fac_mai_cad`, `facmai_ins_in`, `facmai_rec_dt`, `facmai_sup_dt`, `facmai_res_human`, `man_com_nm2`, `facmai_sta_che`) VALUES
	('maintenance_01', 'admin_35', '35', '35010', 'all_fest_350136', 'si_08', 'man_com_016', 'facsta_020', '전주세계소리축제', '레드콘 스테이지', '2019-09-01', '계단 파손', '전주완산소방서', '2019-09-15', '2019-09-10', '이차돌', '최형범', '2보완완료'),
	('maintenance_02', 'admin_35', '35', '35010', 'all_fest_350136', 'si_13', 'man_com_016', 'facsta_021', '전주세계소리축제', '모악당', '2019-09-01', '적재물품제거필요', '전주완산소방서', '2019-09-15', '2019-09-07', '이차돌', '최형범', '2보완완료'),
	('maintenance_03', 'admin_35', '35', '35010', 'all_fest_350136', 'si_22', 'man_com_016', 'facsta_019', '전주세계소리축제', '리듬&플레이존', '2019-09-01', '행사장내 전선노출', '전주완산소방서', '2019-09-15', '2019-09-05', '이차돌', '최형범', '2보완완료');
/*!40000 ALTER TABLE `31_Facility_Mai` ENABLE KEYS */;

-- 테이블 dusthgks.32_Saf_Ins_List 구조 내보내기
CREATE TABLE IF NOT EXISTS `32_Saf_Ins_List` (
  `safins_list_cd` varchar(20) NOT NULL COMMENT '안전관리점검리스트코드',
  `safins_list_cla` varchar(20) DEFAULT NULL COMMENT '분류',
  `safins_list_con` varchar(250) DEFAULT NULL COMMENT '점검내용',
  PRIMARY KEY (`safins_list_cd`)
) ENGINE=InnoDB DEFAULT CHARSET=utf8 COMMENT='안전관리 점검리스트 점검표';

-- 테이블 데이터 dusthgks.32_Saf_Ins_List:~34 rows (대략적) 내보내기
/*!40000 ALTER TABLE `32_Saf_Ins_List` DISABLE KEYS */;
INSERT INTO `32_Saf_Ins_List` (`safins_list_cd`, `safins_list_cla`, `safins_list_con`) VALUES
	('si_01', '안전관리계획 적정성', '지역안전관리위원회 운영실태'),
	('si_02', '안전관리계획 적정성', '안전관리계획'),
	('si_03', '안전관리계획 적정성', '사고 예방 대책 마련 여부'),
	('si_04', '안전관리계획 적정성', '사고 발생시 대응 방안 마련 여부'),
	('si_05', '시설물 분야', '야외 임시 공연장 안전관리 상태'),
	('si_06', '시설물 분야', '철골구조물의 구조내력 저하상태'),
	('si_07', '시설물 분야', '내·외부 마감재 박리 박락상태'),
	('si_08', '시설물 분야', '계난 논슬립 부착 및 파손상태 확인'),
	('si_09', '소방분야', '구조·구급요원 및 장비의 현지지원에 따른 위치 및 범위'),
	('si_10', '소방분야', '소화기 등 소화시설 확보와 위험물질 및 화기관리 적정성 여부'),
	('si_11', '소방분야', '비상구 유도등(시인성, 방해요소, 작동여부 등)'),
	('si_12', '소방분야', '스프링클러, 방화셔텨, 제연경계벽(설치여부, 작동방해등)'),
	('si_13', '소방분야', '옥내소화전 등 소방시설 주변물건 적재상태'),
	('si_14', '소방분야', '비상구, 계단 등 비상통로 내 무분별 판매행위 및 물건적치 상태'),
	('si_15', '소방분야', '경보설비 임의차단 등 관리상태'),
	('si_16', '전기분야', '전기실, EPS실, 분전반 앞 등 물건 적재 및 잠금상태'),
	('si_17', '전기분야', '누전차단기 사용 여부'),
	('si_18', '전기분야', '자판기 등 편의시설 전기기계기구 외함접지'),
	('si_19', '전기분야', '차단기와 전기배선의 상호용량에 맞게 설치 사용'),
	('si_20', '전기분야', '수전반, 전압계, 전력계의 동작 상태와 과부하·과전압 등 \n  지시계기 정상 작동 여부'),
	('si_21', '전기분야', '비상발전기 등 예비전원 확보 및 정상작동을 위한 \n  주기적 무부하 시험운전 여부'),
	('si_22', '전기분야', '행사장내 전선노출 여부 등'),
	('si_23', '승강기분야', '집중 인파 대비 현장에 맞는 유도동선 확보여부'),
	('si_24', '승강기분야', '에스컬레이터의 스텝 및 콤의 상태'),
	('si_25', '승강기분야', '화재 등 비상 시 승강기의 비상운전 작동상태'),
	('si_26', '승강기분야', '승강기 내·외부 안전표지 부착 확인 등'),
	('si_27', '가스분야', '가스용기 보관실 내 가연성 물질 적재 등 관리상태\n  1. 100KG 이상 용기 전도 방지 및 차양시설\n  2. 250KG(체적거래시는 500KG) 이상 방호벽 설치'),
	('si_28', '가스분야', '가스 차단기, 경보기 등 임의차단 및 정상작동 여부'),
	('si_29', '가스분야', '고무호스에서 분기 등 가스기기 이용상태'),
	('si_30', '가스분야', '가스배관의 매설 및 고정상태'),
	('si_31', '가스분야', '가스보일러의 흡·배기구시설 관리상태\n  1. 보일러 배기통 폐가스 누설여부 등'),
	('si_32', '가스분야', '소화기 등 소화시설 확보와 위험물질 및 화기관리 적정성 여부'),
	('si_33', '가스분야', '이동식 부탄가스 사용 및 관리실태'),
	('si_34', '가스분야', '행사장 내 애드벌룬 설치 시 주입가스(헬륨가스) 확인 등');
/*!40000 ALTER TABLE `32_Saf_Ins_List` ENABLE KEYS */;

-- 테이블 dusthgks.33_Fest_Goods_Ldiv 구조 내보내기
CREATE TABLE IF NOT EXISTS `33_Fest_Goods_Ldiv` (
  `festgoods_ldiv_cd` varchar(10) NOT NULL COMMENT '모든물품 상품 비품 대분류코드',
  `areacity_admin_cd` varchar(50) DEFAULT NULL COMMENT '모든 행정기관코드',
  `fest_cd` varchar(50) DEFAULT NULL COMMENT '축제코드',
  `area_city_cd` varchar(50) DEFAULT NULL COMMENT '모든 지역 시군코드',
  `area_cd` varchar(50) DEFAULT NULL COMMENT '전국지역코드',
  `fest_nm` varchar(20) DEFAULT NULL COMMENT '축제명',
  `festgoods_ldiv_nm` varchar(20) NOT NULL COMMENT '모든물품 상품 비품 대분류',
  PRIMARY KEY (`festgoods_ldiv_cd`),
  KEY `FK_01_Area_TO_33_Fest_Goods_Ldiv` (`area_cd`),
  KEY `FK_02_Area_City_TO_33_Fest_Goods_Ldiv` (`area_city_cd`),
  KEY `FK_18_Festival_TO_33_Fest_Goods_Ldiv` (`fest_cd`),
  KEY `FK_03_Area_City_Admin_TO_33_Fest_Goods_Ldiv` (`areacity_admin_cd`),
  CONSTRAINT `FK_01_Area_TO_33_Fest_Goods_Ldiv` FOREIGN KEY (`area_cd`) REFERENCES `01_Area` (`area_cd`),
  CONSTRAINT `FK_02_Area_City_TO_33_Fest_Goods_Ldiv` FOREIGN KEY (`area_city_cd`) REFERENCES `02_Area_City` (`area_city_cd`),
  CONSTRAINT `FK_03_Area_City_Admin_TO_33_Fest_Goods_Ldiv` FOREIGN KEY (`areacity_admin_cd`) REFERENCES `03_Area_City_Admin` (`areacity_admin_cd`),
  CONSTRAINT `FK_18_Festival_TO_33_Fest_Goods_Ldiv` FOREIGN KEY (`fest_cd`) REFERENCES `18_Festival` (`fest_cd`)
) ENGINE=InnoDB DEFAULT CHARSET=utf8 COMMENT='모든 물품 상품 비품 대분류';

-- 테이블 데이터 dusthgks.33_Fest_Goods_Ldiv:~5 rows (대략적) 내보내기
/*!40000 ALTER TABLE `33_Fest_Goods_Ldiv` DISABLE KEYS */;
INSERT INTO `33_Fest_Goods_Ldiv` (`festgoods_ldiv_cd`, `areacity_admin_cd`, `fest_cd`, `area_city_cd`, `area_cd`, `fest_nm`, `festgoods_ldiv_nm`) VALUES
	('gsL001', 'admin_35', 'all_fest_350136', '35010', '35', '전주세계소리축제', '경영사무'),
	('gsL002', 'admin_35', 'all_fest_350136', '35010', '35', '전주세계소리축제', '홍보'),
	('gsL003', 'admin_35', 'all_fest_350136', '35010', '35', '전주세계소리축제', '행사운영'),
	('gsL004', 'admin_35', 'all_fest_350136', '35010', '35', '전주세계소리축제', '인적관리'),
	('gsL005', 'admin_35', 'all_fest_350136', '35010', '35', '전주세계소리축제', '기타');
/*!40000 ALTER TABLE `33_Fest_Goods_Ldiv` ENABLE KEYS */;

-- 테이블 dusthgks.34_Goods_deliver_bre 구조 내보내기
CREATE TABLE IF NOT EXISTS `34_Goods_deliver_bre` (
  `goodsdel_bre_cd` varchar(50) NOT NULL COMMENT '모든축제별 계약물품납품내역관리코드',
  `areacity_admin_cd` varchar(50) DEFAULT NULL COMMENT '모든 행정기관코드',
  `area_cd` varchar(50) DEFAULT NULL COMMENT '전국지역코드',
  `area_city_cd` varchar(50) DEFAULT NULL COMMENT '모든 지역 시군코드',
  `fest_cd` varchar(50) DEFAULT NULL COMMENT '축제코드',
  `cat_acc_cd` varchar(50) DEFAULT NULL COMMENT '거래처코드',
  `catbus_acc_cd` varchar(50) DEFAULT NULL COMMENT '거래처 업종 분류코드',
  `man_com_cd` varchar(50) DEFAULT NULL COMMENT '위원회코드',
  `deliver_dt` date DEFAULT NULL COMMENT '계약물품날짜',
  `deliver_bre` varchar(50) DEFAULT NULL COMMENT '계약물품내역',
  PRIMARY KEY (`goodsdel_bre_cd`),
  KEY `FK_03_Area_City_Admin_TO_34_Goods_deliver_bre` (`areacity_admin_cd`),
  KEY `FK_01_Area_TO_34_Goods_deliver_bre` (`area_cd`),
  KEY `FK_02_Area_City_TO_34_Goods_deliver_bre` (`area_city_cd`),
  KEY `FK_18_Festival_TO_34_Goods_deliver_bre` (`fest_cd`),
  KEY `FK_09_Cat_Business_Account_TO_34_Goods_deliver_bre` (`catbus_acc_cd`),
  KEY `FK_10_Cat_Account_TO_34_Goods_deliver_bre` (`cat_acc_cd`),
  KEY `FK_13_Man_Com_TO_34_Goods_deliver_bre` (`man_com_cd`),
  CONSTRAINT `FK_01_Area_TO_34_Goods_deliver_bre` FOREIGN KEY (`area_cd`) REFERENCES `01_Area` (`area_cd`),
  CONSTRAINT `FK_02_Area_City_TO_34_Goods_deliver_bre` FOREIGN KEY (`area_city_cd`) REFERENCES `02_Area_City` (`area_city_cd`),
  CONSTRAINT `FK_03_Area_City_Admin_TO_34_Goods_deliver_bre` FOREIGN KEY (`areacity_admin_cd`) REFERENCES `03_Area_City_Admin` (`areacity_admin_cd`),
  CONSTRAINT `FK_09_Cat_Business_Account_TO_34_Goods_deliver_bre` FOREIGN KEY (`catbus_acc_cd`) REFERENCES `09_Cat_Business_Account` (`catbus_acc_cd`),
  CONSTRAINT `FK_10_Cat_Account_TO_34_Goods_deliver_bre` FOREIGN KEY (`cat_acc_cd`) REFERENCES `10_Cat_Account` (`cat_acc_cd`),
  CONSTRAINT `FK_13_Man_Com_TO_34_Goods_deliver_bre` FOREIGN KEY (`man_com_cd`) REFERENCES `13_Man_Com` (`man_com_cd`),
  CONSTRAINT `FK_18_Festival_TO_34_Goods_deliver_bre` FOREIGN KEY (`fest_cd`) REFERENCES `18_Festival` (`fest_cd`)
) ENGINE=InnoDB DEFAULT CHARSET=utf8 COMMENT='모든축제별 계약물품납품 내역관리';

-- 테이블 데이터 dusthgks.34_Goods_deliver_bre:~3 rows (대략적) 내보내기
/*!40000 ALTER TABLE `34_Goods_deliver_bre` DISABLE KEYS */;
INSERT INTO `34_Goods_deliver_bre` (`goodsdel_bre_cd`, `areacity_admin_cd`, `area_cd`, `area_city_cd`, `fest_cd`, `cat_acc_cd`, `catbus_acc_cd`, `man_com_cd`, `deliver_dt`, `deliver_bre`) VALUES
	('goods_delbre_1', 'admin_35', '35', '35010', 'all_fest_350136', 'catacc_001', 'catbus_acc_001', 'man_com_011', '2019-05-22', '조윤상님 테이블납품거래처 정확하게 적으세요'),
	('goods_delbre_2', 'admin_35', '35', '35010', 'all_fest_350136', 'catacc_001', 'catbus_acc_002', 'man_com_011', '2019-05-22', '조윤상님 의자납품거래처 정확하게 적으세요'),
	('goods_delbre_3', 'admin_35', '35', '35010', 'all_fest_350136', 'catacc_001', 'catbus_acc_003', 'man_com_011', '2019-05-22', '조윤상님 현수막납품거래처 정확하게 적으세요');
/*!40000 ALTER TABLE `34_Goods_deliver_bre` ENABLE KEYS */;

-- 테이블 dusthgks.35_Goods_present_condition 구조 내보내기
CREATE TABLE IF NOT EXISTS `35_Goods_present_condition` (
  `goodspre_con_cd` varchar(50) NOT NULL COMMENT '모든보유물품현황코드',
  `areacity_admin_cd` varchar(50) DEFAULT NULL COMMENT '모든 행정기관코드',
  `area_cd` varchar(50) DEFAULT NULL COMMENT '전국지역코드',
  `area_city_cd` varchar(50) DEFAULT NULL COMMENT '모든 지역 시군코드',
  `fest_cd` varchar(50) DEFAULT NULL COMMENT '축제코드',
  `admin_dep_cd` varchar(50) DEFAULT NULL COMMENT '모든 행정기관 부서코드',
  `goods_nm` varchar(50) DEFAULT NULL COMMENT '보유물품',
  `goods_count` int(20) DEFAULT NULL COMMENT '수량',
  `special_note` varchar(250) DEFAULT NULL COMMENT '특이사항',
  PRIMARY KEY (`goodspre_con_cd`),
  KEY `FK_02_Area_City_TO_35_Goods_present_condition` (`area_city_cd`),
  KEY `FK_01_Area_TO_35_Goods_present_condition` (`area_cd`),
  KEY `FK_03_Area_City_Admin_TO_35_Goods_present_condition` (`areacity_admin_cd`),
  KEY `FK_18_Festival_TO_35_Goods_present_condition` (`fest_cd`),
  KEY `FK_04_Admin_Depart_TO_35_Goods_present_condition` (`admin_dep_cd`),
  CONSTRAINT `FK_01_Area_TO_35_Goods_present_condition` FOREIGN KEY (`area_cd`) REFERENCES `01_Area` (`area_cd`),
  CONSTRAINT `FK_02_Area_City_TO_35_Goods_present_condition` FOREIGN KEY (`area_city_cd`) REFERENCES `02_Area_City` (`area_city_cd`),
  CONSTRAINT `FK_03_Area_City_Admin_TO_35_Goods_present_condition` FOREIGN KEY (`areacity_admin_cd`) REFERENCES `03_Area_City_Admin` (`areacity_admin_cd`),
  CONSTRAINT `FK_04_Admin_Depart_TO_35_Goods_present_condition` FOREIGN KEY (`admin_dep_cd`) REFERENCES `04_Admin_Depart` (`admin_dep_cd`),
  CONSTRAINT `FK_18_Festival_TO_35_Goods_present_condition` FOREIGN KEY (`fest_cd`) REFERENCES `18_Festival` (`fest_cd`)
) ENGINE=InnoDB DEFAULT CHARSET=utf8 COMMENT='모든 보유물품현황';

-- 테이블 데이터 dusthgks.35_Goods_present_condition:~4 rows (대략적) 내보내기
/*!40000 ALTER TABLE `35_Goods_present_condition` DISABLE KEYS */;
INSERT INTO `35_Goods_present_condition` (`goodspre_con_cd`, `areacity_admin_cd`, `area_cd`, `area_city_cd`, `fest_cd`, `admin_dep_cd`, `goods_nm`, `goods_count`, `special_note`) VALUES
	('goodscon_1', 'admin_35', '35', '35010', 'all_fest_350136', 'depart_35001', '의자', 7, '2개 수리해야됨'),
	('goodscon_2', 'admin_35', '35', '35010', 'all_fest_350136', 'depart_35001', '책상', 10, '조윤상님 이테이블을 정확하게 이해하고 있는것인가?'),
	('goodscon_3', 'admin_35', '35', '35010', 'all_fest_350136', 'depart_35001', '', 0, '전라북도청 정책기획관에서 의자 2개 수리한다는 의미가 무엇인가?'),
	('goodscon_4', 'admin_35', '35', '35010', 'all_fest_350136', 'depart_35001', '', 0, '전주세계소리축제내 의자 7개중 2개를 수리하는데 담당부서가 정책기회관인가?');
/*!40000 ALTER TABLE `35_Goods_present_condition` ENABLE KEYS */;

-- 테이블 dusthgks.36_Goods_rental_revenue 구조 내보내기
CREATE TABLE IF NOT EXISTS `36_Goods_rental_revenue` (
  `goodsren_rev_cd` varchar(50) NOT NULL COMMENT '모든축제별 보유물품대여관리코드',
  `areacity_admin_cd` varchar(50) NOT NULL COMMENT '모든 행정기관코드',
  `area_cd` varchar(50) NOT NULL COMMENT '전국지역코드',
  `area_city_cd` varchar(50) NOT NULL COMMENT '모든 지역 시군코드',
  `fest_cd` varchar(50) NOT NULL COMMENT '축제코드',
  `catbus_acc_cd` varchar(50) NOT NULL COMMENT '거래처 업종 분류코드',
  `cat_acc_cd` varchar(50) DEFAULT NULL COMMENT '거래처코드',
  `catapp_acc_cd` varchar(50) DEFAULT NULL COMMENT '거래처별 승인 업종 코드',
  `fesrev_bud_cd` varchar(50) NOT NULL COMMENT '모든축제세입세출예산관리코드',
  `man_com_cd` varchar(50) NOT NULL COMMENT '위원회코드',
  `deliver_bre` varchar(50) NOT NULL COMMENT '보유물품사용내역',
  `money` int(11) NOT NULL COMMENT '수량',
  `goods_amt` int(11) NOT NULL COMMENT '대여료',
  `lender` varchar(50) NOT NULL COMMENT '대여자',
  `return_situation` varchar(50) NOT NULL COMMENT '반납유무',
  `return_due_dt` date NOT NULL COMMENT '반납예정일',
  `return_dt` date NOT NULL COMMENT '반납완료일',
  `group_cd` varchar(50) NOT NULL COMMENT '세입상세그룹코드',
  `action_dt` date NOT NULL COMMENT '마감일자',
  `action_status` varchar(50) NOT NULL COMMENT '마감유무',
  PRIMARY KEY (`goodsren_rev_cd`),
  KEY `FK_01_Area_TO_36_Goods_rental_revenue` (`area_cd`),
  KEY `FK_03_Area_City_Admin_TO_36_Goods_rental_revenue` (`areacity_admin_cd`),
  KEY `FK_02_Area_City_TO_36_Goods_rental_revenue` (`area_city_cd`),
  KEY `FK_18_Festival_TO_36_Goods_rental_revenue` (`fest_cd`),
  KEY `FK_13_Man_Com_TO_36_Goods_rental_revenue` (`man_com_cd`),
  KEY `FK_09_Cat_Business_Account_TO_36_Goods_rental_revenue` (`catbus_acc_cd`),
  KEY `FK_16_Fes_revExp_Bud_TO_36_Goods_rental_revenue` (`fesrev_bud_cd`),
  KEY `FK_11_Cat_Approval_Account_TO_36_Goods_rental_revenue` (`catapp_acc_cd`),
  KEY `FK_10_Cat_Account_TO_36_Goods_rental_revenue` (`cat_acc_cd`),
  CONSTRAINT `FK_01_Area_TO_36_Goods_rental_revenue` FOREIGN KEY (`area_cd`) REFERENCES `01_Area` (`area_cd`),
  CONSTRAINT `FK_02_Area_City_TO_36_Goods_rental_revenue` FOREIGN KEY (`area_city_cd`) REFERENCES `02_Area_City` (`area_city_cd`),
  CONSTRAINT `FK_03_Area_City_Admin_TO_36_Goods_rental_revenue` FOREIGN KEY (`areacity_admin_cd`) REFERENCES `03_Area_City_Admin` (`areacity_admin_cd`),
  CONSTRAINT `FK_09_Cat_Business_Account_TO_36_Goods_rental_revenue` FOREIGN KEY (`catbus_acc_cd`) REFERENCES `09_Cat_Business_Account` (`catbus_acc_cd`),
  CONSTRAINT `FK_10_Cat_Account_TO_36_Goods_rental_revenue` FOREIGN KEY (`cat_acc_cd`) REFERENCES `10_Cat_Account` (`cat_acc_cd`),
  CONSTRAINT `FK_11_Cat_Approval_Account_TO_36_Goods_rental_revenue` FOREIGN KEY (`catapp_acc_cd`) REFERENCES `11_Cat_Approval_Account` (`catapp_acc_cd`),
  CONSTRAINT `FK_13_Man_Com_TO_36_Goods_rental_revenue` FOREIGN KEY (`man_com_cd`) REFERENCES `13_Man_Com` (`man_com_cd`),
  CONSTRAINT `FK_16_Fes_revExp_Bud_TO_36_Goods_rental_revenue` FOREIGN KEY (`fesrev_bud_cd`) REFERENCES `16_Fes_revExp_Bud` (`fesrev_bud_cd`),
  CONSTRAINT `FK_18_Festival_TO_36_Goods_rental_revenue` FOREIGN KEY (`fest_cd`) REFERENCES `18_Festival` (`fest_cd`)
) ENGINE=InnoDB DEFAULT CHARSET=utf8 COMMENT='모든 축제별 보유물품 대여관리 - 세입';

-- 테이블 데이터 dusthgks.36_Goods_rental_revenue:~4 rows (대략적) 내보내기
/*!40000 ALTER TABLE `36_Goods_rental_revenue` DISABLE KEYS */;
INSERT INTO `36_Goods_rental_revenue` (`goodsren_rev_cd`, `areacity_admin_cd`, `area_cd`, `area_city_cd`, `fest_cd`, `catbus_acc_cd`, `cat_acc_cd`, `catapp_acc_cd`, `fesrev_bud_cd`, `man_com_cd`, `deliver_bre`, `money`, `goods_amt`, `lender`, `return_situation`, `return_due_dt`, `return_dt`, `group_cd`, `action_dt`, `action_status`) VALUES
	('rentalrev_1', 'admin_35', '35', '35010', 'all_fest_350136', 'catbus_acc_008', 'catacc_004', 'catapp_acc_001', 'fesrev_bud006', 'man_com_011', '테이블', 4, 4000, '김홍수', '무', '2019-05-20', '2019-05-20', '조윤상님 대충적지말고 정확하게 이테이블에 대해 의미를 알고 적으세요', '0000-00-00', ''),
	('rentalrev_2', 'admin_35', '35', '35010', 'all_fest_350136', 'catbus_acc_008', 'catacc_004', 'catapp_acc_001', 'fesrev_bud006', 'man_com_011', '의자', 4, 4000, '윤서아', '유', '2019-05-20', '2019-05-20', '조윤상님 대충적지말고 정확하게 이테이블에 대해 의미를 알고 적으세요', '0000-00-00', ''),
	('rentalrev_3', 'admin_35', '35', '35010', 'all_fest_350136', 'catbus_acc_008', 'catacc_004', 'catapp_acc_001', 'fesrev_bud006', 'man_com_011', '현수막', 4, 4000, '채혁준', '무', '2019-05-20', '2019-05-20', '조윤상님 대충적지말고 정확하게 이테이블에 대해 의미를 알고 적으세요', '0000-00-00', '');
/*!40000 ALTER TABLE `36_Goods_rental_revenue` ENABLE KEYS */;

-- 테이블 dusthgks.37_Festtival_Ticket_Revenu 구조 내보내기
CREATE TABLE IF NOT EXISTS `37_Festtival_Ticket_Revenu` (
  `festic_rev_cd` varchar(50) NOT NULL COMMENT '입장권세입관리코드',
  `areacity_admin_cd` varchar(50) DEFAULT NULL COMMENT '모든 행정기관코드',
  `fest_cd` varchar(50) DEFAULT NULL COMMENT '축제코드',
  `area_city_cd` varchar(50) DEFAULT NULL COMMENT '모든 지역 시군코드',
  `area_cd` varchar(50) DEFAULT NULL COMMENT '전국지역코드',
  `festic_rev_fee` varchar(50) DEFAULT NULL COMMENT '입장료금액',
  `festic_rev_amount` varchar(50) DEFAULT NULL COMMENT '수량',
  `group_cd` varchar(50) DEFAULT NULL COMMENT '세입상세그룹코드',
  `action_dt` varchar(50) DEFAULT NULL COMMENT '마감일자',
  `action_status` varchar(50) DEFAULT NULL COMMENT '마감유무',
  PRIMARY KEY (`festic_rev_cd`),
  KEY `FK_01_Area_TO_37_Festtival_Ticket_Revenu` (`area_cd`),
  KEY `FK_02_Area_City_TO_37_Festtival_Ticket_Revenu` (`area_city_cd`),
  KEY `FK_18_Festival_TO_37_Festtival_Ticket_Revenu` (`fest_cd`),
  KEY `FK_03_Area_City_Admin_TO_37_Festtival_Ticket_Revenu` (`areacity_admin_cd`),
  CONSTRAINT `FK_01_Area_TO_37_Festtival_Ticket_Revenu` FOREIGN KEY (`area_cd`) REFERENCES `01_Area` (`area_cd`),
  CONSTRAINT `FK_02_Area_City_TO_37_Festtival_Ticket_Revenu` FOREIGN KEY (`area_city_cd`) REFERENCES `02_Area_City` (`area_city_cd`),
  CONSTRAINT `FK_03_Area_City_Admin_TO_37_Festtival_Ticket_Revenu` FOREIGN KEY (`areacity_admin_cd`) REFERENCES `03_Area_City_Admin` (`areacity_admin_cd`),
  CONSTRAINT `FK_18_Festival_TO_37_Festtival_Ticket_Revenu` FOREIGN KEY (`fest_cd`) REFERENCES `18_Festival` (`fest_cd`)
) ENGINE=InnoDB DEFAULT CHARSET=utf8 COMMENT='입장권-세입';

-- 테이블 데이터 dusthgks.37_Festtival_Ticket_Revenu:~0 rows (대략적) 내보내기
/*!40000 ALTER TABLE `37_Festtival_Ticket_Revenu` DISABLE KEYS */;
/*!40000 ALTER TABLE `37_Festtival_Ticket_Revenu` ENABLE KEYS */;

-- 테이블 dusthgks.38_Fest_Pro_Reservation 구조 내보내기
CREATE TABLE IF NOT EXISTS `38_Fest_Pro_Reservation` (
  `festpro_res_cd` varchar(50) NOT NULL COMMENT '모든축제 예약관리코드',
  `areacity_admin_cd` varchar(50) DEFAULT NULL COMMENT '모든 행정기관코드',
  `area_city_cd` varchar(50) DEFAULT NULL COMMENT '모든 지역 시군코드',
  `area_cd` varchar(50) DEFAULT NULL COMMENT '전국지역코드',
  `fest_pro_cd` varchar(10) DEFAULT NULL COMMENT '하나의 축제내 여러개 프로그램 소개코드',
  `festprodiv_pla_cd` varchar(10) DEFAULT NULL COMMENT '모든축제별프로그램장소분류',
  `festprodiv_theme_cd` varchar(10) DEFAULT NULL COMMENT '모든 축제별 프로그램 성격분류',
  `fest_nm` varchar(50) DEFAULT NULL COMMENT '축제명',
  `fest_pro_nm` varchar(50) DEFAULT NULL COMMENT '프로그램명',
  `festpro_res_fee` varchar(50) DEFAULT NULL COMMENT '예약요금',
  `festpro_res_nm` varchar(50) DEFAULT NULL COMMENT '예약자',
  `festpro_res_per` varchar(50) DEFAULT NULL COMMENT '예약인원',
  `festpro_res_dt` varchar(50) DEFAULT NULL COMMENT '예약일자',
  `festpro_res_phone` varchar(50) DEFAULT NULL COMMENT '예약자 연락처',
  `festpro_res_con` varchar(50) DEFAULT NULL COMMENT '예약현황',
  `festpro_res_mem` varchar(50) DEFAULT NULL COMMENT '위원회 담당자',
  PRIMARY KEY (`festpro_res_cd`),
  KEY `FK_03_Area_City_Admin_TO_38_Fest_Pro_Reservation` (`areacity_admin_cd`),
  KEY `FK_01_Area_TO_38_Fest_Pro_Reservation` (`area_cd`),
  KEY `FK_02_Area_City_TO_38_Fest_Pro_Reservation` (`area_city_cd`),
  KEY `FK_22_Fest_Program_TO_38_Fest_Pro_Reservation` (`fest_pro_cd`),
  KEY `FK_20_Fest_Pro_Div_Place_TO_38_Fest_Pro_Reservation` (`festprodiv_pla_cd`),
  KEY `FK_21_Fest_Pro_Div_Theme_TO_38_Fest_Pro_Reservation` (`festprodiv_theme_cd`),
  CONSTRAINT `FK_01_Area_TO_38_Fest_Pro_Reservation` FOREIGN KEY (`area_cd`) REFERENCES `01_Area` (`area_cd`),
  CONSTRAINT `FK_02_Area_City_TO_38_Fest_Pro_Reservation` FOREIGN KEY (`area_city_cd`) REFERENCES `02_Area_City` (`area_city_cd`),
  CONSTRAINT `FK_03_Area_City_Admin_TO_38_Fest_Pro_Reservation` FOREIGN KEY (`areacity_admin_cd`) REFERENCES `03_Area_City_Admin` (`areacity_admin_cd`),
  CONSTRAINT `FK_20_Fest_Pro_Div_Place_TO_38_Fest_Pro_Reservation` FOREIGN KEY (`festprodiv_pla_cd`) REFERENCES `20_Fest_Pro_Div_Place` (`festprodiv_pla_cd`),
  CONSTRAINT `FK_21_Fest_Pro_Div_Theme_TO_38_Fest_Pro_Reservation` FOREIGN KEY (`festprodiv_theme_cd`) REFERENCES `21_Fest_Pro_Div_Theme` (`festprodiv_theme_cd`),
  CONSTRAINT `FK_22_Fest_Program_TO_38_Fest_Pro_Reservation` FOREIGN KEY (`fest_pro_cd`) REFERENCES `22_Fest_Program` (`fest_pro_cd`)
) ENGINE=InnoDB DEFAULT CHARSET=utf8 COMMENT='모든 축제 프로그램 예약관리';

-- 테이블 데이터 dusthgks.38_Fest_Pro_Reservation:~0 rows (대략적) 내보내기
/*!40000 ALTER TABLE `38_Fest_Pro_Reservation` DISABLE KEYS */;
/*!40000 ALTER TABLE `38_Fest_Pro_Reservation` ENABLE KEYS */;

-- 테이블 dusthgks.39_Festival_Work_Category 구조 내보내기
CREATE TABLE IF NOT EXISTS `39_Festival_Work_Category` (
  `feswork_cat_cd` varchar(20) NOT NULL COMMENT '축제진행업무대분류코드',
  `areacity_admin_cd` varchar(50) COMMENT '모든 행정기관코드',
  `area_cd` varchar(50) COMMENT '전국지역코드',
  `area_city_cd` varchar(50) COMMENT '모든 지역 시군코드',
  `fest_cd` varchar(50) COMMENT '축제코드',
  `fest_nm` varchar(50) DEFAULT NULL COMMENT '축제명',
  `feswork_cat_nm` varchar(20) COMMENT '진행업무대분류명',
  PRIMARY KEY (`feswork_cat_cd`),
  KEY `FK_18_Festival_TO_39_Festival_Work_Category` (`fest_cd`),
  KEY `FK_02_Area_City_TO_39_Festival_Work_Category` (`area_city_cd`),
  KEY `FK_01_Area_TO_39_Festival_Work_Category` (`area_cd`),
  KEY `FK_03_Area_City_Admin_TO_39_Festival_Work_Category` (`areacity_admin_cd`),
  CONSTRAINT `FK_01_Area_TO_39_Festival_Work_Category` FOREIGN KEY (`area_cd`) REFERENCES `01_Area` (`area_cd`),
  CONSTRAINT `FK_02_Area_City_TO_39_Festival_Work_Category` FOREIGN KEY (`area_city_cd`) REFERENCES `02_Area_City` (`area_city_cd`),
  CONSTRAINT `FK_03_Area_City_Admin_TO_39_Festival_Work_Category` FOREIGN KEY (`areacity_admin_cd`) REFERENCES `03_Area_City_Admin` (`areacity_admin_cd`),
  CONSTRAINT `FK_18_Festival_TO_39_Festival_Work_Category` FOREIGN KEY (`fest_cd`) REFERENCES `18_Festival` (`fest_cd`)
) ENGINE=InnoDB DEFAULT CHARSET=utf8 COMMENT='축제 진행업무 대분류';

-- 테이블 데이터 dusthgks.39_Festival_Work_Category:~4 rows (대략적) 내보내기
/*!40000 ALTER TABLE `39_Festival_Work_Category` DISABLE KEYS */;
INSERT INTO `39_Festival_Work_Category` (`feswork_cat_cd`, `areacity_admin_cd`, `area_cd`, `area_city_cd`, `fest_cd`, `fest_nm`, `feswork_cat_nm`) VALUES
	('fb_01', 'admin_35', '35', '35010', 'all_fest_350136', '전주세계소리축제', '축제관리'),
	('fb_02', 'admin_35', '35', '35010', 'all_fest_350136', '전주세계소리축제', '축제무대관리'),
	('fb_03', 'admin_35', '35', '35010', 'all_fest_350136', '전주세계소리축제', '부스운영관리'),
	('fb_04', 'admin_35', '35', '35010', 'all_fest_350136', '전주세계소리축제', '안전관리');
/*!40000 ALTER TABLE `39_Festival_Work_Category` ENABLE KEYS */;

-- 테이블 dusthgks.40_Festival_Work_Division 구조 내보내기
CREATE TABLE IF NOT EXISTS `40_Festival_Work_Division` (
  `feswork_div_cd` varchar(20) NOT NULL COMMENT '축제진행업무중분류코드',
  `areacity_admin_cd` varchar(20) NOT NULL COMMENT '모든 행정기관코드',
  `area_cd` varchar(50) DEFAULT NULL COMMENT '전국지역코드',
  `area_city_cd` varchar(50) DEFAULT NULL COMMENT '모든 지역 시군코드',
  `fest_cd` varchar(50) DEFAULT NULL COMMENT '축제코드',
  `feswork_cat_cd` varchar(20) DEFAULT NULL COMMENT '축제진행업무대분류코드',
  `man_com_cd` varchar(50) DEFAULT NULL COMMENT '위원회코드',
  `fest_nm` varchar(50) DEFAULT NULL COMMENT '축제명',
  `feswork_cat_nm` varchar(20) DEFAULT NULL COMMENT '진행업무대분류명',
  `feswork_div_nm` varchar(20) DEFAULT NULL COMMENT '진행업무중분류',
  `man_com_nm2` varchar(20) DEFAULT NULL COMMENT '위원회이름',
  PRIMARY KEY (`feswork_div_cd`),
  KEY `FK_39_Festival_Work_Category_TO_40_Festival_Work_Division` (`feswork_cat_cd`),
  KEY `FK_01_Area_TO_40_Festival_Work_Division` (`area_cd`),
  KEY `FK_02_Area_City_TO_40_Festival_Work_Division` (`area_city_cd`),
  KEY `FK_18_Festival_TO_40_Festival_Work_Division` (`fest_cd`),
  KEY `FK_13_Man_Com_TO_40_Festival_Work_Division` (`man_com_cd`),
  KEY `FK_03_Area_City_Admin_TO_40_Festival_Work_Division` (`areacity_admin_cd`),
  CONSTRAINT `FK_01_Area_TO_40_Festival_Work_Division` FOREIGN KEY (`area_cd`) REFERENCES `01_Area` (`area_cd`),
  CONSTRAINT `FK_02_Area_City_TO_40_Festival_Work_Division` FOREIGN KEY (`area_city_cd`) REFERENCES `02_Area_City` (`area_city_cd`),
  CONSTRAINT `FK_03_Area_City_Admin_TO_40_Festival_Work_Division` FOREIGN KEY (`areacity_admin_cd`) REFERENCES `03_Area_City_Admin` (`areacity_admin_cd`),
  CONSTRAINT `FK_13_Man_Com_TO_40_Festival_Work_Division` FOREIGN KEY (`man_com_cd`) REFERENCES `13_Man_Com` (`man_com_cd`),
  CONSTRAINT `FK_18_Festival_TO_40_Festival_Work_Division` FOREIGN KEY (`fest_cd`) REFERENCES `18_Festival` (`fest_cd`),
  CONSTRAINT `FK_39_Festival_Work_Category_TO_40_Festival_Work_Division` FOREIGN KEY (`feswork_cat_cd`) REFERENCES `39_Festival_Work_Category` (`feswork_cat_cd`)
) ENGINE=InnoDB DEFAULT CHARSET=utf8 COMMENT='축제 진행업무 중분류';

-- 테이블 데이터 dusthgks.40_Festival_Work_Division:~16 rows (대략적) 내보내기
/*!40000 ALTER TABLE `40_Festival_Work_Division` DISABLE KEYS */;
INSERT INTO `40_Festival_Work_Division` (`feswork_div_cd`, `areacity_admin_cd`, `area_cd`, `area_city_cd`, `fest_cd`, `feswork_cat_cd`, `man_com_cd`, `fest_nm`, `feswork_cat_nm`, `feswork_div_nm`, `man_com_nm2`) VALUES
	('fb_011', 'admin_35', '35', '35010', 'all_fest_350136', 'fb_01', 'man_com_020', '전주세계소리축제', '축제관리', '축제업무보조', '김경훈'),
	('fb_012', 'admin_35', '35', '35010', 'all_fest_350136', 'fb_01', 'man_com_020', '전주세계소리축제', '축제관리', '주차관리', '김경훈'),
	('fb_013', 'admin_35', '35', '35010', 'all_fest_350136', 'fb_01', 'man_com_020', '전주세계소리축제', '축제관리', '축제환경미화', '김경훈'),
	('fb_014', 'admin_35', '35', '35010', 'all_fest_350136', 'fb_01', 'man_com_020', '전주세계소리축제', '축제관리', '체험프로그램안내', '김경훈'),
	('fb_015', 'admin_35', '35', '35010', 'all_fest_350136', 'fb_01', 'man_com_020', '전주세계소리축제', '축제관리', '방문객안내', '김경훈'),
	('fb_016', 'admin_35', '35', '35010', 'all_fest_350136', 'fb_01', 'man_com_020', '전주세계소리축제', '축제관리', '외국인방문객안내(언어)', '김경훈'),
	('fb_017', 'admin_35', '35', '35010', 'all_fest_350136', 'fb_01', 'man_com_020', '전주세계소리축제', '축제관리', '부대행사공연장관리', '김경훈'),
	('fb_018', 'admin_35', '35', '35010', 'all_fest_350136', 'fb_02', 'man_com_016', '전주세계소리축제', '축제무대관리', '무대보조', '최형범'),
	('fb_019', 'admin_35', '35', '35010', 'all_fest_350136', 'fb_02', 'man_com_016', '전주세계소리축제', '축제무대관리', '음향관리', '최형범'),
	('fb_020', 'admin_35', '35', '35010', 'all_fest_350136', 'fb_02', 'man_com_016', '전주세계소리축제', '축제무대관리', '조명관리', '최형범'),
	('fb_021', 'admin_35', '35', '35010', 'all_fest_350136', 'fb_02', 'man_com_016', '전주세계소리축제', '축제무대관리', '시설관리', '최형범'),
	('fb_022', 'admin_35', '35', '35010', 'all_fest_350136', 'fb_02', 'man_com_016', '전주세계소리축제', '축제무대관리', '대기실관리', '최형범'),
	('fb_023', 'admin_35', '35', '35010', 'all_fest_350136', 'fb_02', 'man_com_016', '전주세계소리축제', '축제무대관리', '출연진관리', '최형범'),
	('fb_024', 'admin_35', '35', '35010', 'all_fest_350136', 'fb_03', 'man_com_020', '전주세계소리축제', '부스운영관리', '프로그램운영부스지원', '김경훈'),
	('fb_025', 'admin_35', '35', '35010', 'all_fest_350136', 'fb_04', 'man_com_020', '전주세계소리축제', '안전관리', '행사장내안전관리', '김경훈'),
	('tb_025', 'admin_35', '35', '35010', 'all_fest_350136', 'fb_03', 'man_com_020', '전주세계소리축제', '부스운영관리', '부스운영', '김경훈');
/*!40000 ALTER TABLE `40_Festival_Work_Division` ENABLE KEYS */;

-- 테이블 dusthgks.41_Festival_Human 구조 내보내기
CREATE TABLE IF NOT EXISTS `41_Festival_Human` (
  `fes_human_cd` varchar(20) NOT NULL COMMENT '모든축제별모든인적관리코드',
  `areacity_admin_cd` varchar(50) DEFAULT NULL COMMENT '모든 행정기관코드',
  `area_cd` varchar(50) DEFAULT NULL COMMENT '전국지역코드',
  `area_city_cd` varchar(50) DEFAULT NULL COMMENT '모든 지역 시군코드',
  `fest_cd` varchar(50) DEFAULT NULL COMMENT '축제코드',
  `feswork_div_cd` varchar(20) DEFAULT NULL COMMENT '축제진행업무중분류코드',
  `man_com_cd` varchar(50) DEFAULT NULL COMMENT '위원회코드',
  `mem_cd` varchar(100) DEFAULT NULL COMMENT '회원코드',
  `fest_nm` varchar(20) DEFAULT NULL COMMENT '축제명',
  `feswork_div_nm` varchar(20) DEFAULT NULL COMMENT '진행업무중분류명',
  `fes_human_nm` varchar(100) DEFAULT NULL COMMENT '이름',
  `fes_human_phone` varchar(20) DEFAULT NULL COMMENT '연락처',
  `fes_human_hour` varchar(30) DEFAULT NULL COMMENT '근무시간',
  `man_com_nm2` varchar(20) DEFAULT NULL COMMENT '위원회이름',
  PRIMARY KEY (`fes_human_cd`),
  KEY `FK_01_Area_TO_41_Festival_Human` (`area_cd`),
  KEY `FK_02_Area_City_TO_41_Festival_Human` (`area_city_cd`),
  KEY `FK_03_Area_City_Admin_TO_41_Festival_Human` (`areacity_admin_cd`),
  KEY `FK_18_Festival_TO_41_Festival_Human` (`fest_cd`),
  KEY `FK_40_Festival_Work_Division_TO_41_Festival_Human` (`feswork_div_cd`),
  KEY `FK_13_Man_Com_TO_41_Festival_Human` (`man_com_cd`),
  KEY `FK_07_Member_TO_41_Festival_Human` (`mem_cd`),
  CONSTRAINT `FK_01_Area_TO_41_Festival_Human` FOREIGN KEY (`area_cd`) REFERENCES `01_Area` (`area_cd`),
  CONSTRAINT `FK_02_Area_City_TO_41_Festival_Human` FOREIGN KEY (`area_city_cd`) REFERENCES `02_Area_City` (`area_city_cd`),
  CONSTRAINT `FK_03_Area_City_Admin_TO_41_Festival_Human` FOREIGN KEY (`areacity_admin_cd`) REFERENCES `03_Area_City_Admin` (`areacity_admin_cd`),
  CONSTRAINT `FK_13_Man_Com_TO_41_Festival_Human` FOREIGN KEY (`man_com_cd`) REFERENCES `13_Man_Com` (`man_com_cd`),
  CONSTRAINT `FK_18_Festival_TO_41_Festival_Human` FOREIGN KEY (`fest_cd`) REFERENCES `18_Festival` (`fest_cd`),
  CONSTRAINT `FK_40_Festival_Work_Division_TO_41_Festival_Human` FOREIGN KEY (`feswork_div_cd`) REFERENCES `40_Festival_Work_Division` (`feswork_div_cd`)
) ENGINE=InnoDB DEFAULT CHARSET=utf8 COMMENT='모든 축제별 모든 인적관리';

-- 테이블 데이터 dusthgks.41_Festival_Human:~5 rows (대략적) 내보내기
/*!40000 ALTER TABLE `41_Festival_Human` DISABLE KEYS */;
INSERT INTO `41_Festival_Human` (`fes_human_cd`, `areacity_admin_cd`, `area_cd`, `area_city_cd`, `fest_cd`, `feswork_div_cd`, `man_com_cd`, `mem_cd`, `fest_nm`, `feswork_div_nm`, `fes_human_nm`, `fes_human_phone`, `fes_human_hour`, `man_com_nm2`) VALUES
	('human_01', 'admin_35', '35', '35010', 'all_fest_350136', 'fb_011', 'man_com_016', 'ID001 , 조희영님 회원코드? 로그인코드? 필요한게 무엇인가?', '전주세계소리축제', '축제업무보조', '양요섭은 회원코드에 없다 추가하세요 한소연님하고 상의하든', '010-1990-0105', '10:00~16:00', '최형범'),
	('human_02', 'admin_35', '35', '35010', 'all_fest_350136', 'fb_019', 'man_com_016', 'ID002, 이 테이블은 모든 인적테이블이다', '전주세계소리축제', '음향관리', '윤두준은 회원코드에 없다 추가하세요 한소연님하고 상의하든', '010-1989-0704', '16:00~22:00', '최형범'),
	('human_03', 'admin_35', '35', '35010', 'all_fest_350136', 'fb_016', 'man_com_016', 'ID003, 모든 사람들이 들어가야 하는 테이블이다', '전주세계소리축제', '외국인방문객안내(영어)', '손동운은 회원코드에 없다 추가하세요 한소연님하고 상의하든', '010-1991-0606', '10:00~16:00', '최형범'),
	('human_04', 'admin_35', '35', '35010', 'all_fest_350136', 'fb_025', 'man_com_016', 'ID004, 이 테이블의 목적을 정확하게 아는가?', '전주세계소리축제', '행사장내안전관리', '이기광은 회원코드에 없다 추가하세요 한소연님하고 상의하든', '010-1990-0330', '16:00~22:00', '최형범'),
	('human_05', 'admin_35', '35', '35010', 'all_fest_350136', 'fb_013', 'man_com_016', 'ID005, 가짜데이터라고 하더라도 정확하게 연결되는 값을 적어주세요', '전주세계소리축제', '축제환경미화', '송현남은 회원코드에 없다 추가하세요 한소연님하고 상의하든', '010-1957-0811', '10:00~16:00', '최형범');
/*!40000 ALTER TABLE `41_Festival_Human` ENABLE KEYS */;

-- 테이블 dusthgks.42_Festival_Ann 구조 내보내기
CREATE TABLE IF NOT EXISTS `42_Festival_Ann` (
  `fes_ann_cd` varchar(50) NOT NULL COMMENT '모든축제공고코드',
  `areacity_admin_cd` varchar(50) DEFAULT NULL COMMENT '모든 행정기관코드',
  `area_cd` varchar(50) DEFAULT NULL COMMENT '전국지역코드',
  `area_city_cd` varchar(50) DEFAULT NULL COMMENT '모든 지역 시군코드',
  `fest_cd` varchar(50) DEFAULT NULL COMMENT '축제코드',
  `man_com_cd` varchar(50) DEFAULT NULL COMMENT '위원회코드',
  `fest_nm` varchar(50) DEFAULT NULL COMMENT '축제명',
  `man_com_nm1` varchar(50) DEFAULT NULL COMMENT '위원회명',
  `fest_ann_nm` varchar(50) DEFAULT NULL COMMENT '공고명',
  `fest_ann_dt1` date DEFAULT NULL COMMENT '용역시작일',
  `fest_ann_dt2` date DEFAULT NULL COMMENT '용역종료일',
  `fest_ann_dt3` date DEFAULT NULL COMMENT '공고마감일',
  `fest_ann_con` varchar(250) DEFAULT NULL COMMENT '공고내용',
  `fest_ann_att` blob COMMENT '신청서양식첨부',
  `fest_ann_dt4` date DEFAULT NULL COMMENT '작성일',
  `fest_ann_hits` int(10) DEFAULT NULL COMMENT '조회수',
  PRIMARY KEY (`fes_ann_cd`),
  KEY `FK_01_Area_TO_42_Festival_Ann` (`area_cd`),
  KEY `FK_02_Area_City_TO_42_Festival_Ann` (`area_city_cd`),
  KEY `FK_03_Area_City_Admin_TO_42_Festival_Ann` (`areacity_admin_cd`),
  KEY `FK_18_Festival_TO_42_Festival_Ann` (`fest_cd`),
  KEY `FK_13_Man_Com_TO_42_Festival_Ann` (`man_com_cd`),
  CONSTRAINT `FK_01_Area_TO_42_Festival_Ann` FOREIGN KEY (`area_cd`) REFERENCES `01_Area` (`area_cd`),
  CONSTRAINT `FK_02_Area_City_TO_42_Festival_Ann` FOREIGN KEY (`area_city_cd`) REFERENCES `02_Area_City` (`area_city_cd`),
  CONSTRAINT `FK_03_Area_City_Admin_TO_42_Festival_Ann` FOREIGN KEY (`areacity_admin_cd`) REFERENCES `03_Area_City_Admin` (`areacity_admin_cd`),
  CONSTRAINT `FK_13_Man_Com_TO_42_Festival_Ann` FOREIGN KEY (`man_com_cd`) REFERENCES `13_Man_Com` (`man_com_cd`),
  CONSTRAINT `FK_18_Festival_TO_42_Festival_Ann` FOREIGN KEY (`fest_cd`) REFERENCES `18_Festival` (`fest_cd`)
) ENGINE=InnoDB DEFAULT CHARSET=utf8 COMMENT='모든 축제 공고관리';

-- 테이블 데이터 dusthgks.42_Festival_Ann:~10 rows (대략적) 내보내기
/*!40000 ALTER TABLE `42_Festival_Ann` DISABLE KEYS */;
INSERT INTO `42_Festival_Ann` (`fes_ann_cd`, `areacity_admin_cd`, `area_cd`, `area_city_cd`, `fest_cd`, `man_com_cd`, `fest_nm`, `man_com_nm1`, `fest_ann_nm`, `fest_ann_dt1`, `fest_ann_dt2`, `fest_ann_dt3`, `fest_ann_con`, `fest_ann_att`, `fest_ann_dt4`, `fest_ann_hits`) VALUES
	('fes_ann_001', 'admin_35', '35', '35010', 'all_fest_350136', 'man_com_010', '전주세계소리축제', '전주세계소리축제추진위원회', '소리축제 축제의밤 공연팀 모집', '2019-12-04', '2019-12-04', '2019-06-20', '소리축제 첫째날 밤 본무대에서 공연하실 팀을 모집합니다.', _binary '', '2019-12-04', 1),
	('fes_ann_002', 'admin_35', '35', '35010', 'all_fest_350136', 'man_com_010', '전주세계소리축제', '전주세계소리축제추진위원회', '소리축제 기간중 청소용역모집', '2019-12-04', '2019-12-04', '2019-06-21', '소리축제 기간전체 청소 용역업체를 모집합니다.', _binary '', '2019-12-04', 1),
	('fes_ann_003', 'admin_35', '35', '35010', 'all_fest_350136', 'man_com_010', '전주세계소리축제', '전주세계소리축제추진위원회', '『2019전주세계소리축제』 공연장 하드웨어 임대 및 운영 용역업체 우선협상대상자 선정', '2019-12-04', '2019-12-04', '2019-06-21', '공연장 하드웨어 임대 및 운영 용역업체 우선협상대상자 선정', _binary '', '2019-12-04', 1),
	('fes_ann_004', 'admin_35', '35', '35010', 'all_fest_350136', 'man_com_010', '전주세계소리축제', '전주세계소리축제추진위원회', '축제의밤관련공지', '2019-12-04', '2019-12-04', '2019-06-21', '소리축제 기간전체 청소 용역업체를 모집합니다.', _binary '', '2019-12-04', 1),
	('fes_ann_005', 'admin_35', '35', '35010', 'all_fest_350136', 'man_com_010', '전주세계소리축제', '전주세계소리축제추진위원회', '2019년 전주세계소리축제 제2차 단기직원 채용 공고', '2019-12-05', '2019-12-04', '2019-06-21', '전주세계소리축제를 이끌어갈 의욕적이고 사명감 있는 인재를모집합니다.', _binary '', '2019-12-04', 1),
	('fes_ann_006', 'admin_35', '35', '35010', 'all_fest_350136', 'man_com_010', '전주세계소리축제', '전주세계소리축제추진위원회', '2019 전주세계소리축제 \'소리천사\' 모집 안내', '2019-12-05', '2019-12-04', '2019-06-21', '2019전주세계소리축제를 함께 만들어 갈 자원활동가 ‘소리천사’를 모집합니다.', _binary '', '2019-12-04', 1),
	('fes_ann_007', 'admin_35', '35', '35010', 'all_fest_350136', 'man_com_010', '전주세계소리축제', '전주세계소리축제추진위원회', '2019 전주세계소리축제 소리프리마켓 선정 공고', '2019-12-05', '2019-12-04', '2019-06-21', '2019 전주세계소리축제 소리프리마켓 선정 공고', _binary '', '2019-12-04', 1),
	('fes_ann_008', 'admin_35', '35', '35010', 'all_fest_350136', 'man_com_010', '전주세계소리축제', '전주세계소리축제추진위원회', '셔틀버스 및 출연진 수송차량 운영 용역 낙찰자 선정 공고', '2019-12-05', '2019-12-04', '2019-06-21', '셔틀버스 및 출연진 수송차량 운영 용역 낙찰자 선정 공고', _binary '', '2019-12-04', 1),
	('fes_ann_009', 'admin_35', '35', '35010', 'all_fest_350136', 'man_com_010', '전주세계소리축제', '전주세계소리축제추진위원회', '전주세계소리축제 PRESS 아이디 카드 신청 안내', '2019-12-05', '2019-12-04', '2019-06-21', '전주세계소리축제 PRESS 아이디 카드 신청 안내', _binary '', '2019-12-04', 1),
	('fes_ann_010', 'admin_35', '35', '35010', 'all_fest_350136', 'man_com_010', '전주세계소리축제', '전주세계소리축제추진위원회', '2019 찾아가는 소리축제-월드뮤직워크숍 참여 학교 모집', '2019-12-05', '2019-12-04', '2019-06-21', '2019 찾아가는 소리축제-월드뮤직워크숍 참여 학교 모집', _binary '', '2019-12-04', 1);
/*!40000 ALTER TABLE `42_Festival_Ann` ENABLE KEYS */;

-- 테이블 dusthgks.43_Service_App 구조 내보내기
CREATE TABLE IF NOT EXISTS `43_Service_App` (
  `ser_app_cd` varchar(50) NOT NULL COMMENT '용역 참가신청서관리',
  `areacity_admin_cd` varchar(50) DEFAULT NULL COMMENT '모든 행정기관코드',
  `area_cd` varchar(50) DEFAULT NULL COMMENT '전국지역코드',
  `area_city_cd` varchar(50) DEFAULT NULL COMMENT '모든 지역 시군코드',
  `fest_cd` varchar(50) DEFAULT NULL COMMENT '축제코드',
  `fes_ann_cd` varchar(50) DEFAULT NULL COMMENT '모든축제공고코드',
  `man_com_cd` varchar(50) DEFAULT NULL COMMENT '위원회코드',
  `exa_rep_cd` varchar(100) DEFAULT NULL COMMENT '모든 심사 결과',
  `ser_app_nm1` varchar(100) DEFAULT NULL COMMENT '거래처명',
  `ser_app_no1` varchar(50) DEFAULT NULL COMMENT '거래처사업자등록번호',
  `ser_app_no2` varchar(50) DEFAULT NULL COMMENT '거래처법인등록번호',
  `ser_app_add` varchar(50) DEFAULT NULL COMMENT '거래처사업장주소',
  `ser_app_phone` varchar(50) DEFAULT NULL COMMENT '거래처대표번호',
  `ser_app_nm2` varchar(50) DEFAULT NULL COMMENT '거래처대표자명',
  `ser_app_no3` varchar(50) DEFAULT NULL COMMENT '대표자 주민번호',
  `ser_app_att` varchar(50) DEFAULT NULL COMMENT '관련서류첨부',
  PRIMARY KEY (`ser_app_cd`),
  KEY `FK_02_Area_City_TO_43_Service_App` (`area_city_cd`),
  KEY `FK_03_Area_City_Admin_TO_43_Service_App` (`areacity_admin_cd`),
  KEY `FK_01_Area_TO_43_Service_App` (`area_cd`),
  KEY `FK_18_Festival_TO_43_Service_App` (`fest_cd`),
  KEY `FK_13_Man_Com_TO_43_Service_App` (`man_com_cd`),
  KEY `FK_23_Exa_Report_TO_43_Service_App` (`exa_rep_cd`),
  KEY `FK_42_Festival_Ann_TO_43_Service_App` (`fes_ann_cd`),
  CONSTRAINT `FK_01_Area_TO_43_Service_App` FOREIGN KEY (`area_cd`) REFERENCES `01_Area` (`area_cd`),
  CONSTRAINT `FK_02_Area_City_TO_43_Service_App` FOREIGN KEY (`area_city_cd`) REFERENCES `02_Area_City` (`area_city_cd`),
  CONSTRAINT `FK_03_Area_City_Admin_TO_43_Service_App` FOREIGN KEY (`areacity_admin_cd`) REFERENCES `03_Area_City_Admin` (`areacity_admin_cd`),
  CONSTRAINT `FK_13_Man_Com_TO_43_Service_App` FOREIGN KEY (`man_com_cd`) REFERENCES `13_Man_Com` (`man_com_cd`),
  CONSTRAINT `FK_18_Festival_TO_43_Service_App` FOREIGN KEY (`fest_cd`) REFERENCES `18_Festival` (`fest_cd`),
  CONSTRAINT `FK_42_Festival_Ann_TO_43_Service_App` FOREIGN KEY (`fes_ann_cd`) REFERENCES `42_Festival_Ann` (`fes_ann_cd`)
) ENGINE=InnoDB DEFAULT CHARSET=utf8 COMMENT='용역참가신청서관리';

-- 테이블 데이터 dusthgks.43_Service_App:~3 rows (대략적) 내보내기
/*!40000 ALTER TABLE `43_Service_App` DISABLE KEYS */;
INSERT INTO `43_Service_App` (`ser_app_cd`, `areacity_admin_cd`, `area_cd`, `area_city_cd`, `fest_cd`, `fes_ann_cd`, `man_com_cd`, `exa_rep_cd`, `ser_app_nm1`, `ser_app_no1`, `ser_app_no2`, `ser_app_add`, `ser_app_phone`, `ser_app_nm2`, `ser_app_no3`, `ser_app_att`) VALUES
	('ser_app_001', 'admin_35', '35', '35010', 'all_fest_350136', 'fes_ann_001', 'man_com_003', '김도민님 조윤상님과 상의해서 정확한 FK값 넣으세요', '쓱싹나라, 정확한 거래처명 입력하세요', '758258-254865', 'null', '효자동', '063-587-5923', '한소연1', '2019-06-012', '2019-06-012'),
	('ser_app_002', 'admin_35', '35', '35010', 'all_fest_350136', 'fes_ann_001', 'man_com_003', '김도민님 조윤상님과 상의해서 정확한 FK값 넣으세요', '쓱싹나라2, 정확한 거래처명 입력하세요', '758258-254866', 'null', '효자동', '063-587-5924', '한소연2', '2019-06-013', '2019-06-013'),
	('ser_app_003', 'admin_35', '35', '35010', 'all_fest_350136', 'fes_ann_001', 'man_com_003', '김도민님 조윤상님과 상의해서 정확한 FK값 넣으세요', '쓱싹나라3, 정확한 거래처명 입력하세요', '758258-254867', 'null', '효자동', '063-587-5925', '한소연3', '2019-06-014', '2019-06-014');
/*!40000 ALTER TABLE `43_Service_App` ENABLE KEYS */;

-- 테이블 dusthgks.44_Booth_App 구조 내보내기
CREATE TABLE IF NOT EXISTS `44_Booth_App` (
  `boo_app_cd` varchar(50) NOT NULL COMMENT '부스 참가신청서관리',
  `areacity_admin_cd` varchar(50) DEFAULT NULL COMMENT '모든 행정기관코드',
  `area_cd` varchar(50) DEFAULT NULL COMMENT '전국지역코드',
  `area_city_cd` varchar(50) DEFAULT NULL COMMENT '모든 지역 시군코드',
  `fest_cd` varchar(50) DEFAULT NULL COMMENT '축제코드',
  `fes_ann_cd` varchar(50) DEFAULT NULL COMMENT '모든축제공고코드',
  `man_com_cd` varchar(50) DEFAULT NULL COMMENT '위원회코드',
  `exa_rep_cd` varchar(50) DEFAULT NULL COMMENT '모든 심사 결과',
  `boo_app_nm1` varchar(50) DEFAULT NULL COMMENT '부스명',
  `boo_app_nm2` varchar(50) DEFAULT NULL COMMENT '신청자',
  `boo_app_phone` varchar(50) DEFAULT NULL COMMENT '신청자연락처',
  `boo_app_email` varchar(50) DEFAULT NULL COMMENT '신청자메일주소',
  `boo_app_pur` varchar(50) DEFAULT NULL COMMENT '운영목적',
  `boo_app_plan` varchar(250) DEFAULT NULL COMMENT '운영계획',
  `boo_app_dt1` date DEFAULT NULL COMMENT '참가시작희망일',
  `boo_app_dt2` date DEFAULT NULL COMMENT '참가종료희망일',
  `boo_app_att` blob COMMENT '참가인원리스트(첨부)',
  `boo_app_booth` varchar(50) DEFAULT NULL COMMENT '신청부스개수',
  `boo_app_table` varchar(50) DEFAULT NULL COMMENT '테이블개수',
  `boo_app_chair` varchar(50) DEFAULT NULL COMMENT '의자개수',
  `boo_app_ele` varchar(50) DEFAULT NULL COMMENT '전기사용여부',
  `boo_app_banner` varchar(50) DEFAULT NULL COMMENT '현수막문구',
  `boo_app_dt3` date DEFAULT NULL COMMENT '신청일',
  `boo_app_sel` varchar(50) DEFAULT NULL COMMENT '선정여부',
  `boo_app_dt4` date DEFAULT NULL COMMENT '선정일자',
  PRIMARY KEY (`boo_app_cd`),
  KEY `FK_01_Area_TO_44_Booth_App` (`area_cd`),
  KEY `FK_02_Area_City_TO_44_Booth_App` (`area_city_cd`),
  KEY `FK_03_Area_City_Admin_TO_44_Booth_App` (`areacity_admin_cd`),
  KEY `FK_18_Festival_TO_44_Booth_App` (`fest_cd`),
  KEY `FK_42_Festival_Ann_TO_44_Booth_App` (`fes_ann_cd`),
  KEY `FK_23_Exa_Report_TO_44_Booth_App` (`exa_rep_cd`),
  KEY `FK_13_Man_Com_TO_44_Booth_App` (`man_com_cd`),
  CONSTRAINT `FK_01_Area_TO_44_Booth_App` FOREIGN KEY (`area_cd`) REFERENCES `01_Area` (`area_cd`),
  CONSTRAINT `FK_02_Area_City_TO_44_Booth_App` FOREIGN KEY (`area_city_cd`) REFERENCES `02_Area_City` (`area_city_cd`),
  CONSTRAINT `FK_03_Area_City_Admin_TO_44_Booth_App` FOREIGN KEY (`areacity_admin_cd`) REFERENCES `03_Area_City_Admin` (`areacity_admin_cd`),
  CONSTRAINT `FK_13_Man_Com_TO_44_Booth_App` FOREIGN KEY (`man_com_cd`) REFERENCES `13_Man_Com` (`man_com_cd`),
  CONSTRAINT `FK_18_Festival_TO_44_Booth_App` FOREIGN KEY (`fest_cd`) REFERENCES `18_Festival` (`fest_cd`),
  CONSTRAINT `FK_42_Festival_Ann_TO_44_Booth_App` FOREIGN KEY (`fes_ann_cd`) REFERENCES `42_Festival_Ann` (`fes_ann_cd`)
) ENGINE=InnoDB DEFAULT CHARSET=utf8 COMMENT='부스 참가신청서관리';

-- 테이블 데이터 dusthgks.44_Booth_App:~3 rows (대략적) 내보내기
/*!40000 ALTER TABLE `44_Booth_App` DISABLE KEYS */;
INSERT INTO `44_Booth_App` (`boo_app_cd`, `areacity_admin_cd`, `area_cd`, `area_city_cd`, `fest_cd`, `fes_ann_cd`, `man_com_cd`, `exa_rep_cd`, `boo_app_nm1`, `boo_app_nm2`, `boo_app_phone`, `boo_app_email`, `boo_app_pur`, `boo_app_plan`, `boo_app_dt1`, `boo_app_dt2`, `boo_app_att`, `boo_app_booth`, `boo_app_table`, `boo_app_chair`, `boo_app_ele`, `boo_app_banner`, `boo_app_dt3`, `boo_app_sel`, `boo_app_dt4`) VALUES
	('boo_app_001', 'admin_35', '35', '35010', 'all_fest_350136', 'fes_ann_002', 'man_com_003', '김도민님 조윤상님과 상의해서 정확한 FK값 넣으세요', '전주 부채만들기 체험', '이용구', '010-4459-9588', 'jjbucha@ddn.com', '전주부채알리기', '합죽선 만들기체험', '2019-06-13', '2019-06-13', _binary '', '1', '2', '5', 'N', '부채장인의 부채만들기체험', '2019-06-13', 'Y', '2019-06-13'),
	('boo_app_002', 'admin_35', '35', '35010', 'all_fest_350136', 'fes_ann_002', 'man_com_003', '김도민님 조윤상님과 상의해서 정확한 FK값 넣으세요', '스피커 만들기 체험', '이순신', '010-4459-9589', 'jjbucha1@ddn.com', '스피커 알리기', '스피커 만들기체험', '2019-06-13', '2019-06-13', _binary '', '1', '3', '6', 'N', '스피커 만들기', '2019-06-13', 'Y', '2019-06-13'),
	('boo_app_003', 'admin_35', '35', '35010', 'all_fest_350136', 'fes_ann_002', 'man_com_003', '김도민님 조윤상님과 상의해서 정확한 FK값 넣으세요', '전주 초코파이 만들기 체험', '김시민', '010-4459-9590', 'jjbucha2@ddn.com', '초코파이 알리기', '초코파이 만들기체험', '2019-06-13', '2019-06-13', _binary '', '1', '4', '7', 'Y', '초코파이 만들기', '2019-06-13', 'Y', '2019-06-13');
/*!40000 ALTER TABLE `44_Booth_App` ENABLE KEYS */;

-- 테이블 dusthgks.45_Vol_App 구조 내보내기
CREATE TABLE IF NOT EXISTS `45_Vol_App` (
  `vol_app_cd` varchar(50) NOT NULL COMMENT '축제자원봉사 신청서관리',
  `areacity_admin_cd` varchar(50) DEFAULT NULL COMMENT '모든 행정기관코드',
  `area_cd` varchar(50) DEFAULT NULL COMMENT '전국지역코드',
  `area_city_cd` varchar(50) DEFAULT NULL COMMENT '모든 지역 시군코드',
  `fest_cd` varchar(50) DEFAULT NULL COMMENT '축제코드',
  `fes_ann_cd` varchar(50) DEFAULT NULL COMMENT '모든축제공고코드',
  `man_com_cd` varchar(50) DEFAULT NULL COMMENT '위원회코드',
  `exa_rep_cd` varchar(50) DEFAULT NULL COMMENT '모든 심사 결과',
  `vol_app_cat` varchar(50) DEFAULT NULL COMMENT '지원분야',
  `vol_app_nm` varchar(50) DEFAULT NULL COMMENT '신청자이름',
  `vol_app_phone` varchar(50) DEFAULT NULL COMMENT '연락처',
  `vol_app_dt1` date DEFAULT NULL COMMENT '생년월일',
  `vol_app_gender` varchar(50) DEFAULT NULL COMMENT '성별',
  `vol_app_tshirt` varchar(50) DEFAULT NULL COMMENT '티셔츠사이즈',
  `vol_app_portalid` varchar(50) DEFAULT NULL COMMENT '자원봉사포털ID',
  `vol_app_spec` varchar(50) DEFAULT NULL COMMENT '특기사항',
  `vol_app_reason` varchar(250) DEFAULT NULL COMMENT '지원동기',
  `vol_app_email` varchar(50) DEFAULT NULL COMMENT '이메일주소',
  `vol_app_dt2` date DEFAULT NULL COMMENT '신청일',
  `vol_app_sel` varchar(50) DEFAULT NULL COMMENT '합격여부',
  `vol_app_dt3` date DEFAULT NULL COMMENT '합격일자',
  PRIMARY KEY (`vol_app_cd`),
  KEY `FK_01_Area_TO_45_Vol_App` (`area_cd`),
  KEY `FK_02_Area_City_TO_45_Vol_App` (`area_city_cd`),
  KEY `FK_03_Area_City_Admin_TO_45_Vol_App` (`areacity_admin_cd`),
  KEY `FK_18_Festival_TO_45_Vol_App` (`fest_cd`),
  KEY `FK_42_Festival_Ann_TO_45_Vol_App` (`fes_ann_cd`),
  KEY `FK_13_Man_Com_TO_45_Vol_App` (`man_com_cd`),
  KEY `FK_23_Exa_Report_TO_45_Vol_App` (`exa_rep_cd`),
  CONSTRAINT `FK_01_Area_TO_45_Vol_App` FOREIGN KEY (`area_cd`) REFERENCES `01_Area` (`area_cd`),
  CONSTRAINT `FK_02_Area_City_TO_45_Vol_App` FOREIGN KEY (`area_city_cd`) REFERENCES `02_Area_City` (`area_city_cd`),
  CONSTRAINT `FK_03_Area_City_Admin_TO_45_Vol_App` FOREIGN KEY (`areacity_admin_cd`) REFERENCES `03_Area_City_Admin` (`areacity_admin_cd`),
  CONSTRAINT `FK_13_Man_Com_TO_45_Vol_App` FOREIGN KEY (`man_com_cd`) REFERENCES `13_Man_Com` (`man_com_cd`),
  CONSTRAINT `FK_18_Festival_TO_45_Vol_App` FOREIGN KEY (`fest_cd`) REFERENCES `18_Festival` (`fest_cd`),
  CONSTRAINT `FK_42_Festival_Ann_TO_45_Vol_App` FOREIGN KEY (`fes_ann_cd`) REFERENCES `42_Festival_Ann` (`fes_ann_cd`)
) ENGINE=InnoDB DEFAULT CHARSET=utf8 COMMENT='축제자원봉사 신청서';

-- 테이블 데이터 dusthgks.45_Vol_App:~3 rows (대략적) 내보내기
/*!40000 ALTER TABLE `45_Vol_App` DISABLE KEYS */;
INSERT INTO `45_Vol_App` (`vol_app_cd`, `areacity_admin_cd`, `area_cd`, `area_city_cd`, `fest_cd`, `fes_ann_cd`, `man_com_cd`, `exa_rep_cd`, `vol_app_cat`, `vol_app_nm`, `vol_app_phone`, `vol_app_dt1`, `vol_app_gender`, `vol_app_tshirt`, `vol_app_portalid`, `vol_app_spec`, `vol_app_reason`, `vol_app_email`, `vol_app_dt2`, `vol_app_sel`, `vol_app_dt3`) VALUES
	('vol_app_001', 'admin_35', '35', '35010', 'all_fest_350136', 'fes_ann_003', 'man_com_003', '김도민님 조윤상님과 상의해서 정확한 FK값 넣으세요', '', '', '', '0000-00-00', '', '', '', '', '', '', '0000-00-00', '', '0000-00-00'),
	('vol_app_002', 'admin_35', '35', '35010', 'all_fest_350136', 'fes_ann_003', 'man_com_003', '김도민님 조윤상님과 상의해서 정확한 FK값 넣으세요', '', '', '', '0000-00-00', '', '', '', '', '', '', '0000-00-00', '', '0000-00-00'),
	('vol_app_003', 'admin_35', '35', '35010', 'all_fest_350136', 'fes_ann_003', 'man_com_003', '김도민님 조윤상님과 상의해서 정확한 FK값 넣으세요', '', '', '', '0000-00-00', '', '', '', '', '', '', '0000-00-00', '', '0000-00-00');
/*!40000 ALTER TABLE `45_Vol_App` ENABLE KEYS */;

-- 테이블 dusthgks.46_Fest_Goods_Mdiv 구조 내보내기
CREATE TABLE IF NOT EXISTS `46_Fest_Goods_Mdiv` (
  `festgoods_mdiv_cd` varchar(10) NOT NULL COMMENT '홍보상품중분류',
  `areacity_admin_cd` varchar(50) DEFAULT NULL COMMENT '모든 행정기관코드',
  `area_cd` varchar(50) DEFAULT NULL COMMENT '전국지역코드',
  `area_city_cd` varchar(50) DEFAULT NULL COMMENT '모든 지역 시군코드',
  `festgoods_ldiv_cd` varchar(10) DEFAULT NULL COMMENT '모든물품 상품 비품 대분류코드',
  `fest_cd` varchar(50) DEFAULT NULL COMMENT '축제코드',
  `fest_nm` varchar(20) DEFAULT NULL COMMENT '축제명',
  `festgoods_mdiv_nm` varchar(20) NOT NULL COMMENT '물품 상품 비품 대분류 중분류명',
  PRIMARY KEY (`festgoods_mdiv_cd`),
  KEY `FK_03_Area_City_Admin_TO_46_Fest_Goods_Mdiv` (`areacity_admin_cd`),
  KEY `FK_01_Area_TO_46_Fest_Goods_Mdiv` (`area_cd`),
  KEY `FK_02_Area_City_TO_46_Fest_Goods_Mdiv` (`area_city_cd`),
  KEY `FK_33_Fest_Goods_Ldiv_TO_46_Fest_Goods_Mdiv` (`festgoods_ldiv_cd`),
  KEY `FK_18_Festival_TO_46_Fest_Goods_Mdiv` (`fest_cd`),
  CONSTRAINT `FK_01_Area_TO_46_Fest_Goods_Mdiv` FOREIGN KEY (`area_cd`) REFERENCES `01_Area` (`area_cd`),
  CONSTRAINT `FK_02_Area_City_TO_46_Fest_Goods_Mdiv` FOREIGN KEY (`area_city_cd`) REFERENCES `02_Area_City` (`area_city_cd`),
  CONSTRAINT `FK_03_Area_City_Admin_TO_46_Fest_Goods_Mdiv` FOREIGN KEY (`areacity_admin_cd`) REFERENCES `03_Area_City_Admin` (`areacity_admin_cd`),
  CONSTRAINT `FK_18_Festival_TO_46_Fest_Goods_Mdiv` FOREIGN KEY (`fest_cd`) REFERENCES `18_Festival` (`fest_cd`),
  CONSTRAINT `FK_33_Fest_Goods_Ldiv_TO_46_Fest_Goods_Mdiv` FOREIGN KEY (`festgoods_ldiv_cd`) REFERENCES `33_Fest_Goods_Ldiv` (`festgoods_ldiv_cd`)
) ENGINE=InnoDB DEFAULT CHARSET=utf8 COMMENT='46. 모든 물품 상품 비품 대분류 - 중분류';

-- 테이블 데이터 dusthgks.46_Fest_Goods_Mdiv:~10 rows (대략적) 내보내기
/*!40000 ALTER TABLE `46_Fest_Goods_Mdiv` DISABLE KEYS */;
INSERT INTO `46_Fest_Goods_Mdiv` (`festgoods_mdiv_cd`, `areacity_admin_cd`, `area_cd`, `area_city_cd`, `festgoods_ldiv_cd`, `fest_cd`, `fest_nm`, `festgoods_mdiv_nm`) VALUES
	('gsM001', 'admin_35', '35', '35010', 'gsL001', 'all_fest_350136', '전주세계소리축제', '기성상품'),
	('gsM002', 'admin_35', '35', '35010', 'gsL001', 'all_fest_350136', '전주세계소리축제', '제작상품'),
	('gsM003', 'admin_35', '35', '35010', 'gsL002', 'all_fest_350136', '전주세계소리축제', '기성상품'),
	('gsM004', 'admin_35', '35', '35010', 'gsL002', 'all_fest_350136', '전주세계소리축제', '제작상품'),
	('gsM005', 'admin_35', '35', '35010', 'gsL003', 'all_fest_350136', '전주세계소리축제', '기성상품'),
	('gsM006', 'admin_35', '35', '35010', 'gsL003', 'all_fest_350136', '전주세계소리축제', '제작상품'),
	('gsM007', 'admin_35', '35', '35010', 'gsL004', 'all_fest_350136', '전주세계소리축제', '기성상품'),
	('gsM008', 'admin_35', '35', '35010', 'gsL004', 'all_fest_350136', '전주세계소리축제', '제작상품'),
	('gsM009', 'admin_35', '35', '35010', 'gsL005', 'all_fest_350136', '전주세계소리축제', '기성상품'),
	('gsM010', 'admin_35', '35', '35010', 'gsL005', 'all_fest_350136', '전주세계소리축제', '제작상품');
/*!40000 ALTER TABLE `46_Fest_Goods_Mdiv` ENABLE KEYS */;

-- 테이블 dusthgks.47_Fest_Goods_Sdiv 구조 내보내기
CREATE TABLE IF NOT EXISTS `47_Fest_Goods_Sdiv` (
  `festgoods_sdiv_cd` varchar(10) NOT NULL COMMENT '모든 물품 상품 비품 대분류 중분류 소분류',
  `areacity_admin_cd` varchar(50) DEFAULT NULL COMMENT '모든 행정기관코드',
  `area_cd` varchar(50) DEFAULT NULL COMMENT '전국지역코드',
  `area_city_cd` varchar(50) DEFAULT NULL COMMENT '모든 지역 시군코드',
  `festgoods_ldiv_cd` varchar(10) DEFAULT NULL COMMENT '모든물품 상품 비품 대분류코드',
  `festgoods_mdiv_cd` varchar(10) DEFAULT NULL COMMENT '홍보상품중분류',
  `fest_cd` varchar(50) DEFAULT NULL COMMENT '축제코드',
  `fest_nm` varchar(20) DEFAULT NULL COMMENT '축제명',
  `festgoods_sdiv_nm` varchar(20) NOT NULL COMMENT '모든 물품 상품 비품 대분류 중분류 소분류명',
  PRIMARY KEY (`festgoods_sdiv_cd`),
  KEY `FK_03_Area_City_Admin_TO_47_Fest_Goods_Sdiv` (`areacity_admin_cd`),
  KEY `FK_18_Festival_TO_47_Fest_Goods_Sdiv` (`fest_cd`),
  KEY `FK_01_Area_TO_47_Fest_Goods_Sdiv` (`area_cd`),
  KEY `FK_02_Area_City_TO_47_Fest_Goods_Sdiv` (`area_city_cd`),
  KEY `FK_33_Fest_Goods_Ldiv_TO_47_Fest_Goods_Sdiv` (`festgoods_ldiv_cd`),
  KEY `FK_46_Fest_Goods_Mdiv_TO_47_Fest_Goods_Sdiv` (`festgoods_mdiv_cd`),
  CONSTRAINT `FK_01_Area_TO_47_Fest_Goods_Sdiv` FOREIGN KEY (`area_cd`) REFERENCES `01_Area` (`area_cd`),
  CONSTRAINT `FK_02_Area_City_TO_47_Fest_Goods_Sdiv` FOREIGN KEY (`area_city_cd`) REFERENCES `02_Area_City` (`area_city_cd`),
  CONSTRAINT `FK_03_Area_City_Admin_TO_47_Fest_Goods_Sdiv` FOREIGN KEY (`areacity_admin_cd`) REFERENCES `03_Area_City_Admin` (`areacity_admin_cd`),
  CONSTRAINT `FK_18_Festival_TO_47_Fest_Goods_Sdiv` FOREIGN KEY (`fest_cd`) REFERENCES `18_Festival` (`fest_cd`),
  CONSTRAINT `FK_33_Fest_Goods_Ldiv_TO_47_Fest_Goods_Sdiv` FOREIGN KEY (`festgoods_ldiv_cd`) REFERENCES `33_Fest_Goods_Ldiv` (`festgoods_ldiv_cd`),
  CONSTRAINT `FK_46_Fest_Goods_Mdiv_TO_47_Fest_Goods_Sdiv` FOREIGN KEY (`festgoods_mdiv_cd`) REFERENCES `46_Fest_Goods_Mdiv` (`festgoods_mdiv_cd`)
) ENGINE=InnoDB DEFAULT CHARSET=utf8 COMMENT='47. 모든 물품 상품 비품 대분류 - 중분류 - 소분류';

-- 테이블 데이터 dusthgks.47_Fest_Goods_Sdiv:~13 rows (대략적) 내보내기
/*!40000 ALTER TABLE `47_Fest_Goods_Sdiv` DISABLE KEYS */;
INSERT INTO `47_Fest_Goods_Sdiv` (`festgoods_sdiv_cd`, `areacity_admin_cd`, `area_cd`, `area_city_cd`, `festgoods_ldiv_cd`, `festgoods_mdiv_cd`, `fest_cd`, `fest_nm`, `festgoods_sdiv_nm`) VALUES
	('md111', 'admin_35', '35', '35010', 'gsL001', 'gsM001', 'all_fest_350136', '전주세계소리축제', '문구류'),
	('md113', 'admin_35', '35', '35010', 'gsL001', 'gsM001', 'all_fest_350136', '전주세계소리축제', '사무가구'),
	('md114', 'admin_35', '35', '35010', 'gsL001', 'gsM001', 'all_fest_350136', '전주세계소리축제', '사무기기'),
	('md115', 'admin_35', '35', '35010', 'gsL002', 'gsM003', 'all_fest_350136', '전주세계소리축제', '행사기념품'),
	('md116', 'admin_35', '35', '35010', 'gsL002', 'gsM003', 'all_fest_350136', '전주세계소리축제', '이벤트경품'),
	('md121', 'admin_35', '35', '35010', 'gsL002', 'gsM003', 'all_fest_350136', '전주세계소리축제', '관계자선물'),
	('md123', 'admin_35', '35', '35010', 'gsL002', 'gsM004', 'all_fest_350136', '전주세계소리축제', '판촉물'),
	('md124', 'admin_35', '35', '35010', 'gsL002', 'gsM004', 'all_fest_350136', '전주세계소리축제', '판매용상품'),
	('md125', 'admin_35', '35', '35010', 'gsL002', 'gsM004', 'all_fest_350136', '전주세계소리축제', '기념품'),
	('md126', 'admin_35', '35', '35010', 'gsL003', 'gsM005', 'all_fest_350136', '전주세계소리축제', '전자기기'),
	('md211', 'admin_35', '35', '35010', 'gsL003', 'gsM005', 'all_fest_350136', '전주세계소리축제', '기타운영관련도구'),
	('md213', 'admin_35', '35', '35010', 'gsL003', 'gsM005', 'all_fest_350136', '전주세계소리축제', '단체의상'),
	('md214', 'admin_35', '35', '35010', 'gsL003', 'gsM005', 'all_fest_350136', '전주세계소리축제', '운영관련상품');
/*!40000 ALTER TABLE `47_Fest_Goods_Sdiv` ENABLE KEYS */;

-- 테이블 dusthgks.48_Fest_Goods_in 구조 내보내기
CREATE TABLE IF NOT EXISTS `48_Fest_Goods_in` (
  `festgoods_in_cd` varchar(50) NOT NULL COMMENT '입고홍보상품코드',
  `areacity_admin_cd` varchar(50) DEFAULT NULL COMMENT '모든 행정기관코드',
  `area_cd` varchar(50) DEFAULT NULL COMMENT '전국지역코드',
  `area_city_cd` varchar(50) DEFAULT NULL COMMENT '모든 지역 시군코드',
  `fest_cd` varchar(50) DEFAULT NULL COMMENT '축제코드',
  `festgoods_ldiv_cd` varchar(10) DEFAULT NULL COMMENT '모든물품 상품 비품 대분류코드',
  `festgoods_mdiv_cd` varchar(10) DEFAULT NULL COMMENT '홍보상품중분류',
  `festgoods_sdiv_cd` varchar(10) DEFAULT NULL COMMENT '모든 물품 상품 비품 대분류 중분류 소분류',
  `man_com_cd` varchar(50) DEFAULT NULL COMMENT '위원회코드',
  `cat_acc_cd` varchar(50) DEFAULT NULL COMMENT '거래처코드',
  `acc_mem_cd` varchar(50) DEFAULT NULL COMMENT '하나의 거래처별 소속 회원코드',
  `fesrev_bud_cd` varchar(50) DEFAULT NULL COMMENT '모든축제세입세출예산관리코드',
  `fest_nm` varchar(50) DEFAULT NULL COMMENT '축제명',
  `festgoods_in_nm` varchar(20) NOT NULL COMMENT '상품명',
  `festgoods_in_detail` varchar(20) DEFAULT NULL COMMENT '입고목적',
  `festgoods_in_amt` int(10) NOT NULL COMMENT '수량',
  `group_cd` varchar(10) NOT NULL COMMENT '세입세출상세 그룹코드',
  `action_dt` date NOT NULL COMMENT '마감일자',
  `action_status` char(1) NOT NULL COMMENT '마감유무',
  `festgoods_expense` int(10) NOT NULL COMMENT '총금액',
  `insert_dt` date NOT NULL COMMENT '작성일',
  PRIMARY KEY (`festgoods_in_cd`),
  KEY `FK_01_Area_TO_48_Fest_Goods_in` (`area_cd`),
  KEY `FK_02_Area_City_TO_48_Fest_Goods_in` (`area_city_cd`),
  KEY `FK_03_Area_City_Admin_TO_48_Fest_Goods_in` (`areacity_admin_cd`),
  KEY `FK_18_Festival_TO_48_Fest_Goods_in` (`fest_cd`),
  KEY `FK_33_Fest_Goods_Ldiv_TO_48_Fest_Goods_in` (`festgoods_ldiv_cd`),
  KEY `FK_47_Fest_Goods_Sdiv_TO_48_Fest_Goods_in` (`festgoods_sdiv_cd`),
  KEY `FK_46_Fest_Goods_Mdiv_TO_48_Fest_Goods_in` (`festgoods_mdiv_cd`),
  KEY `FK_12_Account_Member_TO_48_Fest_Goods_in` (`acc_mem_cd`),
  KEY `FK_13_Man_Com_TO_48_Fest_Goods_in` (`man_com_cd`),
  KEY `FK_10_Cat_Account_TO_48_Fest_Goods_in` (`cat_acc_cd`),
  KEY `FK_16_Fes_revExp_Bud_TO_48_Fest_Goods_in` (`fesrev_bud_cd`),
  CONSTRAINT `FK_01_Area_TO_48_Fest_Goods_in` FOREIGN KEY (`area_cd`) REFERENCES `01_Area` (`area_cd`),
  CONSTRAINT `FK_02_Area_City_TO_48_Fest_Goods_in` FOREIGN KEY (`area_city_cd`) REFERENCES `02_Area_City` (`area_city_cd`),
  CONSTRAINT `FK_03_Area_City_Admin_TO_48_Fest_Goods_in` FOREIGN KEY (`areacity_admin_cd`) REFERENCES `03_Area_City_Admin` (`areacity_admin_cd`),
  CONSTRAINT `FK_10_Cat_Account_TO_48_Fest_Goods_in` FOREIGN KEY (`cat_acc_cd`) REFERENCES `10_Cat_Account` (`cat_acc_cd`),
  CONSTRAINT `FK_12_Account_Member_TO_48_Fest_Goods_in` FOREIGN KEY (`acc_mem_cd`) REFERENCES `12_Account_Member` (`acc_mem_cd`),
  CONSTRAINT `FK_13_Man_Com_TO_48_Fest_Goods_in` FOREIGN KEY (`man_com_cd`) REFERENCES `13_Man_Com` (`man_com_cd`),
  CONSTRAINT `FK_16_Fes_revExp_Bud_TO_48_Fest_Goods_in` FOREIGN KEY (`fesrev_bud_cd`) REFERENCES `16_Fes_revExp_Bud` (`fesrev_bud_cd`),
  CONSTRAINT `FK_18_Festival_TO_48_Fest_Goods_in` FOREIGN KEY (`fest_cd`) REFERENCES `18_Festival` (`fest_cd`),
  CONSTRAINT `FK_33_Fest_Goods_Ldiv_TO_48_Fest_Goods_in` FOREIGN KEY (`festgoods_ldiv_cd`) REFERENCES `33_Fest_Goods_Ldiv` (`festgoods_ldiv_cd`),
  CONSTRAINT `FK_46_Fest_Goods_Mdiv_TO_48_Fest_Goods_in` FOREIGN KEY (`festgoods_mdiv_cd`) REFERENCES `46_Fest_Goods_Mdiv` (`festgoods_mdiv_cd`),
  CONSTRAINT `FK_47_Fest_Goods_Sdiv_TO_48_Fest_Goods_in` FOREIGN KEY (`festgoods_sdiv_cd`) REFERENCES `47_Fest_Goods_Sdiv` (`festgoods_sdiv_cd`)
) ENGINE=InnoDB DEFAULT CHARSET=utf8 COMMENT='48. 축제별 입고 물품관리';

-- 테이블 데이터 dusthgks.48_Fest_Goods_in:~3 rows (대략적) 내보내기
/*!40000 ALTER TABLE `48_Fest_Goods_in` DISABLE KEYS */;
INSERT INTO `48_Fest_Goods_in` (`festgoods_in_cd`, `areacity_admin_cd`, `area_cd`, `area_city_cd`, `fest_cd`, `festgoods_ldiv_cd`, `festgoods_mdiv_cd`, `festgoods_sdiv_cd`, `man_com_cd`, `cat_acc_cd`, `acc_mem_cd`, `fesrev_bud_cd`, `fest_nm`, `festgoods_in_nm`, `festgoods_in_detail`, `festgoods_in_amt`, `group_cd`, `action_dt`, `action_status`, `festgoods_expense`, `insert_dt`) VALUES
	('festgoods_in_001', 'admin_35', '35', '35010', 'all_fest_350136', 'gsL002', 'gsM004', 'md125', 'man_com_019', 'catacc_049', 'acc_mem_017', 'fesrev_bud010', '전주세계소리축제', '캐릭터열쇠고리', '판매용 축제캐릭터상품 제작', 800, '', '0000-00-00', '', 500, '2019-12-04'),
	('festgoods_in_002', 'admin_35', '35', '35010', 'all_fest_350136', 'gsL002', 'gsM004', 'md123', 'man_com_019', 'catacc_049', 'acc_mem_017', 'fesrev_bud010', '전주세계소리축제', '수건', '행사관계자 선물 제작', 500, '', '0000-00-00', '', 1000, '2019-12-04');
/*!40000 ALTER TABLE `48_Fest_Goods_in` ENABLE KEYS */;

-- 테이블 dusthgks.49_Fest_Goods_out 구조 내보내기
CREATE TABLE IF NOT EXISTS `49_Fest_Goods_out` (
  `festgoods_out_cd` varchar(50) NOT NULL COMMENT '출고홍보상품코드',
  `areacity_admin_cd` varchar(50) DEFAULT NULL COMMENT '모든 행정기관코드',
  `area_cd` varchar(50) DEFAULT NULL COMMENT '전국지역코드',
  `area_city_cd` varchar(50) DEFAULT NULL COMMENT '모든 지역 시군코드',
  `fest_cd` varchar(50) DEFAULT NULL COMMENT '축제코드',
  `festgoods_in_cd` varchar(50) DEFAULT NULL COMMENT '입고홍보상품코드',
  `acc_mem_cd` varchar(50) DEFAULT NULL COMMENT '하나의 거래처별 소속 회원코드',
  `fest_nm` varchar(50) DEFAULT NULL COMMENT '축제명',
  `festgoods_out_nm` varchar(20) DEFAULT NULL COMMENT '출고상품',
  `festgoods_out_detail` varchar(50) DEFAULT NULL COMMENT '출고목적',
  `festgoods_out_amt` int(10) NOT NULL COMMENT '출고수량',
  `festgoods_stock` int(10) NOT NULL COMMENT '재고수량',
  `insert_dt` date NOT NULL COMMENT '작성일',
  PRIMARY KEY (`festgoods_out_cd`),
  KEY `FK_01_Area_TO_49_Fest_Goods_out` (`area_cd`),
  KEY `FK_02_Area_City_TO_49_Fest_Goods_out` (`area_city_cd`),
  KEY `FK_03_Area_City_Admin_TO_49_Fest_Goods_out` (`areacity_admin_cd`),
  KEY `FK_18_Festival_TO_49_Fest_Goods_out` (`fest_cd`),
  KEY `FK_12_Account_Member_TO_49_Fest_Goods_out` (`acc_mem_cd`),
  KEY `FK_48_Fest_Goods_in_TO_49_Fest_Goods_out` (`festgoods_in_cd`),
  CONSTRAINT `FK_01_Area_TO_49_Fest_Goods_out` FOREIGN KEY (`area_cd`) REFERENCES `01_Area` (`area_cd`),
  CONSTRAINT `FK_02_Area_City_TO_49_Fest_Goods_out` FOREIGN KEY (`area_city_cd`) REFERENCES `02_Area_City` (`area_city_cd`),
  CONSTRAINT `FK_03_Area_City_Admin_TO_49_Fest_Goods_out` FOREIGN KEY (`areacity_admin_cd`) REFERENCES `03_Area_City_Admin` (`areacity_admin_cd`),
  CONSTRAINT `FK_12_Account_Member_TO_49_Fest_Goods_out` FOREIGN KEY (`acc_mem_cd`) REFERENCES `12_Account_Member` (`acc_mem_cd`),
  CONSTRAINT `FK_18_Festival_TO_49_Fest_Goods_out` FOREIGN KEY (`fest_cd`) REFERENCES `18_Festival` (`fest_cd`),
  CONSTRAINT `FK_48_Fest_Goods_in_TO_49_Fest_Goods_out` FOREIGN KEY (`festgoods_in_cd`) REFERENCES `48_Fest_Goods_in` (`festgoods_in_cd`)
) ENGINE=InnoDB DEFAULT CHARSET=utf8 COMMENT='49. 축제별 출고 물품관리';

-- 테이블 데이터 dusthgks.49_Fest_Goods_out:~1 rows (대략적) 내보내기
/*!40000 ALTER TABLE `49_Fest_Goods_out` DISABLE KEYS */;
INSERT INTO `49_Fest_Goods_out` (`festgoods_out_cd`, `areacity_admin_cd`, `area_cd`, `area_city_cd`, `fest_cd`, `festgoods_in_cd`, `acc_mem_cd`, `fest_nm`, `festgoods_out_nm`, `festgoods_out_detail`, `festgoods_out_amt`, `festgoods_stock`, `insert_dt`) VALUES
	('festgoods_out_001', 'admin_35', '35', '35010', 'all_fest_350136', 'festgoods_in_001', 'acc_mem_017', '전주세계소리축제', '수건', '행사관계자 선물 증정', 400, 100, '2019-12-05');
/*!40000 ALTER TABLE `49_Fest_Goods_out` ENABLE KEYS */;

-- 테이블 dusthgks.50_Estimate_clas 구조 내보내기
CREATE TABLE IF NOT EXISTS `50_Estimate_clas` (
  `est_cla_cd` varchar(50) NOT NULL COMMENT '심사구분',
  `classification` varchar(50) DEFAULT NULL COMMENT '분류',
  PRIMARY KEY (`est_cla_cd`)
) ENGINE=InnoDB DEFAULT CHARSET=utf8 COMMENT='심사 분류';

-- 테이블 데이터 dusthgks.50_Estimate_clas:~2 rows (대략적) 내보내기
/*!40000 ALTER TABLE `50_Estimate_clas` DISABLE KEYS */;
INSERT INTO `50_Estimate_clas` (`est_cla_cd`, `classification`) VALUES
	('appraisal_1', '평가'),
	('evaluation_1', '심사');
/*!40000 ALTER TABLE `50_Estimate_clas` ENABLE KEYS */;

-- 테이블 dusthgks.51_Eva_index 구조 내보내기
CREATE TABLE IF NOT EXISTS `51_Eva_index` (
  `eva_index_cd` varchar(50) NOT NULL COMMENT '심사 평가지표명코드',
  `est_cla_cd` varchar(50) DEFAULT NULL COMMENT '심사구분',
  `admindep_emp_cd` varchar(50) DEFAULT NULL COMMENT '모든 행정기관 부서별 직원 관리코드',
  `eva_nm` varchar(50) DEFAULT NULL COMMENT '평가명',
  PRIMARY KEY (`eva_index_cd`),
  KEY `FK_50_Estimate_clas_TO_51_Eva_index` (`est_cla_cd`),
  KEY `FK_05_Admin_Depart_Employ_TO_51_Eva_index` (`admindep_emp_cd`),
  CONSTRAINT `FK_05_Admin_Depart_Employ_TO_51_Eva_index` FOREIGN KEY (`admindep_emp_cd`) REFERENCES `05_Admin_Depart_Employ` (`admindep_emp_cd`),
  CONSTRAINT `FK_50_Estimate_clas_TO_51_Eva_index` FOREIGN KEY (`est_cla_cd`) REFERENCES `50_Estimate_clas` (`est_cla_cd`)
) ENGINE=InnoDB DEFAULT CHARSET=utf8 COMMENT='모든 축제 관련심사/평가지표명';

-- 테이블 데이터 dusthgks.51_Eva_index:~9 rows (대략적) 내보내기
/*!40000 ALTER TABLE `51_Eva_index` DISABLE KEYS */;
INSERT INTO `51_Eva_index` (`eva_index_cd`, `est_cla_cd`, `admindep_emp_cd`, `eva_nm`) VALUES
	('eva_index_1', 'evaluation_1', 'admin_group_350121', '축제 추진위원회 심사'),
	('eva_index_2', 'evaluation_1', 'admin_group_350121', '축제 평가위원회 심사'),
	('eva_index_3', 'evaluation_1', 'admin_group_350121', '부스 심사'),
	('eva_index_4', 'evaluation_1', 'admin_group_350121', '대행업체(용역) 심사'),
	('eva_index_5', 'evaluation_1', 'admin_group_350121', '축제 내 프로그램 심사'),
	('eva_index_6', 'evaluation_1', 'admin_group_350121', '자원봉사자 심사'),
	('eva_index_7', 'evaluation_1', 'admin_group_350121', '홍보 관련 심사'),
	('eva_index_8', 'appraisal_1', 'admin_group_350121', '축제 설문지 조사'),
	('eva_index_9', 'appraisal_1', 'admin_group_350121', '지역축제 공동 평가지표');
/*!40000 ALTER TABLE `51_Eva_index` ENABLE KEYS */;

-- 테이블 dusthgks.52_Eva_index_item 구조 내보내기
CREATE TABLE IF NOT EXISTS `52_Eva_index_item` (
  `evaindex_item_cd` varchar(50) NOT NULL COMMENT '항목코드',
  `est_cla_cd` varchar(50) DEFAULT NULL COMMENT '심사구분',
  `eva_index_cd` varchar(50) DEFAULT NULL COMMENT '심사 평가지표명코드',
  `l_criteria` varchar(50) NOT NULL COMMENT '대평가항목',
  `m_criteria` varchar(50) DEFAULT NULL COMMENT '중평가항목',
  `s_criteria` varchar(300) DEFAULT NULL COMMENT '소평가항목',
  `multiple_choice` varchar(50) NOT NULL COMMENT '객 주관식',
  PRIMARY KEY (`evaindex_item_cd`),
  KEY `FK_50_Estimate_clas_TO_52_Eva_index_item` (`est_cla_cd`),
  KEY `FK_51_Eva_index_TO_52_Eva_index_item` (`eva_index_cd`),
  CONSTRAINT `FK_50_Estimate_clas_TO_52_Eva_index_item` FOREIGN KEY (`est_cla_cd`) REFERENCES `50_Estimate_clas` (`est_cla_cd`),
  CONSTRAINT `FK_51_Eva_index_TO_52_Eva_index_item` FOREIGN KEY (`eva_index_cd`) REFERENCES `51_Eva_index` (`eva_index_cd`)
) ENGINE=InnoDB DEFAULT CHARSET=utf8 COMMENT='심사/평가항목';

-- 테이블 데이터 dusthgks.52_Eva_index_item:~110 rows (대략적) 내보내기
/*!40000 ALTER TABLE `52_Eva_index_item` DISABLE KEYS */;
INSERT INTO `52_Eva_index_item` (`evaindex_item_cd`, `est_cla_cd`, `eva_index_cd`, `l_criteria`, `m_criteria`, `s_criteria`, `multiple_choice`) VALUES
	('item_001', 'evaluation_1', 'eva_index_1', '신뢰도', '사업수행실적', '입찰 공고일 기준 최근 3년간 1억원 이상 국가기관 등이 주최기관인 행사 수행 실적', '객관식'),
	('item_002', 'evaluation_1', 'eva_index_1', '신뢰도', '경영상태', '입찰공고일 기준 시용 평가 등급(평가 등급 기준 별지 12 참조)', '객관식'),
	('item_003', 'evaluation_1', 'eva_index_1', '기획력', '기획구성', '기횐의 적정성과 기능적 연계성\n  사업취지에 맞는 프로그램 구성\n  예산산출 내역의 적정성', '객관식'),
	('item_004', 'evaluation_1', 'eva_index_1', '기획력', '창의성,차별성,참신성', '기획의 독창성\n  기획,연출의 참신성\n  출연진의 구성(섭외)능력', '객관식'),
	('item_005', 'evaluation_1', 'eva_index_1', '수행능력', '사업운영', '추진계획외 현실성 및 업무내용적정성\n  안전관리 대책 및 안전관리 인력확보\n  우천 등 비상시 대응방안', '객관식'),
	('item_006', 'evaluation_1', 'eva_index_1', '수행능력', '시설물설치 및 장비 운영', '시설물,장비확보 방안\n  무대,음향,조명,효과 등\n  무대 및 시설물 운영방안', '객관식'),
	('item_007', 'evaluation_1', 'eva_index_1', '입찰가격평가', 'null', '제안 가격의 적정성', '객관식'),
	('item_008', 'evaluation_1', 'eva_index_2', '공정성', '심각한 위반', '제5조제2항 각 호에 해당하는 기피·제척사항을 위반한 경우(평가 이후 발견 시 포함)\n  평가대상 업체로부터의 사전접촉 사실을 신고하지 않은 경우\n  조달업체로부터 향응 또는 뇌물을 수수한 경우\n  제안서 정보(일부 또는 전부)를 외부에 유출하는 경우', '객관식'),
	('item_009', 'evaluation_1', 'eva_index_2', '공정성', '심각한 위반', '특정업체에게 해당 제안서 평가 관련 평균점수 대비 현저하게 과다/과소점수 부여 등', '객관식'),
	('item_010', 'evaluation_1', 'eva_index_2', '공정성', '심각한 위반', '- 온라인평가 중에 평가집행자의 사전 승인 없이 2회 이상 다른 사람과 대화, 회의, 전화 통화하거나, 평가위원이 아닌 자가 평가위원 모니터를 주시하거나 조작하는 경우', '객관식'),
	('item_011', 'evaluation_1', 'eva_index_2', '공정성', '경미한 위반', '-【별표 4]의 “제안서 평가위원 유의사항” 위반 시', '객관식'),
	('item_012', 'evaluation_1', 'eva_index_2', '공정성', '경미한 위반', '- 본인의 평가점수를 평가장소에서 공개 등', '객관식'),
	('item_013', 'evaluation_1', 'eva_index_2', '공정성', '경미한 위반', '- 특정 입찰자의 오류 등을 지속 부각시키는 등 타 위원의공정한 평가에 영향을 미치는 행위를 하는 경우', '객관식'),
	('item_014', 'evaluation_1', 'eva_index_2', '공정성', '경미한 위반', '- 온라인평가 중에 평가집행자의 사전 승인 없이 다른 사람과 대화, 회의, 전화 통화하는 경우', '객관식'),
	('item_015', 'evaluation_1', 'eva_index_2', '성실성', '심각한 위반', '- 제안서 평가이전에 계약담당공무원에게 연락 없이 제안서 평가 불참 시', '객관식'),
	('item_016', 'evaluation_1', 'eva_index_2', '성실성', '심각한 위반', '오프라인 제안서평가 시작시간을 10분 이상 지각한 자\n  * 오프라인 제안서평가 시작시간을 20분 이상 지각한 자는 해당 건 평가위원의 자격을 박탈할 수 있음', '객관식'),
	('item_017', 'evaluation_1', 'eva_index_2', '성실성', '심각한 위반', '온라인평가 시 사전 신고를 하지 않거나, 정전 등 정당한 이유 없이 온라인평가 시작시간보다 10분 이상 화상평가시스템에 지연 입장 또는 온라인평가 중에 10분 이상 시스템과 접속이 끊기거나, 평가집행자 모니터에 평가위원이 나타나지 않은 경우\n  * 온라인평가 시 미리 신고를 하지 않거나, 정전 등 정당한 이유 없이 20분 이상 화상평가시스템에 지연 입장 또는 온라인평가 중에 시스템과 접속이 끊기거나, 평가집행자의 모니터에 평가위원이 나타나지 않은 경우 해당 건 평가위원의 자격을 박탈할 수 있음', '객관식'),
	('item_018', 'evaluation_1', 'eva_index_2', '성실성', '심각한 위반', '- 온라인평가 시 해당 평가위원의 제안서 또는 제안요청서 다운로드 시간부터 제안서평가결과서 제출까지 시간이 1시간 미만의 경우', '객관식'),
	('item_019', 'evaluation_1', 'eva_index_2', '성실성', '경미한 위반', '온라인평가 시 사전 신고를 하지 않거나, 정전 등 정당한 이유 없이 5분 이상 10분 미만 화상평가시스템에 지연 입장 또는 온라인평가 중에 5분 이상 10분 미만 시스템과 접속이 끊기거나, 평가집행자의 모니터에 평가위원이 나타나지 않은 경우\n  온라인평가 시 신고 여부에 관계없이 3회 이상 5분 이상 10분 미만 평가집행자의 모니터에 평가위원이 나타나지 않는 경우\n  제안서를 미리 배포하고 사전검토를 요구하였으나, 검토의견을 제출하지 않은 경우\n  제안서 평가 시간 중에 제안서 평가와 관련되지 않은 행위를 하는 경우', '객관식'),
	('item_020', 'evaluation_1', 'eva_index_2', '성실성', '경미한 위반', '제안서 평가이전에 평가불참 사유를 계약담당공무원에게 사전연락은 하고 제안서 평가 불참 시', '객관식'),
	('item_021', 'evaluation_1', 'eva_index_2', '성실성', '경미한 위반', '- 제안서 오프라인 평가 시작 후 5분이상 10분미만 지각 자', '객관식'),
	('item_022', 'evaluation_1', 'eva_index_2', '전문성', 'null', '- 입찰자의 제안서 내용에 대한 이해가 부족하여 부적절한 질문을 하는 등 전문성이 현저히 부족한 자', '객관식'),
	('item_023', 'evaluation_1', 'eva_index_2', '전문성', 'null', '- 타위원의 평가점수에 비해 업체별 변별력이 없도록 동일 유사 점수를 부여하는 자', '객관식'),
	('item_024', 'evaluation_1', 'eva_index_2', '전문성', 'null', '- 제안내용에 대한 질문이 전혀 없거나 위원 간 토론에도 참여하지 않는 등 평가에 소극적인 자', '객관식'),
	('item_025', 'evaluation_1', 'eva_index_2', '전문성', 'null', '- 기타 전문성이 부족하다고 판단되는 경우(평가집행자는 사유를 기재)', '객관식'),
	('item_026', 'evaluation_1', 'eva_index_3', '관내·외 행사 참가횟수 (2018년 12월기준)', 'null', 'null', '객관식'),
	('item_027', 'evaluation_1', 'eva_index_3', '전년도 판매실적', 'null', 'null', '객관식'),
	('item_028', 'evaluation_1', 'eva_index_3', '신용카드 결제 가능여부', 'null', 'null', '객관식'),
	('item_029', 'evaluation_1', 'eva_index_3', '18년 행사참가자', 'null', 'null', '객관식'),
	('item_030', 'evaluation_1', 'eva_index_4', '객관적평가(20)', '1.근무인력 보유 상태', '근무인력 형황', '객관식'),
	('item_031', 'evaluation_1', 'eva_index_4', '객관적평가(20)', '2.수행실적', '최근 3년 이내 단일행사 3억원이상 수행실적', '객관식'),
	('item_032', 'evaluation_1', 'eva_index_4', '객관적평가(20)', '3.재무구조(경영상태)', '신용평가 등급에 따른 평가', '객관식'),
	('item_033', 'evaluation_1', 'eva_index_4', '주관적 평가 (70)', '행사장조성 및 프로그램 기획', '축제의 특성에 부합한 행사장 조성', '객관식'),
	('item_034', 'evaluation_1', 'eva_index_4', '주관적 평가 (70)', '행사장조성 및 프로그램 기획', '효율적인 동선운영에 맞는 시설설치', '객관식'),
	('item_035', 'evaluation_1', 'eva_index_4', '주관적 평가 (70)', '행사장조성 및 프로그램 기획', '주제에 맞는 프로그램 제안', '객관식'),
	('item_036', 'evaluation_1', 'eva_index_4', '주관적 평가 (70)', '행사장조성 및 프로그램 기획', '프로그램 구성 및 참신성', '객관식'),
	('item_037', 'evaluation_1', 'eva_index_4', '주관적 평가 (70)', '사업수행능력', '사업 이행 능력 및 전략의 현실성', '객관식'),
	('item_038', 'evaluation_1', 'eva_index_4', '주관적 평가 (70)', '사업수행능력', '행사 일정 추진의 계획성과 현실성', '객관식'),
	('item_039', 'evaluation_1', 'eva_index_4', '주관적 평가 (70)', '홍보전략', '홍보 전략의 효율성과 기대효과 여부', '객관식'),
	('item_040', 'evaluation_1', 'eva_index_4', '주관적 평가 (70)', '홍보전략', '홍보 수행능력의 현실성', '객관식'),
	('item_041', 'evaluation_1', 'eva_index_4', '주관적 평가 (70)', '운영능력', '운영계획의 현실성', '객관식'),
	('item_042', 'evaluation_1', 'eva_index_4', '주관적 평가 (70)', '운영능력', '운영인력 구성 및 인력배치계획', '객관식'),
	('item_043', 'evaluation_1', 'eva_index_4', '주관적 평가 (70)', '안정성', '안전계획 타당성,안전교육 이수', '객관식'),
	('item_044', 'evaluation_1', 'eva_index_4', '주관적 평가 (70)', '안정성', '비상시 대책방안의 구체성', '객관식'),
	('item_045', 'evaluation_1', 'eva_index_4', '가격 평가(10점)', '사업비산출내역', '제안가격 평가', '객관식'),
	('item_046', 'evaluation_1', 'eva_index_5', '1.축제의 특성/축제 콘텐츠(70점)', 'null', '축제 주제(소재)관련 대표 프로그램의 완성도', '객관식'),
	('item_047', 'evaluation_1', 'eva_index_5', '1.축제의 특성/축제 콘텐츠(70점)', 'null', '축제 소재의 특이성과 매력성\n -그 축제인의 독특한 소재와 자원으로 관광객의 유인*몰입 가능성', '객관식'),
	('item_048', 'evaluation_1', 'eva_index_5', '1.축제의 특성/축제 콘텐츠(70점)', 'null', '타 축제와의 프로그램 차별성\n 축제 방문객을 위한 특색있는 참여,체험 프로그램/축제 캐릭터 개발 등', '객관식'),
	('item_049', 'evaluation_1', 'eva_index_5', '1.축제의 특성/축제 콘텐츠(70점)', 'null', '지역 문화,관광자원과 연관된 프로그램 개발\n 연계투어/체류형 야간프로그램등', '객관식'),
	('item_050', 'evaluation_1', 'eva_index_5', '2.축제의 운영(10점)', 'null', '자원봉사자 교육시스템 등 행사장 내 운영 효율성\n 축제 기획*운영 전문성 및 평가 결과의 활용 정도\n 축제 홍보의 효율성과 적절성 등', '객관식'),
	('item_051', 'evaluation_1', 'eva_index_5', '2.축제의 운영(10점)', 'null', '접근성,공간배치 등 행사장 환경 및 주차장,화장실 등 평의 시설운영 적절성\n 관람객 안전관리 체계 확립 등', '객관식'),
	('item_052', 'evaluation_1', 'eva_index_5', '3.축제 발전성(10)', 'null', '광역,기초단체의 예산,행정 지원 규모 육성의지\n 지역주민의 참여 의지 및 협조 수준\n 지역주민 참여시스템,지역주민 호응도 등', '객관식'),
	('item_053', 'evaluation_1', 'eva_index_5', '3.축제 발전성(10)', 'null', '독립적인 축제조직체 구성 여부/축제 재정자립도', '객관식'),
	('item_054', 'evaluation_1', 'eva_index_5', '4.축제의 성과(10점)', 'null', '축제 관련 관광객 유발 정도\n 관광객 수 (외국인 포함),지역 홍보 효과등', '객관식'),
	('item_055', 'evaluation_1', 'eva_index_5', '4.축제의 성과(10점)', 'null', '축제를 통한 지역경제 파급효과\n 관광객 비용 지출,재방문 가능성등', '객관식'),
	('item_056', 'evaluation_1', 'eva_index_6', '단체의 적격성 (20점)', 'null', '① 사업 수행 능력 및 경험(단체소개, 수상경력 등 참조)', '객관식'),
	('item_057', 'evaluation_1', 'eva_index_6', '단체의 적격성 (20점)', 'null', '② 조직 및 인력의 전문성 등 프로그램 관련 수행능력', '객관식'),
	('item_058', 'evaluation_1', 'eva_index_6', '사업평가 (60점)', 'null', '① 사업계획 및 목적의 적절성, 실현가능성', '객관식'),
	('item_059', 'evaluation_1', 'eva_index_6', '사업평가 (60점)', 'null', '② 프로그램의 창의성\n (지역사회에 새로운 자원봉사 영역 개발정도)', '객관식'),
	('item_060', 'evaluation_1', 'eva_index_6', '사업평가 (60점)', 'null', '③ 파급효과 및 지속발전 가능도\n (자원봉사활성화 기여도, 시민들의 참여도 강화, 확대 가능성)', '객관식'),
	('item_061', 'evaluation_1', 'eva_index_6', '사업평가 (60점)', 'null', '④ 사회문제 반영 및 해결 정도', '객관식'),
	('item_062', 'evaluation_1', 'eva_index_6', '신청 예산의 적절성 (20점)', 'null', '① 신청 예산의 타당성(사업계획 수행에 맞는 예산내역)', '객관식'),
	('item_063', 'evaluation_1', 'eva_index_6', '신청 예산의 적절성 (20점)', 'null', '② 자체 부담의 비율(자부담이 맞는지 여부, 산출근거의 타당성)', '객관식'),
	('item_064', 'evaluation_1', 'eva_index_7', '광고사업자의 수행능력', '해당 광고사업에 참여할 인력구성', '', '객관식'),
	('item_065', 'evaluation_1', 'eva_index_7', '광고사업자의 수행능력', '최근 3년간 영업실적', '광고 수행실적', '객관식'),
	('item_066', 'evaluation_1', 'eva_index_7', '광고사업자의 수행능력', '최근 3년간 영업실적', '기타 영업실적', '객관식'),
	('item_067', 'evaluation_1', 'eva_index_7', '광고사업 계획의 실현 가능성', '제작비용 조달계획의 실현가능성', 'null', '객관식'),
	('item_068', 'evaluation_1', 'eva_index_7', '광고사업 계획의 실현 가능성', '광고주 모집방법의 실현가능성', 'null', '객관식'),
	('item_069', 'evaluation_1', 'eva_index_7', '도로명주소안내도 및 안내표지판 광고의 적합성', '도로명주소안내도의 광고의 적합성', '안내도 종류별 광고 규격의 적정성', '객관식'),
	('item_070', 'evaluation_1', 'eva_index_7', '도로명주소안내도 및 안내표지판 광고의 적합성', '도로명주소안내도의 광고의 적합성', '관고지면의 비울', '객관식'),
	('item_071', 'evaluation_1', 'eva_index_7', '도로명주소안내도 및 안내표지판 광고의 적합성', '도로명주소안내도의 광고의 적합성', '인내도 구성의 참신성', '객관식'),
	('item_072', 'evaluation_1', 'eva_index_7', '도로명주소안내도 및 안내표지판 광고의 적합성', '안내표지판의 적합성', '안내표지판 광고 디자인의 참신성', '객관식'),
	('item_073', 'evaluation_1', 'eva_index_7', '도로명주소안내도 및 안내표지판 광고의 적합성', '안내표지판의 적합성', '안내표지판 광고 구성의 적정성', '객관식'),
	('item_074', 'evaluation_1', 'eva_index_7', '그 밖에 도로명 주소사업에 대한 기여도', '목표대상(인지도 제고)의 적절성', 'null', '객관식'),
	('item_075', 'evaluation_1', 'eva_index_7', '그 밖에 도로명 주소사업에 대한 기여도', '비용대비 효과성', 'null', '객관식'),
	('item_076', 'evaluation_1', 'eva_index_7', '그 밖에 도로명 주소사업에 대한 기여도', '안내도 배포 계획의 효율성', 'null', '객관식'),
	('item_077', 'appraisal_1', 'eva_index_8', '만족도', 'null', '축제 관련 프로그램이 좋다.', '객관식'),
	('item_078', 'appraisal_1', 'eva_index_8', '만족도', 'null', '3.축제 관련 먹거리가 좋다.', '객관식'),
	('item_079', 'appraisal_1', 'eva_index_8', '만족도', 'null', '4.축제 관련 살거리가 좋다.', '객관식'),
	('item_080', 'appraisal_1', 'eva_index_8', '만족도', 'null', '5.축제 관련 사전 홍보가 잘 되있었다.', '객관식'),
	('item_081', 'appraisal_1', 'eva_index_8', '만족도', 'null', '6.축제장 내 인내 ,해설이 좋다.', '객관식'),
	('item_082', 'appraisal_1', 'eva_index_8', '만족도', 'null', '7.축제를 통행 지역문화를 알게 됬다.', '객관식'),
	('item_083', 'appraisal_1', 'eva_index_8', '만족도', 'null', '8.축제장 시설이 안전해 보였다.', '객관식'),
	('item_084', 'appraisal_1', 'eva_index_8', '만족도', 'null', '9.축제장의 접근성 및 주차장이 좋다.', '객관식'),
	('item_085', 'appraisal_1', 'eva_index_8', '만족도', 'null', '10.재방문하거나 타인에게 방문을 유도하였다.', '객관식'),
	('item_086', 'appraisal_1', 'eva_index_8', '소비지출', '교통비', '축제 개최지역에서 지추한 주유비,주차료,통행료,대중교통 요금등', '객관식'),
	('item_087', 'appraisal_1', 'eva_index_8', '소비지출', '숙박비', '민박,호텔,모텔,펜션 등', '객관식'),
	('item_088', 'appraisal_1', 'eva_index_8', '소비지출', '유흥비', '축제장 밖에서 지출한 관람료,노래방,술값 등', '객관식'),
	('item_089', 'appraisal_1', 'eva_index_8', '소비지출', '소핑비', '축제 기념품,농특산물 구입비 등', '객관식'),
	('item_090', 'appraisal_1', 'eva_index_8', '소비지출', '기타', '체험비,입장료 등 위에 언급되지 않은 비용', '객관식'),
	('item_091', 'appraisal_1', 'eva_index_8', '일반사항', 'null', '성별', '객관식'),
	('item_092', 'appraisal_1', 'eva_index_9', '성과관점', '1) 축제의 영향력 및 성과', '(1) 사회적 영향', '객관식'),
	('item_093', 'appraisal_1', 'eva_index_9', '성과관점', '1) 축제의 영향력 및 성과', '(2) 문화적 영향', '객관식'),
	('item_094', 'appraisal_1', 'eva_index_9', '성과관점', '1) 축제의 영향력 및 성과', '(3) 환경적 영향', '객관식'),
	('item_095', 'appraisal_1', 'eva_index_9', '성과관점', '2) 경제적 성과', '(4) 경제적 파급효과', '객관식'),
	('item_096', 'appraisal_1', 'eva_index_9', '성과관점', '2) 경제적 성과', '(5) 관광효과', '객관식'),
	('item_097', 'appraisal_1', 'eva_index_9', '방문객 관점', '3) 방문객 만족도', '(6) 축제프로그램의 내용 및 구성', '객관식'),
	('item_098', 'appraisal_1', 'eva_index_9', '방문객 관점', '3) 방문객 만족도', '(7) 편의시설 운영 및 진행', '객관식'),
	('item_099', 'appraisal_1', 'eva_index_9', '방문객 관점', '3) 방문객 만족도', '(8) 행사장 환경', '객관식'),
	('item_100', 'appraisal_1', 'eva_index_9', '방문객 관점', '3) 방문객 만족도', '(9) 상품의 품질', '객관식'),
	('item_101', 'appraisal_1', 'eva_index_9', '방문객 관점', '3) 방문객 만족도', '(10) 홈페이지 정보제공', '객관식'),
	('item_102', 'appraisal_1', 'eva_index_9', '내부프로세스관점', '4) 축제기획', '(11) 기획 및 운영 주체', '객관식'),
	('item_103', 'appraisal_1', 'eva_index_9', '내부프로세스관점', '5) 축제예산', '(12) 재정자립도', '객관식'),
	('item_104', 'appraisal_1', 'eva_index_9', '내부프로세스관점', '5) 축제예산', '(13) 예산 항목 구성비', '객관식'),
	('item_105', 'appraisal_1', 'eva_index_9', '내부프로세스관점', '6) 축제조직', '(14) 축제조직의 효율성', '객관식'),
	('item_106', 'appraisal_1', 'eva_index_9', '내부프로세스관점', '7) 축제홍보', '(15) 홍보의 효율성과 적절성', '객관식'),
	('item_107', 'appraisal_1', 'eva_index_9', '내부프로세스관점', '8) 지역주민 참여', '(16) 지역주민참여 및 협조수준', '객관식'),
	('item_108', 'appraisal_1', 'eva_index_9', '성장관점', '9) 학습과 성장 가능성', '(17) 축제사무국 조직의 체계성', '객관식'),
	('item_109', 'appraisal_1', 'eva_index_9', '성장관점', '9) 학습과 성장 가능성', '(18) 학습수준', '객관식'),
	('item_110', 'appraisal_1', 'eva_index_9', '성장관점', '9) 학습과 성장 가능성', '(19) 평가시스템', '객관식');
/*!40000 ALTER TABLE `52_Eva_index_item` ENABLE KEYS */;

-- 테이블 dusthgks.53_Eva_index_scoring 구조 내보내기
CREATE TABLE IF NOT EXISTS `53_Eva_index_scoring` (
  `evaindex_sco_cd` varchar(50) NOT NULL COMMENT '객관식문항점수표 코드',
  `eva_index_cd` varchar(50) DEFAULT NULL COMMENT '심사 평가지표명코드',
  `evaindex_item_cd` varchar(50) DEFAULT NULL COMMENT '항목코드',
  `scoring_criteria` varchar(50) DEFAULT NULL COMMENT '배점기준',
  `scoring` varchar(50) DEFAULT NULL COMMENT '배점',
  PRIMARY KEY (`evaindex_sco_cd`),
  KEY `FK_51_Eva_index_TO_53_Eva_index_scoring` (`eva_index_cd`),
  KEY `FK_52_Eva_index_item_TO_53_Eva_index_scoring` (`evaindex_item_cd`),
  CONSTRAINT `FK_51_Eva_index_TO_53_Eva_index_scoring` FOREIGN KEY (`eva_index_cd`) REFERENCES `51_Eva_index` (`eva_index_cd`),
  CONSTRAINT `FK_52_Eva_index_item_TO_53_Eva_index_scoring` FOREIGN KEY (`evaindex_item_cd`) REFERENCES `52_Eva_index_item` (`evaindex_item_cd`)
) ENGINE=InnoDB DEFAULT CHARSET=utf8 COMMENT='객관식문항점수표';

-- 테이블 데이터 dusthgks.53_Eva_index_scoring:~376 rows (대략적) 내보내기
/*!40000 ALTER TABLE `53_Eva_index_scoring` DISABLE KEYS */;
INSERT INTO `53_Eva_index_scoring` (`evaindex_sco_cd`, `eva_index_cd`, `evaindex_item_cd`, `scoring_criteria`, `scoring`) VALUES
	('objective_item_001', 'eva_index_1', 'item_001', 'A. 4건이상', '10'),
	('objective_item_002', 'eva_index_1', 'item_001', 'B. 3건이상', '9'),
	('objective_item_003', 'eva_index_1', 'item_001', 'C. 2건이상', '8'),
	('objective_item_004', 'eva_index_1', 'item_001', 'D.1건이상', '7'),
	('objective_item_005', 'eva_index_1', 'item_002', '세부배점 내역 별지 12 참조', '10'),
	('objective_item_006', 'eva_index_1', 'item_002', '세부배점 내역 별지 13 참조', '9'),
	('objective_item_007', 'eva_index_1', 'item_002', '세부배점 내역 별지 14 참조', '8'),
	('objective_item_008', 'eva_index_1', 'item_002', '세부배점 내역 별지 12 참조', '7'),
	('objective_item_009', 'eva_index_1', 'item_003', 'A.우수', '15'),
	('objective_item_010', 'eva_index_1', 'item_003', 'B.보통', '12'),
	('objective_item_011', 'eva_index_1', 'item_003', 'C.미흡', '8'),
	('objective_item_012', 'eva_index_1', 'item_004', 'A.우수', '15'),
	('objective_item_013', 'eva_index_1', 'item_004', 'B.보통', '12'),
	('objective_item_014', 'eva_index_1', 'item_004', 'C.미흡', '8'),
	('objective_item_015', 'eva_index_1', 'item_005', 'A.우수', '15'),
	('objective_item_016', 'eva_index_1', 'item_005', 'B.보통', '12'),
	('objective_item_017', 'eva_index_1', 'item_005', 'C.미흡', '8'),
	('objective_item_018', 'eva_index_1', 'item_006', 'A.우수', '15'),
	('objective_item_019', 'eva_index_1', 'item_006', 'B.보통', '12'),
	('objective_item_020', 'eva_index_1', 'item_006', 'C.미흡', '8'),
	('objective_item_021', 'eva_index_1', 'item_007', 'A', '20'),
	('objective_item_022', 'eva_index_1', 'item_007', 'B', '15'),
	('objective_item_023', 'eva_index_1', 'item_007', 'C', '10'),
	('objective_item_024', 'eva_index_2', 'item_008', 'A', '100점'),
	('objective_item_025', 'eva_index_2', 'item_008', 'B', '80점'),
	('objective_item_026', 'eva_index_2', 'item_008', 'C', '60점'),
	('objective_item_027', 'eva_index_2', 'item_009', 'A', '50점'),
	('objective_item_028', 'eva_index_2', 'item_009', 'B', '30점'),
	('objective_item_029', 'eva_index_2', 'item_009', 'C', '10점'),
	('objective_item_030', 'eva_index_2', 'item_010', 'A', '50점'),
	('objective_item_031', 'eva_index_2', 'item_010', 'B', '30점'),
	('objective_item_032', 'eva_index_2', 'item_010', 'C', '10점'),
	('objective_item_033', 'eva_index_2', 'item_011', 'A', '30점'),
	('objective_item_034', 'eva_index_2', 'item_011', 'B', '20점'),
	('objective_item_035', 'eva_index_2', 'item_011', 'C', '10점'),
	('objective_item_036', 'eva_index_2', 'item_012', 'A', '30점'),
	('objective_item_037', 'eva_index_2', 'item_012', 'B', '20점'),
	('objective_item_038', 'eva_index_2', 'item_012', 'C', '10점'),
	('objective_item_039', 'eva_index_2', 'item_013', 'A', '30점'),
	('objective_item_040', 'eva_index_2', 'item_013', 'B', '20점'),
	('objective_item_041', 'eva_index_2', 'item_013', 'C', '10점'),
	('objective_item_042', 'eva_index_2', 'item_014', 'A', '30점'),
	('objective_item_043', 'eva_index_2', 'item_014', 'B', '20점'),
	('objective_item_044', 'eva_index_2', 'item_014', 'C', '10점'),
	('objective_item_045', 'eva_index_2', 'item_015', 'A', '50점'),
	('objective_item_046', 'eva_index_2', 'item_015', 'B', '30점'),
	('objective_item_047', 'eva_index_2', 'item_015', 'C', '10점'),
	('objective_item_048', 'eva_index_2', 'item_016', 'A', '50점'),
	('objective_item_049', 'eva_index_2', 'item_016', 'B', '30점'),
	('objective_item_050', 'eva_index_2', 'item_016', 'C', '10점'),
	('objective_item_051', 'eva_index_2', 'item_017', 'A', '50점'),
	('objective_item_052', 'eva_index_2', 'item_017', 'B', '30점'),
	('objective_item_053', 'eva_index_2', 'item_017', 'C', '10점'),
	('objective_item_054', 'eva_index_2', 'item_018', 'A', '50점'),
	('objective_item_055', 'eva_index_2', 'item_018', 'B', '30점'),
	('objective_item_056', 'eva_index_2', 'item_018', 'C', '10점'),
	('objective_item_057', 'eva_index_2', 'item_019', 'A', '30점'),
	('objective_item_058', 'eva_index_2', 'item_019', 'B', '20점'),
	('objective_item_059', 'eva_index_2', 'item_019', 'C', '10점'),
	('objective_item_060', 'eva_index_2', 'item_020', 'A', '30점'),
	('objective_item_061', 'eva_index_2', 'item_020', 'B', '20점'),
	('objective_item_062', 'eva_index_2', 'item_020', 'C', '10점'),
	('objective_item_063', 'eva_index_2', 'item_021', 'A', '30점'),
	('objective_item_064', 'eva_index_2', 'item_021', 'B', '20점'),
	('objective_item_065', 'eva_index_2', 'item_021', 'C', '10점'),
	('objective_item_066', 'eva_index_2', 'item_022', 'A', '50점'),
	('objective_item_067', 'eva_index_2', 'item_022', 'B', '30점'),
	('objective_item_068', 'eva_index_2', 'item_022', 'C', '10점'),
	('objective_item_069', 'eva_index_2', 'item_023', 'A', '30점'),
	('objective_item_070', 'eva_index_2', 'item_023', 'B', '20점'),
	('objective_item_071', 'eva_index_2', 'item_023', 'C', '10점'),
	('objective_item_072', 'eva_index_2', 'item_024', 'A', '30점'),
	('objective_item_073', 'eva_index_2', 'item_024', 'B', '20점'),
	('objective_item_074', 'eva_index_2', 'item_024', 'C', '10점'),
	('objective_item_075', 'eva_index_2', 'item_025', 'A', '20점'),
	('objective_item_076', 'eva_index_2', 'item_025', 'B', '15점'),
	('objective_item_077', 'eva_index_2', 'item_025', 'C', '10점'),
	('objective_item_078', 'eva_index_3', 'item_026', '· 4회', '40점'),
	('objective_item_079', 'eva_index_3', 'item_026', '· 3회', '30점'),
	('objective_item_080', 'eva_index_3', 'item_026', '· 2회', '20점'),
	('objective_item_081', 'eva_index_3', 'item_026', '· 1회', '10점'),
	('objective_item_082', 'eva_index_3', 'item_027', '· 2천만원 이상', '30점'),
	('objective_item_083', 'eva_index_3', 'item_027', '· 1천만원 이상', '20점'),
	('objective_item_084', 'eva_index_3', 'item_027', '· 5백만원 이상', '10점'),
	('objective_item_085', 'eva_index_3', 'item_028', '· 여', '20점'),
	('objective_item_086', 'eva_index_3', 'item_028', '· 부', '10점'),
	('objective_item_087', 'eva_index_3', 'item_029', '· 참가', '10점'),
	('objective_item_088', 'eva_index_3', 'item_029', '· 미참가', '5점'),
	('objective_item_089', 'eva_index_4', 'item_030', '30인 이상', '5점'),
	('objective_item_090', 'eva_index_4', 'item_030', '10인 이상', '3점'),
	('objective_item_091', 'eva_index_4', 'item_030', '5인 이상', '1점'),
	('objective_item_092', 'eva_index_4', 'item_031', '10건 이상', '10점'),
	('objective_item_093', 'eva_index_4', 'item_031', '6건이상~8건 미만', '6점'),
	('objective_item_094', 'eva_index_4', 'item_031', '1건이상~4건미만', '2점'),
	('objective_item_095', 'eva_index_4', 'item_032', 'A-', '5점'),
	('objective_item_096', 'eva_index_4', 'item_032', 'BBB-', '3.5점'),
	('objective_item_097', 'eva_index_4', 'item_032', 'CCC+이하', '1.5점'),
	('objective_item_098', 'eva_index_4', 'item_033', 'A', '5점'),
	('objective_item_099', 'eva_index_4', 'item_033', 'B', '3점'),
	('objective_item_100', 'eva_index_4', 'item_033', 'C', '1점'),
	('objective_item_101', 'eva_index_4', 'item_034', 'A', '5점'),
	('objective_item_102', 'eva_index_4', 'item_034', 'B', '3점'),
	('objective_item_103', 'eva_index_4', 'item_034', 'C', '1점'),
	('objective_item_104', 'eva_index_4', 'item_035', 'A', '5점'),
	('objective_item_105', 'eva_index_4', 'item_035', 'B', '3점'),
	('objective_item_106', 'eva_index_4', 'item_035', 'C', '1점'),
	('objective_item_107', 'eva_index_4', 'item_036', 'A', '5점'),
	('objective_item_108', 'eva_index_4', 'item_036', 'B', '3점'),
	('objective_item_109', 'eva_index_4', 'item_036', 'C', '1점'),
	('objective_item_110', 'eva_index_4', 'item_037', 'A', '5점'),
	('objective_item_111', 'eva_index_4', 'item_037', 'B', '3점'),
	('objective_item_112', 'eva_index_4', 'item_037', 'C', '1점'),
	('objective_item_113', 'eva_index_4', 'item_038', 'A', '5점'),
	('objective_item_114', 'eva_index_4', 'item_038', 'B', '3점'),
	('objective_item_115', 'eva_index_4', 'item_038', 'C', '1점'),
	('objective_item_116', 'eva_index_4', 'item_039', 'A', '10점'),
	('objective_item_117', 'eva_index_4', 'item_039', 'B', '8점'),
	('objective_item_118', 'eva_index_4', 'item_039', 'C', '6점'),
	('objective_item_119', 'eva_index_4', 'item_040', 'A', '10점'),
	('objective_item_120', 'eva_index_4', 'item_040', 'B', '8점'),
	('objective_item_121', 'eva_index_4', 'item_040', 'C', '6점'),
	('objective_item_122', 'eva_index_4', 'item_041', 'A', '5점'),
	('objective_item_123', 'eva_index_4', 'item_041', 'B', '3점'),
	('objective_item_124', 'eva_index_4', 'item_041', 'C', '1점'),
	('objective_item_125', 'eva_index_4', 'item_042', 'A', '5점'),
	('objective_item_126', 'eva_index_4', 'item_042', 'B', '3점'),
	('objective_item_127', 'eva_index_4', 'item_042', 'C', '1점'),
	('objective_item_128', 'eva_index_4', 'item_043', 'A', '5점'),
	('objective_item_129', 'eva_index_4', 'item_043', 'B', '3점'),
	('objective_item_130', 'eva_index_4', 'item_043', 'C', '1점'),
	('objective_item_131', 'eva_index_4', 'item_044', 'A', '5점'),
	('objective_item_132', 'eva_index_4', 'item_044', 'B', '3점'),
	('objective_item_133', 'eva_index_4', 'item_044', 'C', '1점'),
	('objective_item_134', 'eva_index_4', 'item_045', 'A', '10점'),
	('objective_item_135', 'eva_index_4', 'item_045', 'B', '8점'),
	('objective_item_136', 'eva_index_4', 'item_045', 'C', '6점'),
	('objective_item_137', 'eva_index_5', 'item_046', 'A', '25점'),
	('objective_item_138', 'eva_index_5', 'item_046', 'B', '20점'),
	('objective_item_139', 'eva_index_5', 'item_046', 'C', '15점'),
	('objective_item_140', 'eva_index_5', 'item_047', 'A', '15점'),
	('objective_item_141', 'eva_index_5', 'item_047', 'B', '12점'),
	('objective_item_142', 'eva_index_5', 'item_047', 'C', '9점'),
	('objective_item_143', 'eva_index_5', 'item_048', 'A', '15점'),
	('objective_item_144', 'eva_index_5', 'item_048', 'B', '12점'),
	('objective_item_145', 'eva_index_5', 'item_048', 'C', '9점'),
	('objective_item_146', 'eva_index_5', 'item_049', 'A', '15점'),
	('objective_item_147', 'eva_index_5', 'item_049', 'B', '12점'),
	('objective_item_148', 'eva_index_5', 'item_049', 'C', '9점'),
	('objective_item_149', 'eva_index_5', 'item_050', 'A', '5점'),
	('objective_item_150', 'eva_index_5', 'item_050', 'B', '3점'),
	('objective_item_151', 'eva_index_5', 'item_050', 'C', '1점'),
	('objective_item_152', 'eva_index_5', 'item_051', 'A', '5점'),
	('objective_item_153', 'eva_index_5', 'item_051', 'B', '3점'),
	('objective_item_154', 'eva_index_5', 'item_051', 'C', '1점'),
	('objective_item_155', 'eva_index_5', 'item_052', 'A', '5점'),
	('objective_item_156', 'eva_index_5', 'item_052', 'B', '3점'),
	('objective_item_157', 'eva_index_5', 'item_052', 'C', '1점'),
	('objective_item_158', 'eva_index_5', 'item_053', 'A', '5점'),
	('objective_item_159', 'eva_index_5', 'item_053', 'B', '3점'),
	('objective_item_160', 'eva_index_5', 'item_053', 'C', '1점'),
	('objective_item_161', 'eva_index_5', 'item_054', 'A', '5점'),
	('objective_item_162', 'eva_index_5', 'item_054', 'B', '3점'),
	('objective_item_163', 'eva_index_5', 'item_054', 'C', '1점'),
	('objective_item_164', 'eva_index_5', 'item_055', 'A', '5점'),
	('objective_item_165', 'eva_index_5', 'item_055', 'B', '3점'),
	('objective_item_166', 'eva_index_5', 'item_055', 'C', '1점'),
	('objective_item_167', 'eva_index_6', 'item_056', 'A', '10점'),
	('objective_item_168', 'eva_index_6', 'item_056', 'B', '8점'),
	('objective_item_169', 'eva_index_6', 'item_056', 'C', '6점'),
	('objective_item_170', 'eva_index_6', 'item_057', 'A', '10점'),
	('objective_item_171', 'eva_index_6', 'item_057', 'B', '8점'),
	('objective_item_172', 'eva_index_6', 'item_057', 'C', '6점'),
	('objective_item_173', 'eva_index_6', 'item_058', 'A', '15점'),
	('objective_item_174', 'eva_index_6', 'item_058', 'B', '10점'),
	('objective_item_175', 'eva_index_6', 'item_058', 'C', '5점'),
	('objective_item_176', 'eva_index_6', 'item_059', 'A', '15점'),
	('objective_item_177', 'eva_index_6', 'item_059', 'B', '10점'),
	('objective_item_178', 'eva_index_6', 'item_059', 'C', '5점'),
	('objective_item_179', 'eva_index_6', 'item_060', 'A', '15점'),
	('objective_item_180', 'eva_index_6', 'item_060', 'B', '10점'),
	('objective_item_181', 'eva_index_6', 'item_060', 'C', '5점'),
	('objective_item_182', 'eva_index_6', 'item_061', 'A', '15점'),
	('objective_item_183', 'eva_index_6', 'item_061', 'B', '10점'),
	('objective_item_184', 'eva_index_6', 'item_061', 'C', '5점'),
	('objective_item_185', 'eva_index_6', 'item_062', 'A', '10점'),
	('objective_item_186', 'eva_index_6', 'item_062', 'B', '8점'),
	('objective_item_187', 'eva_index_6', 'item_062', 'C', '6점'),
	('objective_item_188', 'eva_index_6', 'item_063', 'A', '10점'),
	('objective_item_189', 'eva_index_6', 'item_063', 'B', '8점'),
	('objective_item_190', 'eva_index_6', 'item_063', 'C', '6점'),
	('objective_item_191', 'eva_index_7', 'item_064', 'A', '5점'),
	('objective_item_192', 'eva_index_7', 'item_064', 'B', '3점'),
	('objective_item_193', 'eva_index_7', 'item_064', 'C', '1점'),
	('objective_item_194', 'eva_index_7', 'item_065', 'A', '5점'),
	('objective_item_195', 'eva_index_7', 'item_065', 'B', '3점'),
	('objective_item_196', 'eva_index_7', 'item_065', 'C', '1점'),
	('objective_item_197', 'eva_index_7', 'item_066', 'A', '5점'),
	('objective_item_198', 'eva_index_7', 'item_066', 'B', '3점'),
	('objective_item_199', 'eva_index_7', 'item_066', 'C', '1점'),
	('objective_item_200', 'eva_index_7', 'item_067', 'A', '15점'),
	('objective_item_201', 'eva_index_7', 'item_067', 'B', '10점'),
	('objective_item_202', 'eva_index_7', 'item_067', 'C', '5점'),
	('objective_item_203', 'eva_index_7', 'item_068', 'A', '15점'),
	('objective_item_204', 'eva_index_7', 'item_068', 'B', '10점'),
	('objective_item_205', 'eva_index_7', 'item_068', 'C', '5점'),
	('objective_item_206', 'eva_index_7', 'item_069', 'A', '5점'),
	('objective_item_207', 'eva_index_7', 'item_069', 'B', '3점'),
	('objective_item_208', 'eva_index_7', 'item_069', 'C', '1점'),
	('objective_item_209', 'eva_index_7', 'item_070', 'A', '5점'),
	('objective_item_210', 'eva_index_7', 'item_070', 'B', '3점'),
	('objective_item_211', 'eva_index_7', 'item_070', 'C', '1점'),
	('objective_item_212', 'eva_index_7', 'item_071', 'A', '5점'),
	('objective_item_213', 'eva_index_7', 'item_071', 'B', '3점'),
	('objective_item_214', 'eva_index_7', 'item_071', 'C', '1점'),
	('objective_item_215', 'eva_index_7', 'item_072', 'A', '10점'),
	('objective_item_216', 'eva_index_7', 'item_072', 'B', '8점'),
	('objective_item_217', 'eva_index_7', 'item_072', 'C', '6점'),
	('objective_item_218', 'eva_index_7', 'item_073', 'A', '5점'),
	('objective_item_219', 'eva_index_7', 'item_073', 'B', '3점'),
	('objective_item_220', 'eva_index_7', 'item_073', 'C', '1점'),
	('objective_item_221', 'eva_index_7', 'item_074', 'A', '10점'),
	('objective_item_222', 'eva_index_7', 'item_074', 'B', '8점'),
	('objective_item_223', 'eva_index_7', 'item_074', 'C', '6점'),
	('objective_item_224', 'eva_index_7', 'item_075', 'A', '5점'),
	('objective_item_225', 'eva_index_7', 'item_075', 'B', '3점'),
	('objective_item_226', 'eva_index_7', 'item_075', 'C', '1점'),
	('objective_item_227', 'eva_index_7', 'item_076', 'A', '10점'),
	('objective_item_228', 'eva_index_7', 'item_076', 'B', '8점'),
	('objective_item_229', 'eva_index_7', 'item_076', 'C', '6점'),
	('objective_item_230', 'eva_index_8', 'item_077', '전혀 그렇지 않다.', '1번'),
	('objective_item_231', 'eva_index_8', 'item_077', '그렇지 않다.', '2번'),
	('objective_item_232', 'eva_index_8', 'item_077', '약간 그렇지 않다.', '3번'),
	('objective_item_233', 'eva_index_8', 'item_077', '보통이다', '4번'),
	('objective_item_234', 'eva_index_8', 'item_077', '약간 그렇다', '5번'),
	('objective_item_235', 'eva_index_8', 'item_077', '그렇다', '6번'),
	('objective_item_236', 'eva_index_8', 'item_077', '매우 그렇다.', '7번'),
	('objective_item_237', 'eva_index_8', 'item_078', '전혀 그렇지 않다.', '1번'),
	('objective_item_238', 'eva_index_8', 'item_078', '그렇지 않다.', '2번'),
	('objective_item_239', 'eva_index_8', 'item_078', '약간 그렇지 않다.', '3번'),
	('objective_item_240', 'eva_index_8', 'item_078', '보통이다', '4번'),
	('objective_item_241', 'eva_index_8', 'item_078', '약간 그렇다', '5번'),
	('objective_item_242', 'eva_index_8', 'item_078', '그렇다', '6번'),
	('objective_item_243', 'eva_index_8', 'item_078', '매우 그렇다.', '7번'),
	('objective_item_244', 'eva_index_8', 'item_079', '전혀 그렇지 않다.', '1번'),
	('objective_item_245', 'eva_index_8', 'item_079', '그렇지 않다.', '2번'),
	('objective_item_246', 'eva_index_8', 'item_079', '약간 그렇지 않다.', '3번'),
	('objective_item_247', 'eva_index_8', 'item_079', '보통이다', '4번'),
	('objective_item_248', 'eva_index_8', 'item_079', '약간 그렇다', '5번'),
	('objective_item_249', 'eva_index_8', 'item_079', '그렇다', '6번'),
	('objective_item_250', 'eva_index_8', 'item_079', '매우 그렇다.', '7번'),
	('objective_item_251', 'eva_index_8', 'item_080', '전혀 그렇지 않다.', '1번'),
	('objective_item_252', 'eva_index_8', 'item_080', '그렇지 않다.', '2번'),
	('objective_item_253', 'eva_index_8', 'item_080', '약간 그렇지 않다.', '3번'),
	('objective_item_254', 'eva_index_8', 'item_080', '보통이다', '4번'),
	('objective_item_255', 'eva_index_8', 'item_080', '약간 그렇다', '5번'),
	('objective_item_256', 'eva_index_8', 'item_080', '그렇다', '6번'),
	('objective_item_257', 'eva_index_8', 'item_080', '매우 그렇다.', '7번'),
	('objective_item_258', 'eva_index_8', 'item_081', '전혀 그렇지 않다.', '1번'),
	('objective_item_259', 'eva_index_8', 'item_081', '그렇지 않다.', '2번'),
	('objective_item_260', 'eva_index_8', 'item_081', '약간 그렇지 않다.', '3번'),
	('objective_item_261', 'eva_index_8', 'item_081', '보통이다', '4번'),
	('objective_item_262', 'eva_index_8', 'item_081', '약간 그렇다', '5번'),
	('objective_item_263', 'eva_index_8', 'item_081', '그렇다', '6번'),
	('objective_item_264', 'eva_index_8', 'item_081', '매우 그렇다.', '7번'),
	('objective_item_265', 'eva_index_8', 'item_082', '전혀 그렇지 않다.', '1번'),
	('objective_item_266', 'eva_index_8', 'item_082', '그렇지 않다.', '2번'),
	('objective_item_267', 'eva_index_8', 'item_082', '약간 그렇지 않다.', '3번'),
	('objective_item_268', 'eva_index_8', 'item_082', '보통이다', '4번'),
	('objective_item_269', 'eva_index_8', 'item_082', '약간 그렇다', '5번'),
	('objective_item_270', 'eva_index_8', 'item_082', '그렇다', '6번'),
	('objective_item_271', 'eva_index_8', 'item_082', '매우 그렇다.', '7번'),
	('objective_item_272', 'eva_index_8', 'item_083', '전혀 그렇지 않다.', '1번'),
	('objective_item_273', 'eva_index_8', 'item_083', '그렇지 않다.', '2번'),
	('objective_item_274', 'eva_index_8', 'item_083', '약간 그렇지 않다.', '3번'),
	('objective_item_275', 'eva_index_8', 'item_083', '보통이다', '4번'),
	('objective_item_276', 'eva_index_8', 'item_083', '약간 그렇다', '5번'),
	('objective_item_277', 'eva_index_8', 'item_083', '그렇다', '6번'),
	('objective_item_278', 'eva_index_8', 'item_083', '매우 그렇다.', '7번'),
	('objective_item_279', 'eva_index_8', 'item_084', '전혀 그렇지 않다.', '1번'),
	('objective_item_280', 'eva_index_8', 'item_084', '그렇지 않다.', '2번'),
	('objective_item_281', 'eva_index_8', 'item_084', '약간 그렇지 않다.', '3번'),
	('objective_item_282', 'eva_index_8', 'item_084', '보통이다', '4번'),
	('objective_item_283', 'eva_index_8', 'item_084', '약간 그렇다', '5번'),
	('objective_item_284', 'eva_index_8', 'item_084', '그렇다', '6번'),
	('objective_item_285', 'eva_index_8', 'item_084', '매우 그렇다.', '7번'),
	('objective_item_286', 'eva_index_8', 'item_085', '전혀 그렇지 않다.', '1번'),
	('objective_item_287', 'eva_index_8', 'item_085', '그렇지 않다.', '2번'),
	('objective_item_288', 'eva_index_8', 'item_085', '약간 그렇지 않다.', '3번'),
	('objective_item_289', 'eva_index_8', 'item_085', '보통이다', '4번'),
	('objective_item_290', 'eva_index_8', 'item_085', '약간 그렇다', '5번'),
	('objective_item_291', 'eva_index_8', 'item_085', '그렇다', '6번'),
	('objective_item_292', 'eva_index_8', 'item_085', '매우 그렇다.', '7번'),
	('objective_item_293', 'eva_index_8', 'item_086', '5만원미만', '1번'),
	('objective_item_294', 'eva_index_8', 'item_086', '5이상~10만원미만', '2번'),
	('objective_item_295', 'eva_index_8', 'item_086', '10이상~20미만', '3번'),
	('objective_item_296', 'eva_index_8', 'item_086', '25이상~25미만', '4번'),
	('objective_item_297', 'eva_index_8', 'item_086', '25이상', '5번'),
	('objective_item_298', 'eva_index_8', 'item_087', '5만원미만', '1번'),
	('objective_item_299', 'eva_index_8', 'item_087', '5이상~10만원미만', '2번'),
	('objective_item_300', 'eva_index_8', 'item_087', '10이상~20미만', '3번'),
	('objective_item_301', 'eva_index_8', 'item_087', '25이상~25미만', '4번'),
	('objective_item_302', 'eva_index_8', 'item_087', '25이상', '5번'),
	('objective_item_303', 'eva_index_8', 'item_088', '5만원미만', '1번'),
	('objective_item_304', 'eva_index_8', 'item_088', '5이상~10만원미만', '2번'),
	('objective_item_305', 'eva_index_8', 'item_088', '10이상~20미만', '3번'),
	('objective_item_306', 'eva_index_8', 'item_088', '25이상~25미만', '4번'),
	('objective_item_307', 'eva_index_8', 'item_088', '25이상', '5번'),
	('objective_item_308', 'eva_index_8', 'item_089', '5만원미만', '1번'),
	('objective_item_309', 'eva_index_8', 'item_089', '5이상~10만원미만', '2번'),
	('objective_item_310', 'eva_index_8', 'item_089', '10이상~20미만', '3번'),
	('objective_item_311', 'eva_index_8', 'item_089', '25이상~25미만', '4번'),
	('objective_item_312', 'eva_index_8', 'item_089', '25이상', '5번'),
	('objective_item_313', 'eva_index_8', 'item_090', '5만원미만', '1번'),
	('objective_item_314', 'eva_index_8', 'item_090', '5이상~10만원미만', '2번'),
	('objective_item_315', 'eva_index_8', 'item_090', '10이상~20미만', '3번'),
	('objective_item_316', 'eva_index_8', 'item_090', '25이상~25미만', '4번'),
	('objective_item_317', 'eva_index_8', 'item_090', '25이상', '5번'),
	('objective_item_318', 'eva_index_8', 'item_091', '남', '남'),
	('objective_item_319', 'eva_index_8', 'item_091', '녀', '녀'),
	('objective_item_320', 'eva_index_9', 'item_092', 'A', '5점'),
	('objective_item_321', 'eva_index_9', 'item_092', 'B', '3점'),
	('objective_item_322', 'eva_index_9', 'item_092', 'C', '1점'),
	('objective_item_323', 'eva_index_9', 'item_093', 'A', '5점'),
	('objective_item_324', 'eva_index_9', 'item_093', 'B', '3점'),
	('objective_item_325', 'eva_index_9', 'item_093', 'C', '1점'),
	('objective_item_326', 'eva_index_9', 'item_094', 'A', '5점'),
	('objective_item_327', 'eva_index_9', 'item_094', 'B', '3점'),
	('objective_item_328', 'eva_index_9', 'item_094', 'C', '1점'),
	('objective_item_329', 'eva_index_9', 'item_095', 'A', '5점'),
	('objective_item_330', 'eva_index_9', 'item_095', 'B', '3점'),
	('objective_item_331', 'eva_index_9', 'item_095', 'C', '1점'),
	('objective_item_332', 'eva_index_9', 'item_096', 'A', '5점'),
	('objective_item_333', 'eva_index_9', 'item_096', 'B', '3점'),
	('objective_item_334', 'eva_index_9', 'item_096', 'C', '1점'),
	('objective_item_335', 'eva_index_9', 'item_097', 'A', '5점'),
	('objective_item_336', 'eva_index_9', 'item_097', 'B', '3점'),
	('objective_item_337', 'eva_index_9', 'item_097', 'C', '1점'),
	('objective_item_338', 'eva_index_9', 'item_098', 'A', '5점'),
	('objective_item_339', 'eva_index_9', 'item_098', 'B', '3점'),
	('objective_item_340', 'eva_index_9', 'item_098', 'C', '1점'),
	('objective_item_341', 'eva_index_9', 'item_099', 'A', '5점'),
	('objective_item_342', 'eva_index_9', 'item_099', 'B', '3점'),
	('objective_item_343', 'eva_index_9', 'item_099', 'C', '1점'),
	('objective_item_344', 'eva_index_9', 'item_100', 'A', '5점'),
	('objective_item_345', 'eva_index_9', 'item_100', 'B', '3점'),
	('objective_item_346', 'eva_index_9', 'item_100', 'C', '1점'),
	('objective_item_347', 'eva_index_9', 'item_101', 'A', '5점'),
	('objective_item_348', 'eva_index_9', 'item_101', 'B', '3점'),
	('objective_item_349', 'eva_index_9', 'item_101', 'C', '1점'),
	('objective_item_350', 'eva_index_9', 'item_102', 'A', '5점'),
	('objective_item_351', 'eva_index_9', 'item_102', 'B', '3점'),
	('objective_item_352', 'eva_index_9', 'item_102', 'C', '1점'),
	('objective_item_353', 'eva_index_9', 'item_103', 'A', '5점'),
	('objective_item_354', 'eva_index_9', 'item_103', 'B', '3점'),
	('objective_item_355', 'eva_index_9', 'item_103', 'C', '1점'),
	('objective_item_356', 'eva_index_9', 'item_104', 'A', '5점'),
	('objective_item_357', 'eva_index_9', 'item_104', 'B', '3점'),
	('objective_item_358', 'eva_index_9', 'item_104', 'C', '1점'),
	('objective_item_359', 'eva_index_9', 'item_105', 'A', '5점'),
	('objective_item_360', 'eva_index_9', 'item_105', 'B', '3점'),
	('objective_item_361', 'eva_index_9', 'item_105', 'C', '1점'),
	('objective_item_362', 'eva_index_9', 'item_106', 'A', '5점'),
	('objective_item_363', 'eva_index_9', 'item_106', 'B', '3점'),
	('objective_item_364', 'eva_index_9', 'item_106', 'C', '1점'),
	('objective_item_365', 'eva_index_9', 'item_107', 'A', '10점'),
	('objective_item_366', 'eva_index_9', 'item_107', 'B', '8점'),
	('objective_item_367', 'eva_index_9', 'item_107', 'C', '6점'),
	('objective_item_368', 'eva_index_9', 'item_108', 'A', '5점'),
	('objective_item_369', 'eva_index_9', 'item_108', 'B', '3점'),
	('objective_item_370', 'eva_index_9', 'item_108', 'C', '1점'),
	('objective_item_371', 'eva_index_9', 'item_109', 'A', '5점'),
	('objective_item_372', 'eva_index_9', 'item_109', 'B', '3점'),
	('objective_item_373', 'eva_index_9', 'item_109', 'C', '1점'),
	('objective_item_374', 'eva_index_9', 'item_110', 'A', '5점'),
	('objective_item_375', 'eva_index_9', 'item_110', 'B', '3점'),
	('objective_item_376', 'eva_index_9', 'item_110', 'C', '1점');
/*!40000 ALTER TABLE `53_Eva_index_scoring` ENABLE KEYS */;

-- 테이블 dusthgks.54_Item_scoring 구조 내보내기
CREATE TABLE IF NOT EXISTS `54_Item_scoring` (
  `item_sco_cd` varchar(50) NOT NULL COMMENT '축제의 각항목배점',
  `eva_index_cd` varchar(50) DEFAULT NULL COMMENT '심사 평가지표명코드',
  `evaindex_item_cd` varchar(50) DEFAULT NULL COMMENT '항목코드',
  `evaindex_sco_cd` varchar(50) DEFAULT NULL COMMENT '객관식문항점수표 코드',
  `fest_cd` varchar(50) DEFAULT NULL COMMENT '축제코드',
  `score` int(11) DEFAULT NULL COMMENT '배점',
  PRIMARY KEY (`item_sco_cd`),
  KEY `FK_51_Eva_index_TO_54_Item_scoring` (`eva_index_cd`),
  KEY `FK_52_Eva_index_item_TO_54_Item_scoring` (`evaindex_item_cd`),
  KEY `FK_53_Eva_index_scoring_TO_54_Item_scoring` (`evaindex_sco_cd`),
  KEY `FK_18_Festival_TO_54_Item_scoring` (`fest_cd`),
  CONSTRAINT `FK_18_Festival_TO_54_Item_scoring` FOREIGN KEY (`fest_cd`) REFERENCES `18_Festival` (`fest_cd`),
  CONSTRAINT `FK_51_Eva_index_TO_54_Item_scoring` FOREIGN KEY (`eva_index_cd`) REFERENCES `51_Eva_index` (`eva_index_cd`),
  CONSTRAINT `FK_52_Eva_index_item_TO_54_Item_scoring` FOREIGN KEY (`evaindex_item_cd`) REFERENCES `52_Eva_index_item` (`evaindex_item_cd`),
  CONSTRAINT `FK_53_Eva_index_scoring_TO_54_Item_scoring` FOREIGN KEY (`evaindex_sco_cd`) REFERENCES `53_Eva_index_scoring` (`evaindex_sco_cd`)
) ENGINE=InnoDB DEFAULT CHARSET=utf8 COMMENT='축제의 각 항목배점';

-- 테이블 데이터 dusthgks.54_Item_scoring:~7 rows (대략적) 내보내기
/*!40000 ALTER TABLE `54_Item_scoring` DISABLE KEYS */;
INSERT INTO `54_Item_scoring` (`item_sco_cd`, `eva_index_cd`, `evaindex_item_cd`, `evaindex_sco_cd`, `fest_cd`, `score`) VALUES
	('item_scoring_001', 'eva_index_1', 'item_002', 'objective_item_001', 'all_fest_350136', 9),
	('item_scoring_002', 'eva_index_1', 'item_008', 'objective_item_002', 'all_fest_350136', 7),
	('item_scoring_003', 'eva_index_1', 'item_011', 'objective_item_003', 'all_fest_350136', 8),
	('item_scoring_004', 'eva_index_1', 'item_013', 'objective_item_004', 'all_fest_350136', 12),
	('item_scoring_005', 'eva_index_1', 'item_015', 'objective_item_005', 'all_fest_350136', 15),
	('item_scoring_006', 'eva_index_1', 'item_018', 'objective_item_006', 'all_fest_350136', 15),
	('item_scoring_007', 'eva_index_1', 'item_023', 'objective_item_007', 'all_fest_350136', 10);
/*!40000 ALTER TABLE `54_Item_scoring` ENABLE KEYS */;

-- 테이블 dusthgks.55_Fest_PR_Div 구조 내보내기
CREATE TABLE IF NOT EXISTS `55_Fest_PR_Div` (
  `festpr_div_cd` varchar(10) NOT NULL COMMENT '홍보방식코드',
  `festpr_div_nm` varchar(20) NOT NULL COMMENT '홍보방식구분명',
  PRIMARY KEY (`festpr_div_cd`),
  KEY `festpr_div_nm` (`festpr_div_nm`)
) ENGINE=InnoDB DEFAULT CHARSET=utf8 COMMENT='55. 홍보 방식분류';

-- 테이블 데이터 dusthgks.55_Fest_PR_Div:~9 rows (대략적) 내보내기
/*!40000 ALTER TABLE `55_Fest_PR_Div` DISABLE KEYS */;
INSERT INTO `55_Fest_PR_Div` (`festpr_div_cd`, `festpr_div_nm`) VALUES
	('PRw0008', '경품이벤트'),
	('PRw0005', '공식웹사이트'),
	('PRw0002', '방송사'),
	('PRw0001', '신문사'),
	('PRw0004', '오프라인매체'),
	('PRw0007', '오프라인행사'),
	('PRw0003', '온라인매체(sns 및 포털)'),
	('PRw0006', '인물'),
	('PRw0009', '홍보대행용역');
/*!40000 ALTER TABLE `55_Fest_PR_Div` ENABLE KEYS */;

-- 테이블 dusthgks.56_Fest_PR_Promotion 구조 내보내기
CREATE TABLE IF NOT EXISTS `56_Fest_PR_Promotion` (
  `festpr_pro_cd` varchar(50) NOT NULL COMMENT '홍보상세코드',
  `areacity_admin_cd` varchar(50) DEFAULT NULL COMMENT '모든 행정기관코드',
  `area_cd` varchar(50) DEFAULT NULL COMMENT '전국지역코드',
  `area_city_cd` varchar(50) DEFAULT NULL COMMENT '모든 지역 시군코드',
  `fest_cd` varchar(50) DEFAULT NULL COMMENT '축제코드',
  `festpr_div_cd` varchar(50) DEFAULT NULL COMMENT '홍보방식코드',
  `man_com_cd` varchar(50) DEFAULT NULL COMMENT '위원회코드',
  `acc_mem_cd` varchar(50) DEFAULT NULL COMMENT '하나의 거래처별 소속 회원코드',
  `fesrev_bud_cd` varchar(50) DEFAULT NULL COMMENT '모든축제세입세출예산관리코드',
  `cat_acc_cd` varchar(50) DEFAULT NULL COMMENT '거래처코드',
  `fest_nm` varchar(20) DEFAULT NULL COMMENT '축제명',
  `festpr_pro_nm` varchar(20) NOT NULL COMMENT '매체명',
  `festpr_pro_detail` varchar(100) DEFAULT NULL COMMENT '홍보내용상세',
  `fprpro_order_dt` date NOT NULL COMMENT '홍보제작일',
  `fprpro_start_dt` date NOT NULL COMMENT '홍보시작일',
  `fprpro_end_dt` date DEFAULT NULL COMMENT '홍보종료일',
  `festpr_pro_place` varchar(50) DEFAULT NULL COMMENT '장소/배포처',
  `festpr_pro_amt` int(10) NOT NULL COMMENT '수량',
  `festpr_pro_attach` blob COMMENT '첨부파일',
  `group_cd` varchar(10) NOT NULL COMMENT '세입세출상세_그룹코드',
  `action_dt` date NOT NULL COMMENT '마감일',
  `action_status` char(1) NOT NULL COMMENT '마감유무',
  `festpr_pro_expense` int(10) NOT NULL COMMENT '금액',
  `festpr_pro_etc` varchar(100) DEFAULT NULL COMMENT '비고',
  `insert_dt` date NOT NULL COMMENT '작성일',
  PRIMARY KEY (`festpr_pro_cd`),
  KEY `FK_55_Fest_PR_Div_TO_56_Fest_PR_Promotion` (`festpr_div_cd`),
  KEY `FK_01_Area_TO_56_Fest_PR_Promotion` (`area_cd`),
  KEY `FK_02_Area_City_TO_56_Fest_PR_Promotion` (`area_city_cd`),
  KEY `FK_03_Area_City_Admin_TO_56_Fest_PR_Promotion` (`areacity_admin_cd`),
  KEY `FK_18_Festival_TO_56_Fest_PR_Promotion` (`fest_cd`),
  KEY `FK_12_Account_Member_TO_56_Fest_PR_Promotion` (`acc_mem_cd`),
  KEY `FK_13_Man_Com_TO_56_Fest_PR_Promotion` (`man_com_cd`),
  KEY `FK_10_Cat_Account_TO_56_Fest_PR_Promotion` (`cat_acc_cd`),
  KEY `FK_16_Fes_revExp_Bud_TO_56_Fest_PR_Promotion` (`fesrev_bud_cd`),
  CONSTRAINT `FK_01_Area_TO_56_Fest_PR_Promotion` FOREIGN KEY (`area_cd`) REFERENCES `01_Area` (`area_cd`),
  CONSTRAINT `FK_02_Area_City_TO_56_Fest_PR_Promotion` FOREIGN KEY (`area_city_cd`) REFERENCES `02_Area_City` (`area_city_cd`),
  CONSTRAINT `FK_03_Area_City_Admin_TO_56_Fest_PR_Promotion` FOREIGN KEY (`areacity_admin_cd`) REFERENCES `03_Area_City_Admin` (`areacity_admin_cd`),
  CONSTRAINT `FK_10_Cat_Account_TO_56_Fest_PR_Promotion` FOREIGN KEY (`cat_acc_cd`) REFERENCES `10_Cat_Account` (`cat_acc_cd`),
  CONSTRAINT `FK_12_Account_Member_TO_56_Fest_PR_Promotion` FOREIGN KEY (`acc_mem_cd`) REFERENCES `12_Account_Member` (`acc_mem_cd`),
  CONSTRAINT `FK_13_Man_Com_TO_56_Fest_PR_Promotion` FOREIGN KEY (`man_com_cd`) REFERENCES `13_Man_Com` (`man_com_cd`),
  CONSTRAINT `FK_16_Fes_revExp_Bud_TO_56_Fest_PR_Promotion` FOREIGN KEY (`fesrev_bud_cd`) REFERENCES `16_Fes_revExp_Bud` (`fesrev_bud_cd`),
  CONSTRAINT `FK_18_Festival_TO_56_Fest_PR_Promotion` FOREIGN KEY (`fest_cd`) REFERENCES `18_Festival` (`fest_cd`),
  CONSTRAINT `FK_55_Fest_PR_Div_TO_56_Fest_PR_Promotion` FOREIGN KEY (`festpr_div_cd`) REFERENCES `55_Fest_PR_Div` (`festpr_div_cd`)
) ENGINE=InnoDB DEFAULT CHARSET=utf8 COMMENT='56. 홍보 상세관리';

-- 테이블 데이터 dusthgks.56_Fest_PR_Promotion:~14 rows (대략적) 내보내기
/*!40000 ALTER TABLE `56_Fest_PR_Promotion` DISABLE KEYS */;
INSERT INTO `56_Fest_PR_Promotion` (`festpr_pro_cd`, `areacity_admin_cd`, `area_cd`, `area_city_cd`, `fest_cd`, `festpr_div_cd`, `man_com_cd`, `acc_mem_cd`, `fesrev_bud_cd`, `cat_acc_cd`, `fest_nm`, `festpr_pro_nm`, `festpr_pro_detail`, `fprpro_order_dt`, `fprpro_start_dt`, `fprpro_end_dt`, `festpr_pro_place`, `festpr_pro_amt`, `festpr_pro_attach`, `group_cd`, `action_dt`, `action_status`, `festpr_pro_expense`, `festpr_pro_etc`, `insert_dt`) VALUES
	('festpr_pro_001', 'admin_35', '35', '35010', 'all_fest_350136', 'PRw0001', 'man_com_019', 'acc_mem_017', 'fesrev_bud010', 'catacc_049', '전주세계소리축제', '중앙일보', '신문전면광고', '2019-09-19', '2019-10-01', '2019-10-01', '전국', 1, _binary '', '', '0000-00-00', '', 7700, '', '2019-09-19'),
	('festpr_pro_002', 'admin_35', '35', '35010', 'all_fest_350136', 'PRw0006', 'man_com_019', 'acc_mem_017', 'fesrev_bud010', 'catacc_049', '전주세계소리축제', '축제전문가 김철수', '행사참여', '2019-10-13', '2019-10-13', '2019-10-13', '전주시청 컨벤션홀', 1, _binary '', '', '0000-00-00', '', 5000, '행사 사회자', '2019-10-13'),
	('festpr_pro_003', 'admin_35', '35', '35010', 'all_fest_350136', 'PRw0004', 'man_com_019', 'acc_mem_017', 'fesrev_bud010', 'catacc_049', '전주세계소리축제', '전주시내버스 정류장화면', '30초 스팟영상광고', '2019-10-15', '2019-10-20', '2019-10-30', '전주시내 버스정류장 300여곳', 1, _binary '', '', '0000-00-00', '', 5000, '', '2019-10-15'),
	('festpr_pro_004', 'admin_35', '35', '35010', 'all_fest_350136', 'PRw0003', 'man_com_019', 'acc_mem_017', 'fesrev_bud010', 'catacc_049', '전주세계소리축제', '공식홈페이지', '웹사이트', '2019-08-01', '2019-08-30', '2020-07-31', 'www.sori.com', 1, _binary '', '', '0000-00-00', '', 11000, '', '2019-08-01'),
	('festpr_pro_005', 'admin_35', '35', '35010', 'all_fest_350136', 'PRw0002', 'man_com_019', 'acc_mem_017', 'fesrev_bud010', 'catacc_049', '전주세계소리축제', 'KBS 아침뉴스', '홍보인터뷰30초 방송', '2019-10-02', '2019-10-02', '2019-10-02', '', 1, _binary '', '', '0000-00-00', '', 0, '', '2019-10-02'),
	('festpr_pro_006', 'admin_35', '35', '35010', 'all_fest_350136', 'PRw0003', 'man_com_019', 'acc_mem_017', 'fesrev_bud010', 'catacc_049', '전주세계소리축제', '트위터', '트위터 프로모션 광고', '2019-11-01', '2019-11-01', '2019-11-01', '', 1, _binary '', '', '0000-00-00', '', 5000, '', '2019-11-01'),
	('festpr_pro_007', 'admin_35', '35', '35010', 'all_fest_350136', 'PRw0004', 'man_com_019', 'acc_mem_017', 'fesrev_bud010', 'catacc_049', '전주세계소리축제', '지류인쇄물', '리플렛', '2019-09-20', '2019-10-01', '0000-00-00', '전라북도 공공기관', 2000, _binary '', '', '0000-00-00', '', 4000, 'a5, 2단컬러인쇄', '2019-09-20'),
	('festpr_pro_008', 'admin_35', '35', '35010', 'all_fest_350136', 'PRw0004', 'man_com_019', 'acc_mem_017', 'fesrev_bud010', 'catacc_049', '전주세계소리축제', '현수막', '가로등 배너', '2019-09-10', '2019-10-01', '2019-12-31', '전주시내 10곳 가로등', 10, _binary '', '', '0000-00-00', '', 500, '90*3000, 컬러인쇄', '2019-09-10'),
	('festpr_pro_009', 'admin_35', '35', '35010', 'all_fest_350136', 'PRw0007', 'man_com_019', 'acc_mem_017', 'fesrev_bud010', 'catacc_049', '전주세계소리축제', '컨벤션행사', '축제소개발표회', '2019-10-01', '2019-10-01', '2019-10-01', '전주시청 대강당', 1, _binary '', '', '0000-00-00', '', 6000, '내외신기자,관계자 200여명', '2019-10-01'),
	('festpr_pro_010', 'admin_35', '35', '35010', 'all_fest_350136', 'PRw0007', 'man_com_019', 'acc_mem_017', 'fesrev_bud010', 'catacc_049', '전주세계소리축제', '컨벤션행사', '후원회의 밤', '2019-10-13', '2019-10-13', '2019-10-13', '전주 컨벤션 그랜드볼룸', 1, _binary '', '', '0000-00-00', '', 15000, '후원자 150명', '2019-10-13'),
	('festpr_pro_011', 'admin_35', '35', '35010', 'all_fest_350136', 'PRw0007', 'man_com_019', 'acc_mem_017', 'fesrev_bud010', 'catacc_049', '전주세계소리축제', '거리홍보', '축제로 오세요', '2019-10-13', '2019-10-20', '2019-10-30', '', 1, _binary '', '', '0000-00-00', '', 1000, '축제서포터즈 30명', '2019-10-13'),
	('festpr_pro_012', 'admin_35', '35', '35010', 'all_fest_350136', 'PRw0008', 'man_com_019', 'acc_mem_017', 'fesrev_bud010', 'catacc_049', '전주세계소리축제', '축제 현장이벤트', '축제 스템프투어', '2019-10-01', '2019-10-01', '2019-12-01', '', 20, _binary '', '', '0000-00-00', '', 600, '발표2019-12-10, 선정미완료', '2019-10-01'),
	('festpr_pro_013', 'admin_35', '35', '35010', 'all_fest_350136', 'PRw0008', 'man_com_019', 'acc_mem_017', 'fesrev_bud010', 'catacc_049', '전주세계소리축제', 'sns전체', 'SNS에 축제를 올려봐요', '2020-01-15', '2019-10-02', '2019-12-02', '', 50, _binary '', '', '0000-00-00', '', 250, '발표2019-12-11, 선정미완료', '2020-01-15'),
	('festpr_pro_014', 'admin_35', '35', '35010', 'all_fest_350136', 'PRw0008', 'man_com_019', 'acc_mem_017', 'fesrev_bud010', 'catacc_049', '전주세계소리축제', 'sns전체', '홍보글에 좋아요를 눌러주세요', '2019-11-15', '2019-10-03', '2019-12-03', '', 10, _binary '', '', '0000-00-00', '', 200, '발표2019-12-12, 선정미완료', '2019-11-15');
/*!40000 ALTER TABLE `56_Fest_PR_Promotion` ENABLE KEYS */;

-- 테이블 dusthgks.57_Fest_PR_Eventwinner 구조 내보내기
CREATE TABLE IF NOT EXISTS `57_Fest_PR_Eventwinner` (
  `festpr_eve_cd` varchar(50) NOT NULL COMMENT '이벤트당첨자',
  `areacity_admin_cd` varchar(50) DEFAULT NULL COMMENT '모든 행정기관코드',
  `area_cd` varchar(50) DEFAULT NULL COMMENT '전국지역코드',
  `area_city_cd` varchar(50) DEFAULT NULL COMMENT '모든 지역 시군코드',
  `fest_cd` varchar(50) DEFAULT NULL COMMENT '축제코드',
  `festpr_pro_cd` varchar(50) DEFAULT NULL COMMENT '홍보상세코드',
  `man_com_cd` varchar(50) DEFAULT NULL COMMENT '위원회코드',
  `fest_nm` varchar(20) DEFAULT NULL COMMENT '축제명',
  `festpr_eve_nm` varchar(20) NOT NULL COMMENT '이름',
  `festpr_eve_phone` varchar(20) NOT NULL COMMENT '연락처',
  `festpr_eve_addr` varchar(50) NOT NULL COMMENT '주소',
  `festpreve_deli_dt` date NOT NULL COMMENT '경품전달일',
  `festpr_eve_no` varchar(5) NOT NULL COMMENT '당첨자번호',
  `festpr_eve_etc` varchar(30) DEFAULT NULL COMMENT '비고',
  `insert_dt` date NOT NULL COMMENT '작성일',
  PRIMARY KEY (`festpr_eve_cd`),
  KEY `FK_56_Fest_PR_Promotion_TO_57_Fest_PR_Eventwinner` (`festpr_pro_cd`),
  KEY `FK_01_Area_TO_57_Fest_PR_Eventwinner` (`area_cd`),
  KEY `FK_02_Area_City_TO_57_Fest_PR_Eventwinner` (`area_city_cd`),
  KEY `FK_03_Area_City_Admin_TO_57_Fest_PR_Eventwinner` (`areacity_admin_cd`),
  KEY `FK_18_Festival_TO_57_Fest_PR_Eventwinner` (`fest_cd`),
  KEY `FK_13_Man_Com_TO_57_Fest_PR_Eventwinner` (`man_com_cd`),
  CONSTRAINT `FK_01_Area_TO_57_Fest_PR_Eventwinner` FOREIGN KEY (`area_cd`) REFERENCES `01_Area` (`area_cd`),
  CONSTRAINT `FK_02_Area_City_TO_57_Fest_PR_Eventwinner` FOREIGN KEY (`area_city_cd`) REFERENCES `02_Area_City` (`area_city_cd`),
  CONSTRAINT `FK_03_Area_City_Admin_TO_57_Fest_PR_Eventwinner` FOREIGN KEY (`areacity_admin_cd`) REFERENCES `03_Area_City_Admin` (`areacity_admin_cd`),
  CONSTRAINT `FK_13_Man_Com_TO_57_Fest_PR_Eventwinner` FOREIGN KEY (`man_com_cd`) REFERENCES `13_Man_Com` (`man_com_cd`),
  CONSTRAINT `FK_18_Festival_TO_57_Fest_PR_Eventwinner` FOREIGN KEY (`fest_cd`) REFERENCES `18_Festival` (`fest_cd`),
  CONSTRAINT `FK_56_Fest_PR_Promotion_TO_57_Fest_PR_Eventwinner` FOREIGN KEY (`festpr_pro_cd`) REFERENCES `56_Fest_PR_Promotion` (`festpr_pro_cd`)
) ENGINE=InnoDB DEFAULT CHARSET=utf8 COMMENT='57. 홍보 상세 경품이벤트 - 당첨자관리';

-- 테이블 데이터 dusthgks.57_Fest_PR_Eventwinner:~4 rows (대략적) 내보내기
/*!40000 ALTER TABLE `57_Fest_PR_Eventwinner` DISABLE KEYS */;
INSERT INTO `57_Fest_PR_Eventwinner` (`festpr_eve_cd`, `areacity_admin_cd`, `area_cd`, `area_city_cd`, `fest_cd`, `festpr_pro_cd`, `man_com_cd`, `fest_nm`, `festpr_eve_nm`, `festpr_eve_phone`, `festpr_eve_addr`, `festpreve_deli_dt`, `festpr_eve_no`, `festpr_eve_etc`, `insert_dt`) VALUES
	('evpt00001', 'admin_35', '35', '35010', 'all_fest_350136', 'festpr_pro_013', 'man_com_019', '전주세계소리축제', '강희영', '010-9158-1513', '전북 전주시 완산구', '2019-11-16', '1', '', '0000-00-00'),
	('evpt00002', 'admin_35', '35', '35010', 'all_fest_350136', 'festpr_pro_013', 'man_com_019', '전주세계소리축제', '최영희', '010-4492-4514', '서울 강남구', '2019-11-16', '2', '', '0000-00-00'),
	('evpt00003', 'admin_35', '35', '35010', 'all_fest_350136', 'festpr_pro_013', 'man_com_019', '전주세계소리축제', '김수미', '010-4656-4112', '부산 북구', '2019-11-16', '3', '', '0000-00-00'),
	('evpt00004', 'admin_35', '35', '35010', 'all_fest_350136', 'festpr_pro_013', 'man_com_019', '전주세계소리축제', '최민호', '010-9632-8564', '전북 전주시 완산구', '2019-11-16', '4', '', '0000-00-00');
/*!40000 ALTER TABLE `57_Fest_PR_Eventwinner` ENABLE KEYS */;

-- 테이블 dusthgks.58_Fest_Schedule 구조 내보내기
CREATE TABLE IF NOT EXISTS `58_Fest_Schedule` (
  `fest_sch_cd` varchar(10) NOT NULL COMMENT '축제계획실행일정관리코드',
  `areacity_admin_cd` varchar(50) DEFAULT NULL COMMENT '모든 행정기관코드',
  `area_cd` varchar(50) DEFAULT NULL COMMENT '전국지역코드',
  `area_city_cd` varchar(50) DEFAULT NULL COMMENT '모든 지역 시군코드',
  `fest_cd` varchar(50) DEFAULT NULL COMMENT '축제코드',
  `man_com_cd` varchar(50) DEFAULT NULL COMMENT '위원회코드',
  `acc_mem_cd` varchar(50) DEFAULT NULL COMMENT '하나의 거래처별 소속 회원코드',
  `fescon_man_cd` varchar(50) DEFAULT NULL COMMENT '모든축제계약관리코드',
  `fest_nm` varchar(20) DEFAULT NULL COMMENT '축제명',
  `fest_sch_no` varchar(2) NOT NULL COMMENT '확인차수',
  `fest_sch_dt` date NOT NULL COMMENT '날짜',
  `fest_sche_nm` varchar(20) NOT NULL COMMENT '일정명',
  `fest_sche_task` varchar(300) NOT NULL COMMENT '내용',
  `fest_sch_comment` varchar(200) DEFAULT NULL COMMENT '담당자피드백',
  `fest_sch_etc` varchar(200) DEFAULT NULL COMMENT '비고',
  `fest_sch_attach` blob COMMENT '첨부파일',
  `insert_dt` date NOT NULL COMMENT '작성일',
  PRIMARY KEY (`fest_sch_cd`),
  KEY `FK_02_Area_City_TO_58_Fest_Schedule` (`area_city_cd`),
  KEY `FK_01_Area_TO_58_Fest_Schedule` (`area_cd`),
  KEY `FK_03_Area_City_Admin_TO_58_Fest_Schedule` (`areacity_admin_cd`),
  KEY `FK_18_Festival_TO_58_Fest_Schedule` (`fest_cd`),
  KEY `FK_13_Man_Com_TO_58_Fest_Schedule` (`man_com_cd`),
  KEY `FK_12_Account_Member_TO_58_Fest_Schedule` (`acc_mem_cd`),
  KEY `FK_27_Fes_Con_Man_TO_58_Fest_Schedule` (`fescon_man_cd`),
  CONSTRAINT `FK_01_Area_TO_58_Fest_Schedule` FOREIGN KEY (`area_cd`) REFERENCES `01_Area` (`area_cd`),
  CONSTRAINT `FK_02_Area_City_TO_58_Fest_Schedule` FOREIGN KEY (`area_city_cd`) REFERENCES `02_Area_City` (`area_city_cd`),
  CONSTRAINT `FK_03_Area_City_Admin_TO_58_Fest_Schedule` FOREIGN KEY (`areacity_admin_cd`) REFERENCES `03_Area_City_Admin` (`areacity_admin_cd`),
  CONSTRAINT `FK_12_Account_Member_TO_58_Fest_Schedule` FOREIGN KEY (`acc_mem_cd`) REFERENCES `12_Account_Member` (`acc_mem_cd`),
  CONSTRAINT `FK_13_Man_Com_TO_58_Fest_Schedule` FOREIGN KEY (`man_com_cd`) REFERENCES `13_Man_Com` (`man_com_cd`),
  CONSTRAINT `FK_18_Festival_TO_58_Fest_Schedule` FOREIGN KEY (`fest_cd`) REFERENCES `18_Festival` (`fest_cd`),
  CONSTRAINT `FK_27_Fes_Con_Man_TO_58_Fest_Schedule` FOREIGN KEY (`fescon_man_cd`) REFERENCES `27_Fes_Con_Man` (`fescon_man_cd`)
) ENGINE=InnoDB DEFAULT CHARSET=utf8 COMMENT='58. 부서별 축제 실행 일정관리';

-- 테이블 데이터 dusthgks.58_Fest_Schedule:~0 rows (대략적) 내보내기
/*!40000 ALTER TABLE `58_Fest_Schedule` DISABLE KEYS */;
/*!40000 ALTER TABLE `58_Fest_Schedule` ENABLE KEYS */;

-- 테이블 dusthgks.59_Com_App 구조 내보내기
CREATE TABLE IF NOT EXISTS `59_Com_App` (
  `com_app_cd` varchar(50) NOT NULL COMMENT '위원회참가신청서관리',
  `areacity_admin_cd` varchar(50) DEFAULT NULL COMMENT '모든 행정기관코드',
  `area_city_cd` varchar(50) DEFAULT NULL COMMENT '모든 지역 시군코드',
  `area_cd` varchar(50) DEFAULT NULL COMMENT '전국지역코드',
  `fest_cd` varchar(50) DEFAULT NULL COMMENT '축제코드',
  `fes_ann_cd` varchar(50) DEFAULT NULL COMMENT '모든축제공고코드',
  `man_com_cd` varchar(50) DEFAULT NULL COMMENT '위원회코드',
  `exa_rep_cd` varchar(50) DEFAULT NULL COMMENT '모든 심사 결과',
  `com_app_nm` int(11) DEFAULT NULL COMMENT '이름',
  `com_app_phone` varchar(50) DEFAULT NULL COMMENT '연락처',
  `com_app_add` varchar(50) DEFAULT NULL COMMENT '주소',
  `com_app_job` varchar(50) DEFAULT NULL COMMENT '소속',
  `com_app_email` varchar(50) DEFAULT NULL COMMENT '이메일주소',
  `com_app_edu` varchar(50) DEFAULT NULL COMMENT '최종학력',
  `com_app_car` varchar(50) DEFAULT NULL COMMENT '경력',
  `com_app_result` varchar(50) DEFAULT NULL COMMENT '위원회활동실적',
  `com_app_dt1` date DEFAULT NULL COMMENT '신청일',
  `com_app_sel` varchar(50) DEFAULT NULL COMMENT '합격여부',
  `com_app_dt2` date DEFAULT NULL COMMENT '합격일자',
  PRIMARY KEY (`com_app_cd`),
  KEY `FK_01_Area_TO_59_Com_App` (`area_cd`),
  KEY `FK_02_Area_City_TO_59_Com_App` (`area_city_cd`),
  KEY `FK_03_Area_City_Admin_TO_59_Com_App` (`areacity_admin_cd`),
  KEY `FK_18_Festival_TO_59_Com_App` (`fest_cd`),
  KEY `FK_42_Festival_Ann_TO_59_Com_App` (`fes_ann_cd`),
  KEY `FK_13_Man_Com_TO_59_Com_App` (`man_com_cd`),
  KEY `FK_23_Exa_Report_TO_59_Com_App` (`exa_rep_cd`),
  CONSTRAINT `FK_01_Area_TO_59_Com_App` FOREIGN KEY (`area_cd`) REFERENCES `01_Area` (`area_cd`),
  CONSTRAINT `FK_02_Area_City_TO_59_Com_App` FOREIGN KEY (`area_city_cd`) REFERENCES `02_Area_City` (`area_city_cd`),
  CONSTRAINT `FK_03_Area_City_Admin_TO_59_Com_App` FOREIGN KEY (`areacity_admin_cd`) REFERENCES `03_Area_City_Admin` (`areacity_admin_cd`),
  CONSTRAINT `FK_13_Man_Com_TO_59_Com_App` FOREIGN KEY (`man_com_cd`) REFERENCES `13_Man_Com` (`man_com_cd`),
  CONSTRAINT `FK_18_Festival_TO_59_Com_App` FOREIGN KEY (`fest_cd`) REFERENCES `18_Festival` (`fest_cd`),
  CONSTRAINT `FK_23_Exa_Report_TO_59_Com_App` FOREIGN KEY (`exa_rep_cd`) REFERENCES `23_Exa_Report` (`exa_rep_cd`),
  CONSTRAINT `FK_42_Festival_Ann_TO_59_Com_App` FOREIGN KEY (`fes_ann_cd`) REFERENCES `42_Festival_Ann` (`fes_ann_cd`)
) ENGINE=InnoDB DEFAULT CHARSET=utf8 COMMENT='위원회 참가 신청서 관리';

-- 테이블 데이터 dusthgks.59_Com_App:~0 rows (대략적) 내보내기
/*!40000 ALTER TABLE `59_Com_App` DISABLE KEYS */;
/*!40000 ALTER TABLE `59_Com_App` ENABLE KEYS */;

/*!40101 SET SQL_MODE=IFNULL(@OLD_SQL_MODE, '') */;
/*!40014 SET FOREIGN_KEY_CHECKS=IF(@OLD_FOREIGN_KEY_CHECKS IS NULL, 1, @OLD_FOREIGN_KEY_CHECKS) */;
/*!40101 SET CHARACTER_SET_CLIENT=@OLD_CHARACTER_SET_CLIENT */;
